2026-10-09 02:03:02,726 - INFO - Starting configuration: T50_N0.1_D2_DF5
2026-10-09 02:03:02,769 - WARNING - VAR+DY failed on rep 0: boolean index did not match indexed array along axis 0; size of axis is 400 but size of corresponding boolean axis is 10000
2026-10-09 02:03:04,692 - WARNING - CoVaR failed on rep 0: boolean index did not match indexed array along axis 0; size of axis is 400 but size of corresponding boolean axis is 10000
2026-10-09 02:03:04,699 - WARNING - GNN failed on rep 0: PyTorch not installed. Cannot use GNN method.
2026-10-09 02:03:04,702 - INFO - Completed: T50_N0.1_D2_DF5
2026-10-09 02:05:08,242 - INFO - Starting configuration: T50_N0.1_D2_DF5
2026-10-09 02:05:10,474 - WARNING - DebtRank failed on rep 0: name 'W_true' is not defined
2026-10-09 02:05:10,474 - WARNING - GNN failed on rep 0: PyTorch not installed. Cannot use GNN method.
2026-10-09 02:06:16,640 - INFO - Starting configuration: T50_N0.1_D2_DF5
2026-10-09 02:06:18,313 - WARNING - GNN failed on rep 0: PyTorch not installed. Cannot use GNN method.
2026-10-09 02:06:18,319 - INFO - Completed: T50_N0.1_D2_DF5
2026-10-09 02:09:15,446 - INFO - Starting configuration: T50_N0.1_D2_DF5
2026-10-09 02:09:17,197 - WARNING - GNN failed on rep 0: PyTorch not installed. Cannot use GNN method.
2026-10-09 02:09:18,238 - WARNING - GNN failed on rep 1: PyTorch not installed. Cannot use GNN method.
2026-10-09 02:09:19,292 - WARNING - GNN failed on rep 2: PyTorch not installed. Cannot use GNN method.
2026-10-09 02:09:20,294 - WARNING - GNN failed on rep 3: PyTorch not installed. Cannot use GNN method.
2026-10-09 02:09:21,306 - WARNING - GNN failed on rep 4: PyTorch not installed. Cannot use GNN method.
2026-10-09 02:09:22,308 - WARNING - GNN failed on rep 5: PyTorch not installed. Cannot use GNN method.
2026-10-09 02:09:23,334 - WARNING - GNN failed on rep 6: PyTorch not installed. Cannot use GNN method.
2026-10-09 02:09:24,456 - WARNING - GNN failed on rep 7: PyTorch not installed. Cannot use GNN method.
2026-10-09 02:09:25,623 - WARNING - GNN failed on rep 8: PyTorch not installed. Cannot use GNN method.
2026-10-09 02:09:26,853 - WARNING - GNN failed on rep 9: PyTorch not installed. Cannot use GNN method.
2026-10-09 02:09:26,857 - INFO - Completed: T50_N0.1_D2_DF5
2026-10-09 02:09:26,857 - INFO - Starting configuration: T100_N0.1_D2_DF5
2026-10-09 02:09:28,758 - WARNING - GNN failed on rep 0: PyTorch not installed. Cannot use GNN method.
2026-10-09 02:09:29,953 - WARNING - GNN failed on rep 1: PyTorch not installed. Cannot use GNN method.
2026-10-09 02:09:31,044 - WARNING - GNN failed on rep 2: PyTorch not installed. Cannot use GNN method.
2026-10-09 02:09:32,115 - WARNING - GNN failed on rep 3: PyTorch not installed. Cannot use GNN method.
2026-10-09 02:09:33,155 - WARNING - GNN failed on rep 4: PyTorch not installed. Cannot use GNN method.
2026-10-09 02:09:34,190 - WARNING - GNN failed on rep 5: PyTorch not installed. Cannot use GNN method.
2026-10-09 02:09:35,476 - WARNING - GNN failed on rep 6: PyTorch not installed. Cannot use GNN method.
2026-10-09 02:09:36,560 - WARNING - GNN failed on rep 7: PyTorch not installed. Cannot use GNN method.
2026-10-09 02:09:37,768 - WARNING - GNN failed on rep 8: PyTorch not installed. Cannot use GNN method.
2026-10-09 02:09:38,935 - WARNING - GNN failed on rep 9: PyTorch not installed. Cannot use GNN method.
2026-10-09 02:09:38,940 - INFO - Completed: T100_N0.1_D2_DF5
2026-10-09 02:09:38,941 - INFO - Starting configuration: T150_N0.1_D2_DF5
2026-10-09 02:09:40,085 - WARNING - GNN failed on rep 0: PyTorch not installed. Cannot use GNN method.
2026-10-09 02:09:41,176 - WARNING - GNN failed on rep 1: PyTorch not installed. Cannot use GNN method.
2026-10-09 02:09:42,269 - WARNING - GNN failed on rep 2: PyTorch not installed. Cannot use GNN method.
2026-10-09 02:09:43,358 - WARNING - GNN failed on rep 3: PyTorch not installed. Cannot use GNN method.
2026-10-09 02:09:44,512 - WARNING - GNN failed on rep 4: PyTorch not installed. Cannot use GNN method.
2026-10-09 02:09:45,589 - WARNING - GNN failed on rep 5: PyTorch not installed. Cannot use GNN method.
2026-10-09 02:09:46,672 - WARNING - GNN failed on rep 6: PyTorch not installed. Cannot use GNN method.
2026-10-09 02:09:47,760 - WARNING - GNN failed on rep 7: PyTorch not installed. Cannot use GNN method.
2026-10-09 02:09:48,861 - WARNING - GNN failed on rep 8: PyTorch not installed. Cannot use GNN method.
2026-10-09 02:09:49,952 - WARNING - GNN failed on rep 9: PyTorch not installed. Cannot use GNN method.
2026-10-09 02:09:49,957 - INFO - Completed: T150_N0.1_D2_DF5
2026-10-09 02:09:49,957 - INFO - Starting configuration: T200_N0.1_D2_DF5
2026-10-09 02:09:51,138 - WARNING - GNN failed on rep 0: PyTorch not installed. Cannot use GNN method.
2026-10-09 02:09:52,240 - WARNING - GNN failed on rep 1: PyTorch not installed. Cannot use GNN method.
2026-10-09 02:09:53,317 - WARNING - GNN failed on rep 2: PyTorch not installed. Cannot use GNN method.
2026-10-09 02:09:54,397 - WARNING - GNN failed on rep 3: PyTorch not installed. Cannot use GNN method.
2026-10-09 02:09:55,502 - WARNING - GNN failed on rep 4: PyTorch not installed. Cannot use GNN method.
2026-10-09 02:09:56,584 - WARNING - GNN failed on rep 5: PyTorch not installed. Cannot use GNN method.
2026-10-09 02:09:57,811 - WARNING - GNN failed on rep 6: PyTorch not installed. Cannot use GNN method.
2026-10-09 02:09:58,898 - WARNING - GNN failed on rep 7: PyTorch not installed. Cannot use GNN method.
2026-10-09 02:09:59,998 - WARNING - GNN failed on rep 8: PyTorch not installed. Cannot use GNN method.
2026-10-09 02:10:01,117 - WARNING - GNN failed on rep 9: PyTorch not installed. Cannot use GNN method.
2026-10-09 02:10:01,122 - INFO - Completed: T200_N0.1_D2_DF5
2026-10-09 02:10:01,123 - INFO - Starting configuration: T250_N0.1_D2_DF5
2026-10-09 02:10:02,347 - WARNING - GNN failed on rep 0: PyTorch not installed. Cannot use GNN method.
2026-10-09 02:10:03,463 - WARNING - GNN failed on rep 1: PyTorch not installed. Cannot use GNN method.
2026-10-09 02:10:04,589 - WARNING - GNN failed on rep 2: PyTorch not installed. Cannot use GNN method.
2026-10-09 02:10:05,728 - WARNING - GNN failed on rep 3: PyTorch not installed. Cannot use GNN method.
2026-10-09 02:10:06,851 - WARNING - GNN failed on rep 4: PyTorch not installed. Cannot use GNN method.
2026-10-09 02:10:07,994 - WARNING - GNN failed on rep 5: PyTorch not installed. Cannot use GNN method.
2026-10-09 02:10:09,134 - WARNING - GNN failed on rep 6: PyTorch not installed. Cannot use GNN method.
2026-10-09 02:10:10,261 - WARNING - GNN failed on rep 7: PyTorch not installed. Cannot use GNN method.
2026-10-09 02:10:11,645 - WARNING - GNN failed on rep 8: PyTorch not installed. Cannot use GNN method.
2026-10-09 02:10:12,913 - WARNING - GNN failed on rep 9: PyTorch not installed. Cannot use GNN method.
2026-10-09 02:10:12,917 - INFO - Completed: T250_N0.1_D2_DF5
2026-10-09 02:10:52,293 - INFO - Starting full study: 90 configurations
2026-10-09 02:10:52,296 - INFO - Configuration 1/90
2026-10-09 02:10:52,296 - INFO - Starting configuration: T50_N0.1_D2_DF3
2026-10-09 02:10:53,508 - WARNING - GNN failed on rep 0: PyTorch not installed. Cannot use GNN method.
2026-10-09 02:10:54,468 - WARNING - GNN failed on rep 1: PyTorch not installed. Cannot use GNN method.
2026-10-09 02:10:55,388 - WARNING - GNN failed on rep 2: PyTorch not installed. Cannot use GNN method.
2026-10-09 02:10:56,372 - WARNING - GNN failed on rep 3: PyTorch not installed. Cannot use GNN method.
2026-10-09 02:10:57,315 - WARNING - GNN failed on rep 4: PyTorch not installed. Cannot use GNN method.
2026-10-09 02:10:58,257 - WARNING - GNN failed on rep 5: PyTorch not installed. Cannot use GNN method.
2026-10-09 02:10:59,189 - WARNING - GNN failed on rep 6: PyTorch not installed. Cannot use GNN method.
2026-10-09 02:11:00,147 - WARNING - GNN failed on rep 7: PyTorch not installed. Cannot use GNN method.
2026-10-09 02:11:01,102 - WARNING - GNN failed on rep 8: PyTorch not installed. Cannot use GNN method.
2026-10-09 02:11:02,070 - WARNING - GNN failed on rep 9: PyTorch not installed. Cannot use GNN method.
2026-10-09 02:11:03,033 - WARNING - GNN failed on rep 10: PyTorch not installed. Cannot use GNN method.
2026-10-09 02:11:04,096 - WARNING - GNN failed on rep 11: PyTorch not installed. Cannot use GNN method.
2026-10-09 02:11:05,040 - WARNING - GNN failed on rep 12: PyTorch not installed. Cannot use GNN method.
2026-10-09 02:11:05,993 - WARNING - GNN failed on rep 13: PyTorch not installed. Cannot use GNN method.
2026-10-09 02:11:06,956 - WARNING - GNN failed on rep 14: PyTorch not installed. Cannot use GNN method.
2026-10-09 02:11:07,910 - WARNING - GNN failed on rep 15: PyTorch not installed. Cannot use GNN method.
2026-10-09 02:11:08,894 - WARNING - GNN failed on rep 16: PyTorch not installed. Cannot use GNN method.
2026-10-09 02:11:09,839 - WARNING - GNN failed on rep 17: PyTorch not installed. Cannot use GNN method.
2026-10-09 02:11:10,964 - WARNING - GNN failed on rep 18: PyTorch not installed. Cannot use GNN method.
2026-10-09 02:11:12,261 - WARNING - GNN failed on rep 19: PyTorch not installed. Cannot use GNN method.
2026-10-09 02:11:13,442 - WARNING - GNN failed on rep 20: PyTorch not installed. Cannot use GNN method.
2026-10-09 02:11:14,463 - WARNING - GNN failed on rep 21: PyTorch not installed. Cannot use GNN method.
2026-10-09 02:11:15,486 - WARNING - GNN failed on rep 22: PyTorch not installed. Cannot use GNN method.
2026-10-09 02:11:16,508 - WARNING - GNN failed on rep 23: PyTorch not installed. Cannot use GNN method.
2026-10-09 02:11:17,504 - WARNING - GNN failed on rep 24: PyTorch not installed. Cannot use GNN method.
2026-10-09 02:11:18,487 - WARNING - GNN failed on rep 25: PyTorch not installed. Cannot use GNN method.
2026-10-09 02:11:19,474 - WARNING - GNN failed on rep 26: PyTorch not installed. Cannot use GNN method.
2026-10-09 02:11:20,495 - WARNING - GNN failed on rep 27: PyTorch not installed. Cannot use GNN method.
2026-10-09 02:11:21,583 - WARNING - GNN failed on rep 28: PyTorch not installed. Cannot use GNN method.
2026-10-09 02:11:23,123 - WARNING - GNN failed on rep 29: PyTorch not installed. Cannot use GNN method.
2026-10-09 02:11:24,199 - WARNING - GNN failed on rep 30: PyTorch not installed. Cannot use GNN method.
2026-10-09 02:11:25,214 - WARNING - GNN failed on rep 31: PyTorch not installed. Cannot use GNN method.
2026-10-09 02:11:26,253 - WARNING - GNN failed on rep 32: PyTorch not installed. Cannot use GNN method.
2026-10-09 02:11:27,232 - WARNING - GNN failed on rep 33: PyTorch not installed. Cannot use GNN method.
2026-10-09 02:11:28,890 - WARNING - GNN failed on rep 34: PyTorch not installed. Cannot use GNN method.
2026-10-09 02:11:29,883 - WARNING - GNN failed on rep 35: PyTorch not installed. Cannot use GNN method.
2026-10-09 02:11:30,856 - WARNING - GNN failed on rep 36: PyTorch not installed. Cannot use GNN method.
2026-10-09 02:11:31,869 - WARNING - GNN failed on rep 37: PyTorch not installed. Cannot use GNN method.
2026-10-09 02:11:32,858 - WARNING - GNN failed on rep 38: PyTorch not installed. Cannot use GNN method.
2026-10-09 02:11:33,926 - WARNING - GNN failed on rep 39: PyTorch not installed. Cannot use GNN method.
2026-10-09 02:11:34,944 - WARNING - GNN failed on rep 40: PyTorch not installed. Cannot use GNN method.
2026-10-09 02:11:35,908 - WARNING - GNN failed on rep 41: PyTorch not installed. Cannot use GNN method.
2026-10-09 02:11:36,928 - WARNING - GNN failed on rep 42: PyTorch not installed. Cannot use GNN method.
2026-10-09 02:11:37,918 - WARNING - GNN failed on rep 43: PyTorch not installed. Cannot use GNN method.
2026-10-09 02:11:38,928 - WARNING - GNN failed on rep 44: PyTorch not installed. Cannot use GNN method.
2026-10-09 02:11:39,951 - WARNING - GNN failed on rep 45: PyTorch not installed. Cannot use GNN method.
2026-10-09 02:11:40,998 - WARNING - GNN failed on rep 46: PyTorch not installed. Cannot use GNN method.
2026-10-09 02:11:42,141 - WARNING - GNN failed on rep 47: PyTorch not installed. Cannot use GNN method.
2026-10-09 02:11:43,157 - WARNING - GNN failed on rep 48: PyTorch not installed. Cannot use GNN method.
2026-10-09 02:11:44,168 - WARNING - GNN failed on rep 49: PyTorch not installed. Cannot use GNN method.
2026-10-09 02:11:45,195 - WARNING - GNN failed on rep 50: PyTorch not installed. Cannot use GNN method.
2026-10-09 02:11:46,213 - WARNING - GNN failed on rep 51: PyTorch not installed. Cannot use GNN method.
2026-10-09 02:11:47,233 - WARNING - GNN failed on rep 52: PyTorch not installed. Cannot use GNN method.
2026-10-09 02:11:48,253 - WARNING - GNN failed on rep 53: PyTorch not installed. Cannot use GNN method.
2026-10-09 02:11:49,338 - WARNING - GNN failed on rep 54: PyTorch not installed. Cannot use GNN method.
2026-10-09 02:11:50,360 - WARNING - GNN failed on rep 55: PyTorch not installed. Cannot use GNN method.
2026-10-09 02:11:51,446 - WARNING - GNN failed on rep 56: PyTorch not installed. Cannot use GNN method.
2026-10-09 02:11:52,479 - WARNING - GNN failed on rep 57: PyTorch not installed. Cannot use GNN method.
2026-10-09 02:11:53,557 - WARNING - GNN failed on rep 58: PyTorch not installed. Cannot use GNN method.
2026-10-09 02:11:54,579 - WARNING - GNN failed on rep 59: PyTorch not installed. Cannot use GNN method.
2026-10-09 02:11:55,632 - WARNING - GNN failed on rep 60: PyTorch not installed. Cannot use GNN method.
2026-10-09 02:11:56,695 - WARNING - GNN failed on rep 61: PyTorch not installed. Cannot use GNN method.
2026-10-09 02:11:57,715 - WARNING - GNN failed on rep 62: PyTorch not installed. Cannot use GNN method.
2026-10-09 02:11:58,707 - WARNING - GNN failed on rep 63: PyTorch not installed. Cannot use GNN method.
2026-10-09 02:11:59,764 - WARNING - GNN failed on rep 64: PyTorch not installed. Cannot use GNN method.
2026-10-09 02:12:00,954 - WARNING - GNN failed on rep 65: PyTorch not installed. Cannot use GNN method.
2026-10-09 02:12:01,998 - WARNING - GNN failed on rep 66: PyTorch not installed. Cannot use GNN method.
2026-10-09 02:12:03,104 - WARNING - GNN failed on rep 67: PyTorch not installed. Cannot use GNN method.
2026-10-09 02:12:04,109 - WARNING - GNN failed on rep 68: PyTorch not installed. Cannot use GNN method.
2026-10-09 02:12:05,162 - WARNING - GNN failed on rep 69: PyTorch not installed. Cannot use GNN method.
2026-10-09 02:12:06,363 - WARNING - GNN failed on rep 70: PyTorch not installed. Cannot use GNN method.
2026-10-09 02:12:07,376 - WARNING - GNN failed on rep 71: PyTorch not installed. Cannot use GNN method.
2026-10-09 02:12:08,434 - WARNING - GNN failed on rep 72: PyTorch not installed. Cannot use GNN method.
2026-10-09 02:12:09,459 - WARNING - GNN failed on rep 73: PyTorch not installed. Cannot use GNN method.
2026-10-09 02:12:10,517 - WARNING - GNN failed on rep 74: PyTorch not installed. Cannot use GNN method.
2026-10-09 02:12:11,549 - WARNING - GNN failed on rep 75: PyTorch not installed. Cannot use GNN method.
2026-10-09 02:12:12,624 - WARNING - GNN failed on rep 76: PyTorch not installed. Cannot use GNN method.
2026-10-09 02:12:13,638 - WARNING - GNN failed on rep 77: PyTorch not installed. Cannot use GNN method.
2026-10-09 02:12:14,716 - WARNING - GNN failed on rep 78: PyTorch not installed. Cannot use GNN method.
2026-10-09 02:12:15,724 - WARNING - GNN failed on rep 79: PyTorch not installed. Cannot use GNN method.
2026-10-09 02:12:16,752 - WARNING - GNN failed on rep 80: PyTorch not installed. Cannot use GNN method.
2026-10-09 02:12:17,788 - WARNING - GNN failed on rep 81: PyTorch not installed. Cannot use GNN method.
2026-10-09 02:12:18,779 - WARNING - GNN failed on rep 82: PyTorch not installed. Cannot use GNN method.
2026-10-09 02:12:19,952 - WARNING - GNN failed on rep 83: PyTorch not installed. Cannot use GNN method.
2026-10-09 02:12:20,994 - WARNING - GNN failed on rep 84: PyTorch not installed. Cannot use GNN method.
2026-10-09 02:12:22,005 - WARNING - GNN failed on rep 85: PyTorch not installed. Cannot use GNN method.
2026-10-09 02:12:23,045 - WARNING - GNN failed on rep 86: PyTorch not installed. Cannot use GNN method.
2026-10-09 02:12:24,080 - WARNING - GNN failed on rep 87: PyTorch not installed. Cannot use GNN method.
2026-10-09 02:12:25,097 - WARNING - GNN failed on rep 88: PyTorch not installed. Cannot use GNN method.
2026-10-09 02:12:26,108 - WARNING - GNN failed on rep 89: PyTorch not installed. Cannot use GNN method.
2026-10-09 02:12:27,110 - WARNING - GNN failed on rep 90: PyTorch not installed. Cannot use GNN method.
2026-10-09 02:12:28,601 - WARNING - GNN failed on rep 91: PyTorch not installed. Cannot use GNN method.
2026-10-09 02:12:29,613 - WARNING - GNN failed on rep 92: PyTorch not installed. Cannot use GNN method.
2026-10-09 02:12:30,668 - WARNING - GNN failed on rep 93: PyTorch not installed. Cannot use GNN method.
2026-10-09 02:12:31,728 - WARNING - GNN failed on rep 94: PyTorch not installed. Cannot use GNN method.
2026-10-09 02:12:32,770 - WARNING - GNN failed on rep 95: PyTorch not installed. Cannot use GNN method.
2026-10-09 02:12:34,524 - WARNING - GNN failed on rep 96: PyTorch not installed. Cannot use GNN method.
2026-10-09 02:12:36,651 - WARNING - GNN failed on rep 97: PyTorch not installed. Cannot use GNN method.
2026-10-09 02:12:39,185 - WARNING - GNN failed on rep 98: PyTorch not installed. Cannot use GNN method.
2026-10-09 02:12:40,873 - WARNING - GNN failed on rep 99: PyTorch not installed. Cannot use GNN method.
2026-10-09 02:12:40,884 - INFO - Completed: T50_N0.1_D2_DF3
2026-10-09 02:12:40,888 - INFO - Configuration 2/90
2026-10-09 02:12:40,888 - INFO - Starting configuration: T50_N0.1_D4_DF3
2026-10-09 02:12:43,331 - WARNING - GNN failed on rep 0: PyTorch not installed. Cannot use GNN method.
2026-10-09 02:12:45,382 - WARNING - GNN failed on rep 1: PyTorch not installed. Cannot use GNN method.
2026-10-09 02:12:47,475 - WARNING - GNN failed on rep 2: PyTorch not installed. Cannot use GNN method.
2026-10-09 02:12:49,766 - WARNING - GNN failed on rep 3: PyTorch not installed. Cannot use GNN method.
2026-10-09 02:12:51,918 - WARNING - GNN failed on rep 4: PyTorch not installed. Cannot use GNN method.
2026-10-09 02:12:54,121 - WARNING - GNN failed on rep 5: PyTorch not installed. Cannot use GNN method.
2026-10-09 02:12:55,442 - WARNING - GNN failed on rep 6: PyTorch not installed. Cannot use GNN method.
2026-10-09 02:12:56,491 - WARNING - GNN failed on rep 7: PyTorch not installed. Cannot use GNN method.
2026-10-09 02:12:57,550 - WARNING - GNN failed on rep 8: PyTorch not installed. Cannot use GNN method.
2026-10-09 02:12:58,669 - WARNING - GNN failed on rep 9: PyTorch not installed. Cannot use GNN method.
2026-10-09 02:12:59,742 - WARNING - GNN failed on rep 10: PyTorch not installed. Cannot use GNN method.
2026-10-09 02:13:00,820 - WARNING - GNN failed on rep 11: PyTorch not installed. Cannot use GNN method.
2026-10-09 02:13:01,891 - WARNING - GNN failed on rep 12: PyTorch not installed. Cannot use GNN method.
2026-10-09 02:13:02,939 - WARNING - GNN failed on rep 13: PyTorch not installed. Cannot use GNN method.
2026-10-09 02:13:04,012 - WARNING - GNN failed on rep 14: PyTorch not installed. Cannot use GNN method.
2026-10-09 02:13:05,095 - WARNING - GNN failed on rep 15: PyTorch not installed. Cannot use GNN method.
2026-10-09 02:13:06,331 - WARNING - GNN failed on rep 16: PyTorch not installed. Cannot use GNN method.
2026-10-09 02:13:07,595 - WARNING - GNN failed on rep 17: PyTorch not installed. Cannot use GNN method.
2026-10-09 02:13:08,656 - WARNING - GNN failed on rep 18: PyTorch not installed. Cannot use GNN method.
2026-10-09 02:13:09,706 - WARNING - GNN failed on rep 19: PyTorch not installed. Cannot use GNN method.
2026-10-09 02:13:10,748 - WARNING - GNN failed on rep 20: PyTorch not installed. Cannot use GNN method.
2026-10-09 02:13:11,809 - WARNING - GNN failed on rep 21: PyTorch not installed. Cannot use GNN method.
2026-10-09 02:13:12,889 - WARNING - GNN failed on rep 22: PyTorch not installed. Cannot use GNN method.
2026-10-09 02:13:13,917 - WARNING - GNN failed on rep 23: PyTorch not installed. Cannot use GNN method.
2026-10-09 02:13:14,965 - WARNING - GNN failed on rep 24: PyTorch not installed. Cannot use GNN method.
2026-10-09 02:13:16,035 - WARNING - GNN failed on rep 25: PyTorch not installed. Cannot use GNN method.
2026-10-09 02:13:17,093 - WARNING - GNN failed on rep 26: PyTorch not installed. Cannot use GNN method.
2026-10-09 02:13:18,151 - WARNING - GNN failed on rep 27: PyTorch not installed. Cannot use GNN method.
2026-10-09 02:13:19,198 - WARNING - GNN failed on rep 28: PyTorch not installed. Cannot use GNN method.
2026-10-09 02:13:20,220 - WARNING - GNN failed on rep 29: PyTorch not installed. Cannot use GNN method.
2026-10-09 02:13:21,264 - WARNING - GNN failed on rep 30: PyTorch not installed. Cannot use GNN method.
2026-10-09 02:13:22,289 - WARNING - GNN failed on rep 31: PyTorch not installed. Cannot use GNN method.
2026-10-09 02:13:23,357 - WARNING - GNN failed on rep 32: PyTorch not installed. Cannot use GNN method.
2026-10-09 02:13:24,408 - WARNING - GNN failed on rep 33: PyTorch not installed. Cannot use GNN method.
2026-10-09 02:13:25,567 - WARNING - GNN failed on rep 34: PyTorch not installed. Cannot use GNN method.
2026-10-09 02:13:26,652 - WARNING - GNN failed on rep 35: PyTorch not installed. Cannot use GNN method.
2026-10-09 02:13:28,335 - WARNING - GNN failed on rep 36: PyTorch not installed. Cannot use GNN method.
2026-10-09 02:13:29,379 - WARNING - GNN failed on rep 37: PyTorch not installed. Cannot use GNN method.
2026-10-09 02:13:30,462 - WARNING - GNN failed on rep 38: PyTorch not installed. Cannot use GNN method.
2026-10-09 02:13:31,526 - WARNING - GNN failed on rep 39: PyTorch not installed. Cannot use GNN method.
2026-10-09 02:13:32,617 - WARNING - GNN failed on rep 40: PyTorch not installed. Cannot use GNN method.
2026-10-09 02:13:33,742 - WARNING - GNN failed on rep 41: PyTorch not installed. Cannot use GNN method.
2026-10-09 02:13:34,876 - WARNING - GNN failed on rep 42: PyTorch not installed. Cannot use GNN method.
2026-10-09 02:13:35,983 - WARNING - GNN failed on rep 43: PyTorch not installed. Cannot use GNN method.
2026-10-09 02:13:37,035 - WARNING - GNN failed on rep 44: PyTorch not installed. Cannot use GNN method.
2026-10-09 02:13:38,073 - WARNING - GNN failed on rep 45: PyTorch not installed. Cannot use GNN method.
2026-10-09 02:13:39,126 - WARNING - GNN failed on rep 46: PyTorch not installed. Cannot use GNN method.
2026-10-09 02:13:40,213 - WARNING - GNN failed on rep 47: PyTorch not installed. Cannot use GNN method.
2026-10-09 02:13:41,991 - WARNING - GNN failed on rep 48: PyTorch not installed. Cannot use GNN method.
2026-10-09 02:13:43,255 - WARNING - GNN failed on rep 49: PyTorch not installed. Cannot use GNN method.
2026-10-09 02:13:44,292 - WARNING - GNN failed on rep 50: PyTorch not installed. Cannot use GNN method.
2026-10-09 02:13:45,464 - WARNING - GNN failed on rep 51: PyTorch not installed. Cannot use GNN method.
2026-10-09 02:13:46,487 - WARNING - GNN failed on rep 52: PyTorch not installed. Cannot use GNN method.
2026-10-09 02:13:47,523 - WARNING - GNN failed on rep 53: PyTorch not installed. Cannot use GNN method.
2026-10-09 02:13:48,584 - WARNING - GNN failed on rep 54: PyTorch not installed. Cannot use GNN method.
2026-10-09 02:13:49,650 - WARNING - GNN failed on rep 55: PyTorch not installed. Cannot use GNN method.
2026-10-09 02:13:50,661 - WARNING - GNN failed on rep 56: PyTorch not installed. Cannot use GNN method.
2026-10-09 02:13:51,782 - WARNING - GNN failed on rep 57: PyTorch not installed. Cannot use GNN method.
2026-10-09 02:13:52,810 - WARNING - GNN failed on rep 58: PyTorch not installed. Cannot use GNN method.
2026-10-09 02:13:53,855 - WARNING - GNN failed on rep 59: PyTorch not installed. Cannot use GNN method.
2026-10-09 02:13:54,882 - WARNING - GNN failed on rep 60: PyTorch not installed. Cannot use GNN method.
2026-10-09 02:13:55,919 - WARNING - GNN failed on rep 61: PyTorch not installed. Cannot use GNN method.
2026-10-09 02:13:56,951 - WARNING - GNN failed on rep 62: PyTorch not installed. Cannot use GNN method.
2026-10-09 02:13:58,006 - WARNING - GNN failed on rep 63: PyTorch not installed. Cannot use GNN method.
2026-10-09 02:13:59,072 - WARNING - GNN failed on rep 64: PyTorch not installed. Cannot use GNN method.
2026-10-09 02:14:00,239 - WARNING - GNN failed on rep 65: PyTorch not installed. Cannot use GNN method.
2026-10-09 02:14:01,403 - WARNING - GNN failed on rep 66: PyTorch not installed. Cannot use GNN method.
2026-10-09 02:14:02,440 - WARNING - GNN failed on rep 67: PyTorch not installed. Cannot use GNN method.
2026-10-09 02:14:03,623 - WARNING - GNN failed on rep 68: PyTorch not installed. Cannot use GNN method.
2026-10-09 02:14:04,706 - WARNING - GNN failed on rep 69: PyTorch not installed. Cannot use GNN method.
2026-10-09 02:14:05,721 - WARNING - GNN failed on rep 70: PyTorch not installed. Cannot use GNN method.
2026-10-09 02:14:06,754 - WARNING - GNN failed on rep 71: PyTorch not installed. Cannot use GNN method.
2026-10-09 02:14:07,769 - WARNING - GNN failed on rep 72: PyTorch not installed. Cannot use GNN method.
2026-10-09 02:14:08,806 - WARNING - GNN failed on rep 73: PyTorch not installed. Cannot use GNN method.
2026-10-09 02:14:09,886 - WARNING - GNN failed on rep 74: PyTorch not installed. Cannot use GNN method.
2026-10-09 02:14:10,941 - WARNING - GNN failed on rep 75: PyTorch not installed. Cannot use GNN method.
2026-10-09 02:14:11,982 - WARNING - GNN failed on rep 76: PyTorch not installed. Cannot use GNN method.
2026-10-09 02:14:13,060 - WARNING - GNN failed on rep 77: PyTorch not installed. Cannot use GNN method.
2026-10-09 02:14:14,133 - WARNING - GNN failed on rep 78: PyTorch not installed. Cannot use GNN method.
2026-10-09 02:14:15,188 - WARNING - GNN failed on rep 79: PyTorch not installed. Cannot use GNN method.
2026-10-09 02:14:16,226 - WARNING - GNN failed on rep 80: PyTorch not installed. Cannot use GNN method.
2026-10-09 02:14:17,247 - WARNING - GNN failed on rep 81: PyTorch not installed. Cannot use GNN method.
2026-10-09 02:14:18,305 - WARNING - GNN failed on rep 82: PyTorch not installed. Cannot use GNN method.
2026-10-09 02:14:19,330 - WARNING - GNN failed on rep 83: PyTorch not installed. Cannot use GNN method.
2026-10-09 02:14:20,408 - WARNING - GNN failed on rep 84: PyTorch not installed. Cannot use GNN method.
2026-10-09 02:14:21,462 - WARNING - GNN failed on rep 85: PyTorch not installed. Cannot use GNN method.
2026-10-09 02:14:22,588 - WARNING - GNN failed on rep 86: PyTorch not installed. Cannot use GNN method.
2026-10-09 02:14:23,625 - WARNING - GNN failed on rep 87: PyTorch not installed. Cannot use GNN method.
2026-10-09 02:14:24,687 - WARNING - GNN failed on rep 88: PyTorch not installed. Cannot use GNN method.
2026-10-09 02:14:25,720 - WARNING - GNN failed on rep 89: PyTorch not installed. Cannot use GNN method.
2026-10-09 02:14:26,774 - WARNING - GNN failed on rep 90: PyTorch not installed. Cannot use GNN method.
2026-10-09 02:14:28,451 - WARNING - GNN failed on rep 91: PyTorch not installed. Cannot use GNN method.
2026-10-09 02:14:29,494 - WARNING - GNN failed on rep 92: PyTorch not installed. Cannot use GNN method.
2026-10-09 02:14:30,547 - WARNING - GNN failed on rep 93: PyTorch not installed. Cannot use GNN method.
2026-10-09 02:14:31,556 - WARNING - GNN failed on rep 94: PyTorch not installed. Cannot use GNN method.
2026-10-09 02:14:32,602 - WARNING - GNN failed on rep 95: PyTorch not installed. Cannot use GNN method.
2026-10-09 02:14:33,617 - WARNING - GNN failed on rep 96: PyTorch not installed. Cannot use GNN method.
2026-10-09 02:14:34,621 - WARNING - GNN failed on rep 97: PyTorch not installed. Cannot use GNN method.
2026-10-09 02:14:35,670 - WARNING - GNN failed on rep 98: PyTorch not installed. Cannot use GNN method.
2026-10-09 02:14:36,702 - WARNING - GNN failed on rep 99: PyTorch not installed. Cannot use GNN method.
2026-10-09 02:14:36,711 - INFO - Completed: T50_N0.1_D4_DF3
2026-10-09 02:14:36,715 - INFO - Configuration 3/90
2026-10-09 02:14:36,716 - INFO - Starting configuration: T50_N0.1_D2_DF5
2026-10-09 02:14:38,060 - WARNING - GNN failed on rep 0: PyTorch not installed. Cannot use GNN method.
2026-10-09 02:14:39,064 - WARNING - GNN failed on rep 1: PyTorch not installed. Cannot use GNN method.
2026-10-09 02:14:40,265 - WARNING - GNN failed on rep 2: PyTorch not installed. Cannot use GNN method.
2026-10-09 02:14:41,340 - WARNING - GNN failed on rep 3: PyTorch not installed. Cannot use GNN method.
2026-10-09 02:14:42,471 - WARNING - GNN failed on rep 4: PyTorch not installed. Cannot use GNN method.
2026-10-09 02:14:43,569 - WARNING - GNN failed on rep 5: PyTorch not installed. Cannot use GNN method.
2026-10-09 02:14:44,610 - WARNING - GNN failed on rep 6: PyTorch not installed. Cannot use GNN method.
2026-10-09 02:14:45,656 - WARNING - GNN failed on rep 7: PyTorch not installed. Cannot use GNN method.
2026-10-09 02:14:46,730 - WARNING - GNN failed on rep 8: PyTorch not installed. Cannot use GNN method.
2026-10-09 02:14:47,796 - WARNING - GNN failed on rep 9: PyTorch not installed. Cannot use GNN method.
2026-10-09 02:14:48,811 - WARNING - GNN failed on rep 10: PyTorch not installed. Cannot use GNN method.
2026-10-09 02:14:49,814 - WARNING - GNN failed on rep 11: PyTorch not installed. Cannot use GNN method.
2026-10-09 02:14:50,861 - WARNING - GNN failed on rep 12: PyTorch not installed. Cannot use GNN method.
2026-10-09 02:14:51,913 - WARNING - GNN failed on rep 13: PyTorch not installed. Cannot use GNN method.
2026-10-09 02:14:53,085 - WARNING - GNN failed on rep 14: PyTorch not installed. Cannot use GNN method.
2026-10-09 02:14:54,410 - WARNING - GNN failed on rep 15: PyTorch not installed. Cannot use GNN method.
2026-10-09 02:14:55,507 - WARNING - GNN failed on rep 16: PyTorch not installed. Cannot use GNN method.
2026-10-09 02:14:56,514 - WARNING - GNN failed on rep 17: PyTorch not installed. Cannot use GNN method.
2026-10-09 02:14:57,541 - WARNING - GNN failed on rep 18: PyTorch not installed. Cannot use GNN method.
2026-10-09 02:14:58,683 - WARNING - GNN failed on rep 19: PyTorch not installed. Cannot use GNN method.
2026-10-09 02:14:59,717 - WARNING - GNN failed on rep 20: PyTorch not installed. Cannot use GNN method.
2026-10-09 02:15:00,758 - WARNING - GNN failed on rep 21: PyTorch not installed. Cannot use GNN method.
2026-10-09 02:15:01,808 - WARNING - GNN failed on rep 22: PyTorch not installed. Cannot use GNN method.
2026-10-09 02:15:02,858 - WARNING - GNN failed on rep 23: PyTorch not installed. Cannot use GNN method.
2026-10-09 02:15:03,932 - WARNING - GNN failed on rep 24: PyTorch not installed. Cannot use GNN method.
2026-10-09 02:15:05,147 - WARNING - GNN failed on rep 25: PyTorch not installed. Cannot use GNN method.
2026-10-09 02:15:06,214 - WARNING - GNN failed on rep 26: PyTorch not installed. Cannot use GNN method.
2026-10-09 02:15:07,337 - WARNING - GNN failed on rep 27: PyTorch not installed. Cannot use GNN method.
2026-10-09 02:15:08,490 - WARNING - GNN failed on rep 28: PyTorch not installed. Cannot use GNN method.
2026-10-09 02:15:09,537 - WARNING - GNN failed on rep 29: PyTorch not installed. Cannot use GNN method.
2026-10-09 02:15:10,566 - WARNING - GNN failed on rep 30: PyTorch not installed. Cannot use GNN method.
2026-10-09 02:15:11,746 - WARNING - GNN failed on rep 31: PyTorch not installed. Cannot use GNN method.
2026-10-09 02:15:12,838 - WARNING - GNN failed on rep 32: PyTorch not installed. Cannot use GNN method.
2026-10-09 02:15:14,111 - WARNING - GNN failed on rep 33: PyTorch not installed. Cannot use GNN method.
2026-10-09 02:15:15,388 - WARNING - GNN failed on rep 34: PyTorch not installed. Cannot use GNN method.
2026-10-09 02:15:16,574 - WARNING - GNN failed on rep 35: PyTorch not installed. Cannot use GNN method.
2026-10-09 02:15:17,759 - WARNING - GNN failed on rep 36: PyTorch not installed. Cannot use GNN method.
2026-10-09 02:15:18,985 - WARNING - GNN failed on rep 37: PyTorch not installed. Cannot use GNN method.
2026-10-09 02:15:20,052 - WARNING - GNN failed on rep 38: PyTorch not installed. Cannot use GNN method.
2026-10-09 02:15:21,106 - WARNING - GNN failed on rep 39: PyTorch not installed. Cannot use GNN method.
2026-10-09 02:15:22,195 - WARNING - GNN failed on rep 40: PyTorch not installed. Cannot use GNN method.
2026-10-09 02:15:23,289 - WARNING - GNN failed on rep 41: PyTorch not installed. Cannot use GNN method.
2026-10-09 02:15:24,323 - WARNING - GNN failed on rep 42: PyTorch not installed. Cannot use GNN method.
2026-10-09 02:15:25,363 - WARNING - GNN failed on rep 43: PyTorch not installed. Cannot use GNN method.
2026-10-09 02:15:26,428 - WARNING - GNN failed on rep 44: PyTorch not installed. Cannot use GNN method.
2026-10-09 02:15:27,787 - WARNING - GNN failed on rep 45: PyTorch not installed. Cannot use GNN method.
2026-10-09 02:15:29,214 - WARNING - GNN failed on rep 46: PyTorch not installed. Cannot use GNN method.
2026-10-09 02:15:30,316 - WARNING - GNN failed on rep 47: PyTorch not installed. Cannot use GNN method.
2026-10-09 02:15:31,397 - WARNING - GNN failed on rep 48: PyTorch not installed. Cannot use GNN method.
2026-10-09 02:15:32,448 - WARNING - GNN failed on rep 49: PyTorch not installed. Cannot use GNN method.
2026-10-09 02:15:33,535 - WARNING - GNN failed on rep 50: PyTorch not installed. Cannot use GNN method.
2026-10-09 02:15:34,575 - WARNING - GNN failed on rep 51: PyTorch not installed. Cannot use GNN method.
2026-10-09 02:15:35,662 - WARNING - GNN failed on rep 52: PyTorch not installed. Cannot use GNN method.
2026-10-09 02:15:36,704 - WARNING - GNN failed on rep 53: PyTorch not installed. Cannot use GNN method.
2026-10-09 02:15:37,773 - WARNING - GNN failed on rep 54: PyTorch not installed. Cannot use GNN method.
2026-10-09 02:15:38,956 - WARNING - GNN failed on rep 55: PyTorch not installed. Cannot use GNN method.
2026-10-09 02:15:39,978 - WARNING - GNN failed on rep 56: PyTorch not installed. Cannot use GNN method.
2026-10-09 02:15:41,057 - WARNING - GNN failed on rep 57: PyTorch not installed. Cannot use GNN method.
2026-10-09 02:15:42,166 - WARNING - GNN failed on rep 58: PyTorch not installed. Cannot use GNN method.
2026-10-09 02:15:43,228 - WARNING - GNN failed on rep 59: PyTorch not installed. Cannot use GNN method.
2026-10-09 02:15:44,323 - WARNING - GNN failed on rep 60: PyTorch not installed. Cannot use GNN method.
2026-10-09 02:15:45,439 - WARNING - GNN failed on rep 61: PyTorch not installed. Cannot use GNN method.
2026-10-09 02:15:46,548 - WARNING - GNN failed on rep 62: PyTorch not installed. Cannot use GNN method.
2026-10-09 02:15:47,634 - WARNING - GNN failed on rep 63: PyTorch not installed. Cannot use GNN method.
2026-10-09 02:15:48,698 - WARNING - GNN failed on rep 64: PyTorch not installed. Cannot use GNN method.
2026-10-09 02:15:49,794 - WARNING - GNN failed on rep 65: PyTorch not installed. Cannot use GNN method.
2026-10-09 02:15:50,823 - WARNING - GNN failed on rep 66: PyTorch not installed. Cannot use GNN method.
2026-10-09 02:15:51,843 - WARNING - GNN failed on rep 67: PyTorch not installed. Cannot use GNN method.
2026-10-09 02:15:52,904 - WARNING - GNN failed on rep 68: PyTorch not installed. Cannot use GNN method.
2026-10-09 02:15:53,982 - WARNING - GNN failed on rep 69: PyTorch not installed. Cannot use GNN method.
2026-10-09 02:15:55,017 - WARNING - GNN failed on rep 70: PyTorch not installed. Cannot use GNN method.
2026-10-09 02:15:56,060 - WARNING - GNN failed on rep 71: PyTorch not installed. Cannot use GNN method.
2026-10-09 02:15:57,243 - WARNING - GNN failed on rep 72: PyTorch not installed. Cannot use GNN method.
2026-10-09 02:15:58,332 - WARNING - GNN failed on rep 73: PyTorch not installed. Cannot use GNN method.
2026-10-09 02:15:59,359 - WARNING - GNN failed on rep 74: PyTorch not installed. Cannot use GNN method.
2026-10-09 02:16:00,408 - WARNING - GNN failed on rep 75: PyTorch not installed. Cannot use GNN method.
2026-10-09 02:16:01,443 - WARNING - GNN failed on rep 76: PyTorch not installed. Cannot use GNN method.
2026-10-09 02:16:02,459 - WARNING - GNN failed on rep 77: PyTorch not installed. Cannot use GNN method.
2026-10-09 02:16:03,546 - WARNING - GNN failed on rep 78: PyTorch not installed. Cannot use GNN method.
2026-10-09 02:16:04,570 - WARNING - GNN failed on rep 79: PyTorch not installed. Cannot use GNN method.
2026-10-09 02:16:05,599 - WARNING - GNN failed on rep 80: PyTorch not installed. Cannot use GNN method.
2026-10-09 02:16:06,653 - WARNING - GNN failed on rep 81: PyTorch not installed. Cannot use GNN method.
2026-10-09 02:16:07,705 - WARNING - GNN failed on rep 82: PyTorch not installed. Cannot use GNN method.
2026-10-09 02:16:08,771 - WARNING - GNN failed on rep 83: PyTorch not installed. Cannot use GNN method.
2026-10-09 02:16:09,866 - WARNING - GNN failed on rep 84: PyTorch not installed. Cannot use GNN method.
2026-10-09 02:16:11,054 - WARNING - GNN failed on rep 85: PyTorch not installed. Cannot use GNN method.
2026-10-09 02:16:12,086 - WARNING - GNN failed on rep 86: PyTorch not installed. Cannot use GNN method.
2026-10-09 02:16:13,169 - WARNING - GNN failed on rep 87: PyTorch not installed. Cannot use GNN method.
2026-10-09 02:16:14,221 - WARNING - GNN failed on rep 88: PyTorch not installed. Cannot use GNN method.
2026-10-09 02:16:15,278 - WARNING - GNN failed on rep 89: PyTorch not installed. Cannot use GNN method.
2026-10-09 02:16:16,442 - WARNING - GNN failed on rep 90: PyTorch not installed. Cannot use GNN method.
2026-10-09 02:16:17,527 - WARNING - GNN failed on rep 91: PyTorch not installed. Cannot use GNN method.
2026-10-09 02:16:18,603 - WARNING - GNN failed on rep 92: PyTorch not installed. Cannot use GNN method.
2026-10-09 02:16:19,673 - WARNING - GNN failed on rep 93: PyTorch not installed. Cannot use GNN method.
2026-10-09 02:16:20,750 - WARNING - GNN failed on rep 94: PyTorch not installed. Cannot use GNN method.
2026-10-09 02:16:21,807 - WARNING - GNN failed on rep 95: PyTorch not installed. Cannot use GNN method.
2026-10-09 02:16:23,131 - WARNING - GNN failed on rep 96: PyTorch not installed. Cannot use GNN method.
2026-10-09 02:16:24,196 - WARNING - GNN failed on rep 97: PyTorch not installed. Cannot use GNN method.
2026-10-09 02:16:25,228 - WARNING - GNN failed on rep 98: PyTorch not installed. Cannot use GNN method.
2026-10-09 02:16:26,280 - WARNING - GNN failed on rep 99: PyTorch not installed. Cannot use GNN method.
2026-10-09 02:16:26,287 - INFO - Completed: T50_N0.1_D2_DF5
2026-10-09 02:16:26,291 - INFO - Configuration 4/90
2026-10-09 02:16:26,293 - INFO - Starting configuration: T50_N0.1_D4_DF5
2026-10-09 02:16:28,138 - WARNING - GNN failed on rep 0: PyTorch not installed. Cannot use GNN method.
2026-10-09 02:16:29,235 - WARNING - GNN failed on rep 1: PyTorch not installed. Cannot use GNN method.
2026-10-09 02:16:30,293 - WARNING - GNN failed on rep 2: PyTorch not installed. Cannot use GNN method.
2026-10-09 02:16:31,318 - WARNING - GNN failed on rep 3: PyTorch not installed. Cannot use GNN method.
2026-10-09 02:16:32,362 - WARNING - GNN failed on rep 4: PyTorch not installed. Cannot use GNN method.
2026-10-09 02:16:33,428 - WARNING - GNN failed on rep 5: PyTorch not installed. Cannot use GNN method.
2026-10-09 02:16:34,576 - WARNING - GNN failed on rep 6: PyTorch not installed. Cannot use GNN method.
2026-10-09 02:16:35,637 - WARNING - GNN failed on rep 7: PyTorch not installed. Cannot use GNN method.
2026-10-09 02:16:36,685 - WARNING - GNN failed on rep 8: PyTorch not installed. Cannot use GNN method.
2026-10-09 02:16:37,740 - WARNING - GNN failed on rep 9: PyTorch not installed. Cannot use GNN method.
2026-10-09 02:16:38,784 - WARNING - GNN failed on rep 10: PyTorch not installed. Cannot use GNN method.
2026-10-09 02:16:39,836 - WARNING - GNN failed on rep 11: PyTorch not installed. Cannot use GNN method.
2026-10-09 02:16:40,905 - WARNING - GNN failed on rep 12: PyTorch not installed. Cannot use GNN method.
2026-10-09 02:16:41,999 - WARNING - GNN failed on rep 13: PyTorch not installed. Cannot use GNN method.
2026-10-09 02:16:43,035 - WARNING - GNN failed on rep 14: PyTorch not installed. Cannot use GNN method.
2026-10-09 02:16:44,114 - WARNING - GNN failed on rep 15: PyTorch not installed. Cannot use GNN method.
2026-10-09 02:16:45,157 - WARNING - GNN failed on rep 16: PyTorch not installed. Cannot use GNN method.
2026-10-09 02:16:46,243 - WARNING - GNN failed on rep 17: PyTorch not installed. Cannot use GNN method.
2026-10-09 02:16:47,324 - WARNING - GNN failed on rep 18: PyTorch not installed. Cannot use GNN method.
2026-10-09 02:16:48,387 - WARNING - GNN failed on rep 19: PyTorch not installed. Cannot use GNN method.
2026-10-09 02:16:49,423 - WARNING - GNN failed on rep 20: PyTorch not installed. Cannot use GNN method.
2026-10-09 02:16:50,438 - WARNING - GNN failed on rep 21: PyTorch not installed. Cannot use GNN method.
2026-10-09 02:16:51,446 - WARNING - GNN failed on rep 22: PyTorch not installed. Cannot use GNN method.
2026-10-09 02:16:52,766 - WARNING - GNN failed on rep 23: PyTorch not installed. Cannot use GNN method.
2026-10-09 02:16:53,940 - WARNING - GNN failed on rep 24: PyTorch not installed. Cannot use GNN method.
2026-10-09 02:16:55,100 - WARNING - GNN failed on rep 25: PyTorch not installed. Cannot use GNN method.
2026-10-09 02:16:56,191 - WARNING - GNN failed on rep 26: PyTorch not installed. Cannot use GNN method.
2026-10-09 02:16:57,286 - WARNING - GNN failed on rep 27: PyTorch not installed. Cannot use GNN method.
2026-10-09 02:16:58,303 - WARNING - GNN failed on rep 28: PyTorch not installed. Cannot use GNN method.
2026-10-09 02:16:59,362 - WARNING - GNN failed on rep 29: PyTorch not installed. Cannot use GNN method.
2026-10-09 02:17:00,385 - WARNING - GNN failed on rep 30: PyTorch not installed. Cannot use GNN method.
2026-10-09 02:17:01,415 - WARNING - GNN failed on rep 31: PyTorch not installed. Cannot use GNN method.
2026-10-09 02:17:02,479 - WARNING - GNN failed on rep 32: PyTorch not installed. Cannot use GNN method.
2026-10-09 02:17:03,515 - WARNING - GNN failed on rep 33: PyTorch not installed. Cannot use GNN method.
2026-10-09 02:17:04,579 - WARNING - GNN failed on rep 34: PyTorch not installed. Cannot use GNN method.
2026-10-09 02:17:05,616 - WARNING - GNN failed on rep 35: PyTorch not installed. Cannot use GNN method.
2026-10-09 02:17:06,644 - WARNING - GNN failed on rep 36: PyTorch not installed. Cannot use GNN method.
2026-10-09 02:17:07,672 - WARNING - GNN failed on rep 37: PyTorch not installed. Cannot use GNN method.
2026-10-09 02:17:08,750 - WARNING - GNN failed on rep 38: PyTorch not installed. Cannot use GNN method.
2026-10-09 02:17:09,859 - WARNING - GNN failed on rep 39: PyTorch not installed. Cannot use GNN method.
2026-10-09 02:17:11,011 - WARNING - GNN failed on rep 40: PyTorch not installed. Cannot use GNN method.
2026-10-09 02:17:12,050 - WARNING - GNN failed on rep 41: PyTorch not installed. Cannot use GNN method.
2026-10-09 02:17:13,143 - WARNING - GNN failed on rep 42: PyTorch not installed. Cannot use GNN method.
2026-10-09 02:17:14,277 - WARNING - GNN failed on rep 43: PyTorch not installed. Cannot use GNN method.
2026-10-09 02:17:15,322 - WARNING - GNN failed on rep 44: PyTorch not installed. Cannot use GNN method.
2026-10-09 02:17:16,388 - WARNING - GNN failed on rep 45: PyTorch not installed. Cannot use GNN method.
2026-10-09 02:17:17,486 - WARNING - GNN failed on rep 46: PyTorch not installed. Cannot use GNN method.
2026-10-09 02:17:18,557 - WARNING - GNN failed on rep 47: PyTorch not installed. Cannot use GNN method.
2026-10-09 02:17:19,629 - WARNING - GNN failed on rep 48: PyTorch not installed. Cannot use GNN method.
2026-10-09 02:17:20,672 - WARNING - GNN failed on rep 49: PyTorch not installed. Cannot use GNN method.
2026-10-09 02:17:21,780 - WARNING - GNN failed on rep 50: PyTorch not installed. Cannot use GNN method.
2026-10-09 02:17:22,915 - WARNING - GNN failed on rep 51: PyTorch not installed. Cannot use GNN method.
2026-10-09 02:17:23,987 - WARNING - GNN failed on rep 52: PyTorch not installed. Cannot use GNN method.
2026-10-09 02:17:25,071 - WARNING - GNN failed on rep 53: PyTorch not installed. Cannot use GNN method.
2026-10-09 02:17:26,145 - WARNING - GNN failed on rep 54: PyTorch not installed. Cannot use GNN method.
2026-10-09 02:17:27,162 - WARNING - GNN failed on rep 55: PyTorch not installed. Cannot use GNN method.
2026-10-09 02:17:28,717 - WARNING - GNN failed on rep 56: PyTorch not installed. Cannot use GNN method.
2026-10-09 02:17:29,728 - WARNING - GNN failed on rep 57: PyTorch not installed. Cannot use GNN method.
2026-10-09 02:17:30,898 - WARNING - GNN failed on rep 58: PyTorch not installed. Cannot use GNN method.
2026-10-09 02:17:31,937 - WARNING - GNN failed on rep 59: PyTorch not installed. Cannot use GNN method.
2026-10-09 02:17:32,979 - WARNING - GNN failed on rep 60: PyTorch not installed. Cannot use GNN method.
2026-10-09 02:17:34,087 - WARNING - GNN failed on rep 61: PyTorch not installed. Cannot use GNN method.
2026-10-09 02:17:35,137 - WARNING - GNN failed on rep 62: PyTorch not installed. Cannot use GNN method.
2026-10-09 02:17:36,220 - WARNING - GNN failed on rep 63: PyTorch not installed. Cannot use GNN method.
2026-10-09 02:17:37,268 - WARNING - GNN failed on rep 64: PyTorch not installed. Cannot use GNN method.
2026-10-09 02:17:38,357 - WARNING - GNN failed on rep 65: PyTorch not installed. Cannot use GNN method.
2026-10-09 02:17:39,384 - WARNING - GNN failed on rep 66: PyTorch not installed. Cannot use GNN method.
2026-10-09 02:17:40,472 - WARNING - GNN failed on rep 67: PyTorch not installed. Cannot use GNN method.
2026-10-09 02:17:41,532 - WARNING - GNN failed on rep 68: PyTorch not installed. Cannot use GNN method.
2026-10-09 02:17:42,555 - WARNING - GNN failed on rep 69: PyTorch not installed. Cannot use GNN method.
2026-10-09 02:17:43,604 - WARNING - GNN failed on rep 70: PyTorch not installed. Cannot use GNN method.
2026-10-09 02:17:44,643 - WARNING - GNN failed on rep 71: PyTorch not installed. Cannot use GNN method.
2026-10-09 02:17:45,689 - WARNING - GNN failed on rep 72: PyTorch not installed. Cannot use GNN method.
2026-10-09 02:17:46,700 - WARNING - GNN failed on rep 73: PyTorch not installed. Cannot use GNN method.
2026-10-09 02:17:47,785 - WARNING - GNN failed on rep 74: PyTorch not installed. Cannot use GNN method.
2026-10-09 02:17:48,805 - WARNING - GNN failed on rep 75: PyTorch not installed. Cannot use GNN method.
2026-10-09 02:17:49,996 - WARNING - GNN failed on rep 76: PyTorch not installed. Cannot use GNN method.
2026-10-09 02:17:51,028 - WARNING - GNN failed on rep 77: PyTorch not installed. Cannot use GNN method.
2026-10-09 02:17:52,103 - WARNING - GNN failed on rep 78: PyTorch not installed. Cannot use GNN method.
2026-10-09 02:17:53,142 - WARNING - GNN failed on rep 79: PyTorch not installed. Cannot use GNN method.
2026-10-09 02:17:54,157 - WARNING - GNN failed on rep 80: PyTorch not installed. Cannot use GNN method.
2026-10-09 02:17:55,186 - WARNING - GNN failed on rep 81: PyTorch not installed. Cannot use GNN method.
2026-10-09 02:17:56,228 - WARNING - GNN failed on rep 82: PyTorch not installed. Cannot use GNN method.
2026-10-09 02:17:57,332 - WARNING - GNN failed on rep 83: PyTorch not installed. Cannot use GNN method.
2026-10-09 02:17:58,405 - WARNING - GNN failed on rep 84: PyTorch not installed. Cannot use GNN method.
2026-10-09 02:17:59,459 - WARNING - GNN failed on rep 85: PyTorch not installed. Cannot use GNN method.
2026-10-09 02:18:00,497 - WARNING - GNN failed on rep 86: PyTorch not installed. Cannot use GNN method.
2026-10-09 02:18:01,602 - WARNING - GNN failed on rep 87: PyTorch not installed. Cannot use GNN method.
2026-10-09 02:18:02,642 - WARNING - GNN failed on rep 88: PyTorch not installed. Cannot use GNN method.
2026-10-09 02:18:03,665 - WARNING - GNN failed on rep 89: PyTorch not installed. Cannot use GNN method.
2026-10-09 02:18:04,710 - WARNING - GNN failed on rep 90: PyTorch not installed. Cannot use GNN method.
2026-10-09 02:18:05,759 - WARNING - GNN failed on rep 91: PyTorch not installed. Cannot use GNN method.
2026-10-09 02:18:06,896 - WARNING - GNN failed on rep 92: PyTorch not installed. Cannot use GNN method.
2026-10-09 02:18:08,069 - WARNING - GNN failed on rep 93: PyTorch not installed. Cannot use GNN method.
2026-10-09 02:18:09,295 - WARNING - GNN failed on rep 94: PyTorch not installed. Cannot use GNN method.
2026-10-09 02:18:10,334 - WARNING - GNN failed on rep 95: PyTorch not installed. Cannot use GNN method.
2026-10-09 02:18:11,385 - WARNING - GNN failed on rep 96: PyTorch not installed. Cannot use GNN method.
2026-10-09 02:18:12,406 - WARNING - GNN failed on rep 97: PyTorch not installed. Cannot use GNN method.
2026-10-09 02:18:13,454 - WARNING - GNN failed on rep 98: PyTorch not installed. Cannot use GNN method.
2026-10-09 02:18:14,483 - WARNING - GNN failed on rep 99: PyTorch not installed. Cannot use GNN method.
2026-10-09 02:18:14,491 - INFO - Completed: T50_N0.1_D4_DF5
2026-10-09 02:18:14,501 - INFO - Configuration 5/90
2026-10-09 02:18:14,502 - INFO - Starting configuration: T50_N0.1_D2_DF10
2026-10-09 02:18:15,887 - WARNING - GNN failed on rep 0: PyTorch not installed. Cannot use GNN method.
2026-10-09 02:18:16,965 - WARNING - GNN failed on rep 1: PyTorch not installed. Cannot use GNN method.
2026-10-09 02:18:18,006 - WARNING - GNN failed on rep 2: PyTorch not installed. Cannot use GNN method.
2026-10-09 02:18:19,042 - WARNING - GNN failed on rep 3: PyTorch not installed. Cannot use GNN method.
2026-10-09 02:18:20,200 - WARNING - GNN failed on rep 4: PyTorch not installed. Cannot use GNN method.
2026-10-09 02:18:21,278 - WARNING - GNN failed on rep 5: PyTorch not installed. Cannot use GNN method.
2026-10-09 02:18:22,341 - WARNING - GNN failed on rep 6: PyTorch not installed. Cannot use GNN method.
2026-10-09 02:18:23,383 - WARNING - GNN failed on rep 7: PyTorch not installed. Cannot use GNN method.
2026-10-09 02:18:24,446 - WARNING - GNN failed on rep 8: PyTorch not installed. Cannot use GNN method.
2026-10-09 02:18:25,498 - WARNING - GNN failed on rep 9: PyTorch not installed. Cannot use GNN method.
2026-10-09 02:18:26,707 - WARNING - GNN failed on rep 10: PyTorch not installed. Cannot use GNN method.
2026-10-09 02:18:28,275 - WARNING - GNN failed on rep 11: PyTorch not installed. Cannot use GNN method.
2026-10-09 02:18:29,346 - WARNING - GNN failed on rep 12: PyTorch not installed. Cannot use GNN method.
2026-10-09 02:18:30,369 - WARNING - GNN failed on rep 13: PyTorch not installed. Cannot use GNN method.
2026-10-09 02:18:31,366 - WARNING - GNN failed on rep 14: PyTorch not installed. Cannot use GNN method.
2026-10-09 02:18:32,390 - WARNING - GNN failed on rep 15: PyTorch not installed. Cannot use GNN method.
2026-10-09 02:18:33,395 - WARNING - GNN failed on rep 16: PyTorch not installed. Cannot use GNN method.
2026-10-09 02:18:34,413 - WARNING - GNN failed on rep 17: PyTorch not installed. Cannot use GNN method.
2026-10-09 02:18:35,427 - WARNING - GNN failed on rep 18: PyTorch not installed. Cannot use GNN method.
2026-10-09 02:18:36,453 - WARNING - GNN failed on rep 19: PyTorch not installed. Cannot use GNN method.
2026-10-09 02:18:37,489 - WARNING - GNN failed on rep 20: PyTorch not installed. Cannot use GNN method.
2026-10-09 02:18:38,540 - WARNING - GNN failed on rep 21: PyTorch not installed. Cannot use GNN method.
2026-10-09 02:18:39,567 - WARNING - GNN failed on rep 22: PyTorch not installed. Cannot use GNN method.
2026-10-09 02:18:40,586 - WARNING - GNN failed on rep 23: PyTorch not installed. Cannot use GNN method.
2026-10-09 02:18:41,639 - WARNING - GNN failed on rep 24: PyTorch not installed. Cannot use GNN method.
2026-10-09 02:18:42,661 - WARNING - GNN failed on rep 25: PyTorch not installed. Cannot use GNN method.
2026-10-09 02:18:43,677 - WARNING - GNN failed on rep 26: PyTorch not installed. Cannot use GNN method.
2026-10-09 02:18:44,789 - WARNING - GNN failed on rep 27: PyTorch not installed. Cannot use GNN method.
2026-10-09 02:18:45,796 - WARNING - GNN failed on rep 28: PyTorch not installed. Cannot use GNN method.
2026-10-09 02:18:46,817 - WARNING - GNN failed on rep 29: PyTorch not installed. Cannot use GNN method.
2026-10-09 02:18:47,843 - WARNING - GNN failed on rep 30: PyTorch not installed. Cannot use GNN method.
2026-10-09 02:18:48,853 - WARNING - GNN failed on rep 31: PyTorch not installed. Cannot use GNN method.
2026-10-09 02:18:49,858 - WARNING - GNN failed on rep 32: PyTorch not installed. Cannot use GNN method.
2026-10-09 02:18:50,887 - WARNING - GNN failed on rep 33: PyTorch not installed. Cannot use GNN method.
2026-10-09 02:18:51,932 - WARNING - GNN failed on rep 34: PyTorch not installed. Cannot use GNN method.
2026-10-09 02:18:52,942 - WARNING - GNN failed on rep 35: PyTorch not installed. Cannot use GNN method.
2026-10-09 02:18:54,152 - WARNING - GNN failed on rep 36: PyTorch not installed. Cannot use GNN method.
2026-10-09 02:18:55,307 - WARNING - GNN failed on rep 37: PyTorch not installed. Cannot use GNN method.
2026-10-09 02:18:56,436 - WARNING - GNN failed on rep 38: PyTorch not installed. Cannot use GNN method.
2026-10-09 02:18:57,589 - WARNING - GNN failed on rep 39: PyTorch not installed. Cannot use GNN method.
2026-10-09 02:18:58,676 - WARNING - GNN failed on rep 40: PyTorch not installed. Cannot use GNN method.
2026-10-09 02:18:59,766 - WARNING - GNN failed on rep 41: PyTorch not installed. Cannot use GNN method.
2026-10-09 02:19:00,789 - WARNING - GNN failed on rep 42: PyTorch not installed. Cannot use GNN method.
2026-10-09 02:19:01,848 - WARNING - GNN failed on rep 43: PyTorch not installed. Cannot use GNN method.
2026-10-09 02:19:03,024 - WARNING - GNN failed on rep 44: PyTorch not installed. Cannot use GNN method.
2026-10-09 02:19:04,069 - WARNING - GNN failed on rep 45: PyTorch not installed. Cannot use GNN method.
2026-10-09 02:19:05,120 - WARNING - GNN failed on rep 46: PyTorch not installed. Cannot use GNN method.
2026-10-09 02:19:06,170 - WARNING - GNN failed on rep 47: PyTorch not installed. Cannot use GNN method.
2026-10-09 02:19:07,264 - WARNING - GNN failed on rep 48: PyTorch not installed. Cannot use GNN method.
2026-10-09 02:19:08,319 - WARNING - GNN failed on rep 49: PyTorch not installed. Cannot use GNN method.
2026-10-09 02:19:09,398 - WARNING - GNN failed on rep 50: PyTorch not installed. Cannot use GNN method.
2026-10-09 02:19:10,472 - WARNING - GNN failed on rep 51: PyTorch not installed. Cannot use GNN method.
2026-10-09 02:19:11,519 - WARNING - GNN failed on rep 52: PyTorch not installed. Cannot use GNN method.
2026-10-09 02:19:12,602 - WARNING - GNN failed on rep 53: PyTorch not installed. Cannot use GNN method.
2026-10-09 02:19:13,672 - WARNING - GNN failed on rep 54: PyTorch not installed. Cannot use GNN method.
2026-10-09 02:19:14,768 - WARNING - GNN failed on rep 55: PyTorch not installed. Cannot use GNN method.
2026-10-09 02:19:15,858 - WARNING - GNN failed on rep 56: PyTorch not installed. Cannot use GNN method.
2026-10-09 02:19:16,899 - WARNING - GNN failed on rep 57: PyTorch not installed. Cannot use GNN method.
2026-10-09 02:19:18,002 - WARNING - GNN failed on rep 58: PyTorch not installed. Cannot use GNN method.
2026-10-09 02:19:19,076 - WARNING - GNN failed on rep 59: PyTorch not installed. Cannot use GNN method.
2026-10-09 02:19:20,165 - WARNING - GNN failed on rep 60: PyTorch not installed. Cannot use GNN method.
2026-10-09 02:19:21,211 - WARNING - GNN failed on rep 61: PyTorch not installed. Cannot use GNN method.
2026-10-09 02:19:22,427 - WARNING - GNN failed on rep 62: PyTorch not installed. Cannot use GNN method.
2026-10-09 02:19:23,510 - WARNING - GNN failed on rep 63: PyTorch not installed. Cannot use GNN method.
2026-10-09 02:19:24,636 - WARNING - GNN failed on rep 64: PyTorch not installed. Cannot use GNN method.
2026-10-09 02:19:26,096 - WARNING - GNN failed on rep 65: PyTorch not installed. Cannot use GNN method.
2026-10-09 02:19:27,331 - WARNING - GNN failed on rep 66: PyTorch not installed. Cannot use GNN method.
2026-10-09 02:19:29,159 - WARNING - GNN failed on rep 67: PyTorch not installed. Cannot use GNN method.
2026-10-09 02:19:30,514 - WARNING - GNN failed on rep 68: PyTorch not installed. Cannot use GNN method.
2026-10-09 02:19:31,791 - WARNING - GNN failed on rep 69: PyTorch not installed. Cannot use GNN method.
2026-10-09 02:19:33,184 - WARNING - GNN failed on rep 70: PyTorch not installed. Cannot use GNN method.
2026-10-09 02:19:34,448 - WARNING - GNN failed on rep 71: PyTorch not installed. Cannot use GNN method.
2026-10-09 02:19:35,657 - WARNING - GNN failed on rep 72: PyTorch not installed. Cannot use GNN method.
2026-10-09 02:19:36,820 - WARNING - GNN failed on rep 73: PyTorch not installed. Cannot use GNN method.
2026-10-09 02:19:38,372 - WARNING - GNN failed on rep 74: PyTorch not installed. Cannot use GNN method.
2026-10-09 02:19:39,754 - WARNING - GNN failed on rep 75: PyTorch not installed. Cannot use GNN method.
2026-10-09 02:19:41,142 - WARNING - GNN failed on rep 76: PyTorch not installed. Cannot use GNN method.
2026-10-09 02:19:42,676 - WARNING - GNN failed on rep 77: PyTorch not installed. Cannot use GNN method.
2026-10-09 02:19:44,118 - WARNING - GNN failed on rep 78: PyTorch not installed. Cannot use GNN method.
2026-10-09 02:19:46,087 - WARNING - GNN failed on rep 79: PyTorch not installed. Cannot use GNN method.
2026-10-09 02:19:47,638 - WARNING - GNN failed on rep 80: PyTorch not installed. Cannot use GNN method.
2026-10-09 02:19:49,164 - WARNING - GNN failed on rep 81: PyTorch not installed. Cannot use GNN method.
2026-10-09 02:19:50,604 - WARNING - GNN failed on rep 82: PyTorch not installed. Cannot use GNN method.
2026-10-09 02:19:51,951 - WARNING - GNN failed on rep 83: PyTorch not installed. Cannot use GNN method.
2026-10-09 02:19:53,270 - WARNING - GNN failed on rep 84: PyTorch not installed. Cannot use GNN method.
2026-10-09 02:19:54,552 - WARNING - GNN failed on rep 85: PyTorch not installed. Cannot use GNN method.
2026-10-09 02:19:55,817 - WARNING - GNN failed on rep 86: PyTorch not installed. Cannot use GNN method.
2026-10-09 02:19:56,950 - WARNING - GNN failed on rep 87: PyTorch not installed. Cannot use GNN method.
2026-10-09 02:19:58,130 - WARNING - GNN failed on rep 88: PyTorch not installed. Cannot use GNN method.
2026-10-09 02:20:00,297 - WARNING - GNN failed on rep 89: PyTorch not installed. Cannot use GNN method.
2026-10-09 02:20:01,432 - WARNING - GNN failed on rep 90: PyTorch not installed. Cannot use GNN method.
2026-10-09 02:20:02,541 - WARNING - GNN failed on rep 91: PyTorch not installed. Cannot use GNN method.
2026-10-09 02:20:03,645 - WARNING - GNN failed on rep 92: PyTorch not installed. Cannot use GNN method.
2026-10-09 02:20:04,808 - WARNING - GNN failed on rep 93: PyTorch not installed. Cannot use GNN method.
2026-10-09 02:20:05,846 - WARNING - GNN failed on rep 94: PyTorch not installed. Cannot use GNN method.
2026-10-09 02:20:06,880 - WARNING - GNN failed on rep 95: PyTorch not installed. Cannot use GNN method.
2026-10-09 02:20:08,014 - WARNING - GNN failed on rep 96: PyTorch not installed. Cannot use GNN method.
2026-10-09 02:20:09,050 - WARNING - GNN failed on rep 97: PyTorch not installed. Cannot use GNN method.
2026-10-09 02:20:10,218 - WARNING - GNN failed on rep 98: PyTorch not installed. Cannot use GNN method.
2026-10-09 02:20:11,790 - WARNING - GNN failed on rep 99: PyTorch not installed. Cannot use GNN method.
2026-10-09 02:20:11,816 - INFO - Completed: T50_N0.1_D2_DF10
2026-10-09 02:20:11,849 - INFO - Configuration 6/90
2026-10-09 02:20:11,850 - INFO - Starting configuration: T50_N0.1_D4_DF10
2026-10-09 02:20:13,716 - WARNING - GNN failed on rep 0: PyTorch not installed. Cannot use GNN method.
2026-10-09 02:20:15,612 - WARNING - GNN failed on rep 1: PyTorch not installed. Cannot use GNN method.
2026-10-09 02:20:16,933 - WARNING - GNN failed on rep 2: PyTorch not installed. Cannot use GNN method.
2026-10-09 02:20:17,995 - WARNING - GNN failed on rep 3: PyTorch not installed. Cannot use GNN method.
2026-10-09 02:20:19,168 - WARNING - GNN failed on rep 4: PyTorch not installed. Cannot use GNN method.
2026-10-09 02:20:20,424 - WARNING - GNN failed on rep 5: PyTorch not installed. Cannot use GNN method.
2026-10-09 02:20:21,610 - WARNING - GNN failed on rep 6: PyTorch not installed. Cannot use GNN method.
2026-10-09 02:20:22,803 - WARNING - GNN failed on rep 7: PyTorch not installed. Cannot use GNN method.
2026-10-09 02:20:24,138 - WARNING - GNN failed on rep 8: PyTorch not installed. Cannot use GNN method.
2026-10-09 02:20:25,585 - WARNING - GNN failed on rep 9: PyTorch not installed. Cannot use GNN method.
2026-10-09 02:20:26,708 - WARNING - GNN failed on rep 10: PyTorch not installed. Cannot use GNN method.
2026-10-09 02:20:28,867 - WARNING - GNN failed on rep 11: PyTorch not installed. Cannot use GNN method.
2026-10-09 02:20:30,359 - WARNING - GNN failed on rep 12: PyTorch not installed. Cannot use GNN method.
2026-10-09 02:20:31,554 - WARNING - GNN failed on rep 13: PyTorch not installed. Cannot use GNN method.
2026-10-09 02:20:33,037 - WARNING - GNN failed on rep 14: PyTorch not installed. Cannot use GNN method.
2026-10-09 02:20:34,327 - WARNING - GNN failed on rep 15: PyTorch not installed. Cannot use GNN method.
2026-10-09 02:20:35,552 - WARNING - GNN failed on rep 16: PyTorch not installed. Cannot use GNN method.
2026-10-09 02:20:36,841 - WARNING - GNN failed on rep 17: PyTorch not installed. Cannot use GNN method.
2026-10-09 02:20:38,383 - WARNING - GNN failed on rep 18: PyTorch not installed. Cannot use GNN method.
2026-10-09 02:20:39,565 - WARNING - GNN failed on rep 19: PyTorch not installed. Cannot use GNN method.
2026-10-09 02:20:40,871 - WARNING - GNN failed on rep 20: PyTorch not installed. Cannot use GNN method.
2026-10-09 02:20:42,221 - WARNING - GNN failed on rep 21: PyTorch not installed. Cannot use GNN method.
2026-10-09 02:20:43,593 - WARNING - GNN failed on rep 22: PyTorch not installed. Cannot use GNN method.
2026-10-09 02:20:44,872 - WARNING - GNN failed on rep 23: PyTorch not installed. Cannot use GNN method.
2026-10-09 02:20:46,171 - WARNING - GNN failed on rep 24: PyTorch not installed. Cannot use GNN method.
2026-10-09 02:20:47,339 - WARNING - GNN failed on rep 25: PyTorch not installed. Cannot use GNN method.
2026-10-09 02:20:48,362 - WARNING - GNN failed on rep 26: PyTorch not installed. Cannot use GNN method.
2026-10-09 02:20:49,421 - WARNING - GNN failed on rep 27: PyTorch not installed. Cannot use GNN method.
2026-10-09 02:20:50,661 - WARNING - GNN failed on rep 28: PyTorch not installed. Cannot use GNN method.
2026-10-09 02:20:51,885 - WARNING - GNN failed on rep 29: PyTorch not installed. Cannot use GNN method.
2026-10-09 02:20:52,980 - WARNING - GNN failed on rep 30: PyTorch not installed. Cannot use GNN method.
2026-10-09 02:20:54,041 - WARNING - GNN failed on rep 31: PyTorch not installed. Cannot use GNN method.
2026-10-09 02:20:55,097 - WARNING - GNN failed on rep 32: PyTorch not installed. Cannot use GNN method.
2026-10-09 02:20:56,372 - WARNING - GNN failed on rep 33: PyTorch not installed. Cannot use GNN method.
2026-10-09 02:20:59,965 - WARNING - GNN failed on rep 34: PyTorch not installed. Cannot use GNN method.
2026-10-09 02:21:02,693 - WARNING - GNN failed on rep 35: PyTorch not installed. Cannot use GNN method.
2026-10-09 02:21:04,114 - WARNING - GNN failed on rep 36: PyTorch not installed. Cannot use GNN method.
2026-10-09 02:21:05,368 - WARNING - GNN failed on rep 37: PyTorch not installed. Cannot use GNN method.
2026-10-09 02:21:06,405 - WARNING - GNN failed on rep 38: PyTorch not installed. Cannot use GNN method.
2026-10-09 02:21:07,777 - WARNING - GNN failed on rep 39: PyTorch not installed. Cannot use GNN method.
2026-10-09 02:21:08,927 - WARNING - GNN failed on rep 40: PyTorch not installed. Cannot use GNN method.
2026-10-09 02:21:10,176 - WARNING - GNN failed on rep 41: PyTorch not installed. Cannot use GNN method.
2026-10-09 02:21:11,720 - WARNING - GNN failed on rep 42: PyTorch not installed. Cannot use GNN method.
2026-10-09 02:21:13,107 - WARNING - GNN failed on rep 43: PyTorch not installed. Cannot use GNN method.
2026-10-09 02:21:14,593 - WARNING - GNN failed on rep 44: PyTorch not installed. Cannot use GNN method.
2026-10-09 02:21:15,763 - WARNING - GNN failed on rep 45: PyTorch not installed. Cannot use GNN method.
2026-10-09 02:21:16,864 - WARNING - GNN failed on rep 46: PyTorch not installed. Cannot use GNN method.
2026-10-09 02:21:17,929 - WARNING - GNN failed on rep 47: PyTorch not installed. Cannot use GNN method.
2026-10-09 02:21:18,990 - WARNING - GNN failed on rep 48: PyTorch not installed. Cannot use GNN method.
2026-10-09 02:21:20,067 - WARNING - GNN failed on rep 49: PyTorch not installed. Cannot use GNN method.
2026-10-09 02:21:21,121 - WARNING - GNN failed on rep 50: PyTorch not installed. Cannot use GNN method.
2026-10-09 02:21:22,399 - WARNING - GNN failed on rep 51: PyTorch not installed. Cannot use GNN method.
2026-10-09 02:21:23,525 - WARNING - GNN failed on rep 52: PyTorch not installed. Cannot use GNN method.
2026-10-09 02:21:24,619 - WARNING - GNN failed on rep 53: PyTorch not installed. Cannot use GNN method.
2026-10-09 02:21:25,756 - WARNING - GNN failed on rep 54: PyTorch not installed. Cannot use GNN method.
2026-10-09 02:21:26,930 - WARNING - GNN failed on rep 55: PyTorch not installed. Cannot use GNN method.
2026-10-09 02:21:28,213 - WARNING - GNN failed on rep 56: PyTorch not installed. Cannot use GNN method.
2026-10-09 02:21:29,312 - WARNING - GNN failed on rep 57: PyTorch not installed. Cannot use GNN method.
2026-10-09 02:21:30,749 - WARNING - GNN failed on rep 58: PyTorch not installed. Cannot use GNN method.
2026-10-09 02:21:31,840 - WARNING - GNN failed on rep 59: PyTorch not installed. Cannot use GNN method.
2026-10-09 02:21:32,902 - WARNING - GNN failed on rep 60: PyTorch not installed. Cannot use GNN method.
2026-10-09 02:21:34,108 - WARNING - GNN failed on rep 61: PyTorch not installed. Cannot use GNN method.
2026-10-09 02:21:35,184 - WARNING - GNN failed on rep 62: PyTorch not installed. Cannot use GNN method.
2026-10-09 02:21:36,267 - WARNING - GNN failed on rep 63: PyTorch not installed. Cannot use GNN method.
2026-10-09 02:21:37,347 - WARNING - GNN failed on rep 64: PyTorch not installed. Cannot use GNN method.
2026-10-09 02:21:38,405 - WARNING - GNN failed on rep 65: PyTorch not installed. Cannot use GNN method.
2026-10-09 02:21:39,446 - WARNING - GNN failed on rep 66: PyTorch not installed. Cannot use GNN method.
2026-10-09 02:21:40,481 - WARNING - GNN failed on rep 67: PyTorch not installed. Cannot use GNN method.
2026-10-09 02:21:41,533 - WARNING - GNN failed on rep 68: PyTorch not installed. Cannot use GNN method.
2026-10-09 02:21:42,578 - WARNING - GNN failed on rep 69: PyTorch not installed. Cannot use GNN method.
2026-10-09 02:21:43,646 - WARNING - GNN failed on rep 70: PyTorch not installed. Cannot use GNN method.
2026-10-09 02:21:44,692 - WARNING - GNN failed on rep 71: PyTorch not installed. Cannot use GNN method.
2026-10-09 02:21:45,723 - WARNING - GNN failed on rep 72: PyTorch not installed. Cannot use GNN method.
2026-10-09 02:21:46,749 - WARNING - GNN failed on rep 73: PyTorch not installed. Cannot use GNN method.
2026-10-09 02:21:47,815 - WARNING - GNN failed on rep 74: PyTorch not installed. Cannot use GNN method.
2026-10-09 02:21:48,840 - WARNING - GNN failed on rep 75: PyTorch not installed. Cannot use GNN method.
2026-10-09 02:21:49,857 - WARNING - GNN failed on rep 76: PyTorch not installed. Cannot use GNN method.
2026-10-09 02:21:50,885 - WARNING - GNN failed on rep 77: PyTorch not installed. Cannot use GNN method.
2026-10-09 02:21:52,021 - WARNING - GNN failed on rep 78: PyTorch not installed. Cannot use GNN method.
2026-10-09 02:21:53,698 - WARNING - GNN failed on rep 79: PyTorch not installed. Cannot use GNN method.
2026-10-09 02:21:55,197 - WARNING - GNN failed on rep 80: PyTorch not installed. Cannot use GNN method.
2026-10-09 02:21:56,309 - WARNING - GNN failed on rep 81: PyTorch not installed. Cannot use GNN method.
2026-10-09 02:21:57,350 - WARNING - GNN failed on rep 82: PyTorch not installed. Cannot use GNN method.
2026-10-09 02:21:58,401 - WARNING - GNN failed on rep 83: PyTorch not installed. Cannot use GNN method.
2026-10-09 02:21:59,448 - WARNING - GNN failed on rep 84: PyTorch not installed. Cannot use GNN method.
2026-10-09 02:22:00,503 - WARNING - GNN failed on rep 85: PyTorch not installed. Cannot use GNN method.
2026-10-09 02:22:01,553 - WARNING - GNN failed on rep 86: PyTorch not installed. Cannot use GNN method.
2026-10-09 02:22:02,738 - WARNING - GNN failed on rep 87: PyTorch not installed. Cannot use GNN method.
2026-10-09 02:22:03,991 - WARNING - GNN failed on rep 88: PyTorch not installed. Cannot use GNN method.
2026-10-09 02:22:05,261 - WARNING - GNN failed on rep 89: PyTorch not installed. Cannot use GNN method.
2026-10-09 02:22:06,526 - WARNING - GNN failed on rep 90: PyTorch not installed. Cannot use GNN method.
2026-10-09 02:22:07,790 - WARNING - GNN failed on rep 91: PyTorch not installed. Cannot use GNN method.
2026-10-09 02:22:09,091 - WARNING - GNN failed on rep 92: PyTorch not installed. Cannot use GNN method.
2026-10-09 02:22:10,398 - WARNING - GNN failed on rep 93: PyTorch not installed. Cannot use GNN method.
2026-10-09 02:22:11,695 - WARNING - GNN failed on rep 94: PyTorch not installed. Cannot use GNN method.
2026-10-09 02:22:12,882 - WARNING - GNN failed on rep 95: PyTorch not installed. Cannot use GNN method.
2026-10-09 02:22:13,927 - WARNING - GNN failed on rep 96: PyTorch not installed. Cannot use GNN method.
2026-10-09 02:22:14,965 - WARNING - GNN failed on rep 97: PyTorch not installed. Cannot use GNN method.
2026-10-09 02:22:16,016 - WARNING - GNN failed on rep 98: PyTorch not installed. Cannot use GNN method.
2026-10-09 02:22:17,059 - WARNING - GNN failed on rep 99: PyTorch not installed. Cannot use GNN method.
2026-10-09 02:22:17,068 - INFO - Completed: T50_N0.1_D4_DF10
2026-10-09 02:22:17,081 - INFO - Configuration 7/90
2026-10-09 02:22:17,082 - INFO - Starting configuration: T50_N0.3_D2_DF3
2026-10-09 02:22:18,475 - WARNING - GNN failed on rep 0: PyTorch not installed. Cannot use GNN method.
2026-10-09 02:22:19,506 - WARNING - GNN failed on rep 1: PyTorch not installed. Cannot use GNN method.
2026-10-09 02:22:20,771 - WARNING - GNN failed on rep 2: PyTorch not installed. Cannot use GNN method.
2026-10-09 02:22:21,833 - WARNING - GNN failed on rep 3: PyTorch not installed. Cannot use GNN method.
2026-10-09 02:22:22,899 - WARNING - GNN failed on rep 4: PyTorch not installed. Cannot use GNN method.
2026-10-09 02:22:24,005 - WARNING - GNN failed on rep 5: PyTorch not installed. Cannot use GNN method.
2026-10-09 02:22:25,054 - WARNING - GNN failed on rep 6: PyTorch not installed. Cannot use GNN method.
2026-10-09 02:22:26,099 - WARNING - GNN failed on rep 7: PyTorch not installed. Cannot use GNN method.
2026-10-09 02:22:27,152 - WARNING - GNN failed on rep 8: PyTorch not installed. Cannot use GNN method.
2026-10-09 02:22:28,986 - WARNING - GNN failed on rep 9: PyTorch not installed. Cannot use GNN method.
2026-10-09 02:22:30,053 - WARNING - GNN failed on rep 10: PyTorch not installed. Cannot use GNN method.
2026-10-09 02:22:31,098 - WARNING - GNN failed on rep 11: PyTorch not installed. Cannot use GNN method.
2026-10-09 02:22:32,140 - WARNING - GNN failed on rep 12: PyTorch not installed. Cannot use GNN method.
2026-10-09 02:22:33,220 - WARNING - GNN failed on rep 13: PyTorch not installed. Cannot use GNN method.
2026-10-09 02:22:34,345 - WARNING - GNN failed on rep 14: PyTorch not installed. Cannot use GNN method.
2026-10-09 02:22:35,400 - WARNING - GNN failed on rep 15: PyTorch not installed. Cannot use GNN method.
2026-10-09 02:22:36,450 - WARNING - GNN failed on rep 16: PyTorch not installed. Cannot use GNN method.
2026-10-09 02:22:37,510 - WARNING - GNN failed on rep 17: PyTorch not installed. Cannot use GNN method.
2026-10-09 02:22:38,615 - WARNING - GNN failed on rep 18: PyTorch not installed. Cannot use GNN method.
2026-10-09 02:22:39,674 - WARNING - GNN failed on rep 19: PyTorch not installed. Cannot use GNN method.
2026-10-09 02:22:40,722 - WARNING - GNN failed on rep 20: PyTorch not installed. Cannot use GNN method.
2026-10-09 02:22:41,815 - WARNING - GNN failed on rep 21: PyTorch not installed. Cannot use GNN method.
2026-10-09 02:22:42,890 - WARNING - GNN failed on rep 22: PyTorch not installed. Cannot use GNN method.
2026-10-09 02:22:43,946 - WARNING - GNN failed on rep 23: PyTorch not installed. Cannot use GNN method.
2026-10-09 02:22:45,006 - WARNING - GNN failed on rep 24: PyTorch not installed. Cannot use GNN method.
2026-10-09 02:22:46,226 - WARNING - GNN failed on rep 25: PyTorch not installed. Cannot use GNN method.
2026-10-09 02:22:47,404 - WARNING - GNN failed on rep 26: PyTorch not installed. Cannot use GNN method.
2026-10-09 02:22:48,524 - WARNING - GNN failed on rep 27: PyTorch not installed. Cannot use GNN method.
2026-10-09 02:22:49,546 - WARNING - GNN failed on rep 28: PyTorch not installed. Cannot use GNN method.
2026-10-09 02:22:50,655 - WARNING - GNN failed on rep 29: PyTorch not installed. Cannot use GNN method.
2026-10-09 02:22:51,713 - WARNING - GNN failed on rep 30: PyTorch not installed. Cannot use GNN method.
2026-10-09 02:22:52,783 - WARNING - GNN failed on rep 31: PyTorch not installed. Cannot use GNN method.
2026-10-09 02:22:53,861 - WARNING - GNN failed on rep 32: PyTorch not installed. Cannot use GNN method.
2026-10-09 02:22:54,926 - WARNING - GNN failed on rep 33: PyTorch not installed. Cannot use GNN method.
2026-10-09 02:22:56,001 - WARNING - GNN failed on rep 34: PyTorch not installed. Cannot use GNN method.
2026-10-09 02:22:57,060 - WARNING - GNN failed on rep 35: PyTorch not installed. Cannot use GNN method.
2026-10-09 02:22:58,107 - WARNING - GNN failed on rep 36: PyTorch not installed. Cannot use GNN method.
2026-10-09 02:22:59,175 - WARNING - GNN failed on rep 37: PyTorch not installed. Cannot use GNN method.
2026-10-09 02:23:00,238 - WARNING - GNN failed on rep 38: PyTorch not installed. Cannot use GNN method.
2026-10-09 02:23:01,330 - WARNING - GNN failed on rep 39: PyTorch not installed. Cannot use GNN method.
2026-10-09 02:23:02,364 - WARNING - GNN failed on rep 40: PyTorch not installed. Cannot use GNN method.
2026-10-09 02:23:03,411 - WARNING - GNN failed on rep 41: PyTorch not installed. Cannot use GNN method.
2026-10-09 02:23:04,467 - WARNING - GNN failed on rep 42: PyTorch not installed. Cannot use GNN method.
2026-10-09 02:23:05,655 - WARNING - GNN failed on rep 43: PyTorch not installed. Cannot use GNN method.
2026-10-09 02:23:06,713 - WARNING - GNN failed on rep 44: PyTorch not installed. Cannot use GNN method.
2026-10-09 02:23:07,777 - WARNING - GNN failed on rep 45: PyTorch not installed. Cannot use GNN method.
2026-10-09 02:23:09,056 - WARNING - GNN failed on rep 46: PyTorch not installed. Cannot use GNN method.
2026-10-09 02:23:10,155 - WARNING - GNN failed on rep 47: PyTorch not installed. Cannot use GNN method.
2026-10-09 02:23:11,270 - WARNING - GNN failed on rep 48: PyTorch not installed. Cannot use GNN method.
2026-10-09 02:23:12,360 - WARNING - GNN failed on rep 49: PyTorch not installed. Cannot use GNN method.
2026-10-09 02:23:13,499 - WARNING - GNN failed on rep 50: PyTorch not installed. Cannot use GNN method.
2026-10-09 02:23:14,570 - WARNING - GNN failed on rep 51: PyTorch not installed. Cannot use GNN method.
2026-10-09 02:23:15,617 - WARNING - GNN failed on rep 52: PyTorch not installed. Cannot use GNN method.
2026-10-09 02:23:16,680 - WARNING - GNN failed on rep 53: PyTorch not installed. Cannot use GNN method.
2026-10-09 02:23:17,765 - WARNING - GNN failed on rep 54: PyTorch not installed. Cannot use GNN method.
2026-10-09 02:23:18,861 - WARNING - GNN failed on rep 55: PyTorch not installed. Cannot use GNN method.
2026-10-09 02:23:19,959 - WARNING - GNN failed on rep 56: PyTorch not installed. Cannot use GNN method.
2026-10-09 02:23:21,016 - WARNING - GNN failed on rep 57: PyTorch not installed. Cannot use GNN method.
2026-10-09 02:23:22,067 - WARNING - GNN failed on rep 58: PyTorch not installed. Cannot use GNN method.
2026-10-09 02:23:23,153 - WARNING - GNN failed on rep 59: PyTorch not installed. Cannot use GNN method.
2026-10-09 02:23:24,252 - WARNING - GNN failed on rep 60: PyTorch not installed. Cannot use GNN method.
2026-10-09 02:23:25,442 - WARNING - GNN failed on rep 61: PyTorch not installed. Cannot use GNN method.
2026-10-09 02:23:26,523 - WARNING - GNN failed on rep 62: PyTorch not installed. Cannot use GNN method.
2026-10-09 02:23:28,025 - WARNING - GNN failed on rep 63: PyTorch not installed. Cannot use GNN method.
2026-10-09 02:23:29,162 - WARNING - GNN failed on rep 64: PyTorch not installed. Cannot use GNN method.
2026-10-09 02:23:30,247 - WARNING - GNN failed on rep 65: PyTorch not installed. Cannot use GNN method.
2026-10-09 02:23:31,304 - WARNING - GNN failed on rep 66: PyTorch not installed. Cannot use GNN method.
2026-10-09 02:23:32,348 - WARNING - GNN failed on rep 67: PyTorch not installed. Cannot use GNN method.
2026-10-09 02:23:33,412 - WARNING - GNN failed on rep 68: PyTorch not installed. Cannot use GNN method.
2026-10-09 02:23:34,469 - WARNING - GNN failed on rep 69: PyTorch not installed. Cannot use GNN method.
2026-10-09 02:23:35,551 - WARNING - GNN failed on rep 70: PyTorch not installed. Cannot use GNN method.
2026-10-09 02:23:36,638 - WARNING - GNN failed on rep 71: PyTorch not installed. Cannot use GNN method.
2026-10-09 02:23:37,773 - WARNING - GNN failed on rep 72: PyTorch not installed. Cannot use GNN method.
2026-10-09 02:23:39,007 - WARNING - GNN failed on rep 73: PyTorch not installed. Cannot use GNN method.
2026-10-09 02:23:40,254 - WARNING - GNN failed on rep 74: PyTorch not installed. Cannot use GNN method.
2026-10-09 02:23:42,076 - WARNING - GNN failed on rep 75: PyTorch not installed. Cannot use GNN method.
2026-10-09 02:23:43,212 - WARNING - GNN failed on rep 76: PyTorch not installed. Cannot use GNN method.
2026-10-09 02:23:44,316 - WARNING - GNN failed on rep 77: PyTorch not installed. Cannot use GNN method.
2026-10-09 02:23:45,427 - WARNING - GNN failed on rep 78: PyTorch not installed. Cannot use GNN method.
2026-10-09 02:23:46,625 - WARNING - GNN failed on rep 79: PyTorch not installed. Cannot use GNN method.
2026-10-09 02:23:47,661 - WARNING - GNN failed on rep 80: PyTorch not installed. Cannot use GNN method.
2026-10-09 02:23:48,712 - WARNING - GNN failed on rep 81: PyTorch not installed. Cannot use GNN method.
2026-10-09 02:23:49,820 - WARNING - GNN failed on rep 82: PyTorch not installed. Cannot use GNN method.
2026-10-09 02:23:50,878 - WARNING - GNN failed on rep 83: PyTorch not installed. Cannot use GNN method.
2026-10-09 02:23:51,938 - WARNING - GNN failed on rep 84: PyTorch not installed. Cannot use GNN method.
2026-10-09 02:23:52,969 - WARNING - GNN failed on rep 85: PyTorch not installed. Cannot use GNN method.
2026-10-09 02:23:54,033 - WARNING - GNN failed on rep 86: PyTorch not installed. Cannot use GNN method.
2026-10-09 02:23:55,163 - WARNING - GNN failed on rep 87: PyTorch not installed. Cannot use GNN method.
2026-10-09 02:23:56,220 - WARNING - GNN failed on rep 88: PyTorch not installed. Cannot use GNN method.
2026-10-09 02:23:57,316 - WARNING - GNN failed on rep 89: PyTorch not installed. Cannot use GNN method.
2026-10-09 02:23:58,552 - WARNING - GNN failed on rep 90: PyTorch not installed. Cannot use GNN method.
2026-10-09 02:23:59,686 - WARNING - GNN failed on rep 91: PyTorch not installed. Cannot use GNN method.
2026-10-09 02:24:00,786 - WARNING - GNN failed on rep 92: PyTorch not installed. Cannot use GNN method.
2026-10-09 02:24:01,857 - WARNING - GNN failed on rep 93: PyTorch not installed. Cannot use GNN method.
2026-10-09 02:24:02,906 - WARNING - GNN failed on rep 94: PyTorch not installed. Cannot use GNN method.
2026-10-09 02:24:03,989 - WARNING - GNN failed on rep 95: PyTorch not installed. Cannot use GNN method.
2026-10-09 02:24:05,020 - WARNING - GNN failed on rep 96: PyTorch not installed. Cannot use GNN method.
2026-10-09 02:24:06,219 - WARNING - GNN failed on rep 97: PyTorch not installed. Cannot use GNN method.
2026-10-09 02:24:07,282 - WARNING - GNN failed on rep 98: PyTorch not installed. Cannot use GNN method.
2026-10-09 02:24:08,349 - WARNING - GNN failed on rep 99: PyTorch not installed. Cannot use GNN method.
2026-10-09 02:24:08,357 - INFO - Completed: T50_N0.3_D2_DF3
2026-10-09 02:24:08,361 - INFO - Configuration 8/90
2026-10-09 02:24:08,362 - INFO - Starting configuration: T50_N0.3_D4_DF3
2026-10-09 02:24:09,729 - WARNING - GNN failed on rep 0: PyTorch not installed. Cannot use GNN method.
2026-10-09 02:24:10,817 - WARNING - GNN failed on rep 1: PyTorch not installed. Cannot use GNN method.
2026-10-09 02:24:11,907 - WARNING - GNN failed on rep 2: PyTorch not installed. Cannot use GNN method.
2026-10-09 02:24:12,992 - WARNING - GNN failed on rep 3: PyTorch not installed. Cannot use GNN method.
2026-10-09 02:24:14,107 - WARNING - GNN failed on rep 4: PyTorch not installed. Cannot use GNN method.
2026-10-09 02:24:15,167 - WARNING - GNN failed on rep 5: PyTorch not installed. Cannot use GNN method.
2026-10-09 02:24:16,206 - WARNING - GNN failed on rep 6: PyTorch not installed. Cannot use GNN method.
2026-10-09 02:24:17,269 - WARNING - GNN failed on rep 7: PyTorch not installed. Cannot use GNN method.
2026-10-09 02:24:18,346 - WARNING - GNN failed on rep 8: PyTorch not installed. Cannot use GNN method.
2026-10-09 02:24:19,413 - WARNING - GNN failed on rep 9: PyTorch not installed. Cannot use GNN method.
2026-10-09 02:24:20,463 - WARNING - GNN failed on rep 10: PyTorch not installed. Cannot use GNN method.
2026-10-09 02:24:21,533 - WARNING - GNN failed on rep 11: PyTorch not installed. Cannot use GNN method.
2026-10-09 02:24:22,583 - WARNING - GNN failed on rep 12: PyTorch not installed. Cannot use GNN method.
2026-10-09 02:24:23,770 - WARNING - GNN failed on rep 13: PyTorch not installed. Cannot use GNN method.
2026-10-09 02:24:24,833 - WARNING - GNN failed on rep 14: PyTorch not installed. Cannot use GNN method.
2026-10-09 02:24:25,930 - WARNING - GNN failed on rep 15: PyTorch not installed. Cannot use GNN method.
2026-10-09 02:24:26,958 - WARNING - GNN failed on rep 16: PyTorch not installed. Cannot use GNN method.
2026-10-09 02:24:28,579 - WARNING - GNN failed on rep 17: PyTorch not installed. Cannot use GNN method.
2026-10-09 02:24:29,686 - WARNING - GNN failed on rep 18: PyTorch not installed. Cannot use GNN method.
2026-10-09 02:24:30,705 - WARNING - GNN failed on rep 19: PyTorch not installed. Cannot use GNN method.
2026-10-09 02:24:31,740 - WARNING - GNN failed on rep 20: PyTorch not installed. Cannot use GNN method.
2026-10-09 02:24:32,828 - WARNING - GNN failed on rep 21: PyTorch not installed. Cannot use GNN method.
2026-10-09 02:24:33,874 - WARNING - GNN failed on rep 22: PyTorch not installed. Cannot use GNN method.
2026-10-09 02:24:34,908 - WARNING - GNN failed on rep 23: PyTorch not installed. Cannot use GNN method.
2026-10-09 02:24:35,944 - WARNING - GNN failed on rep 24: PyTorch not installed. Cannot use GNN method.
2026-10-09 02:24:37,005 - WARNING - GNN failed on rep 25: PyTorch not installed. Cannot use GNN method.
2026-10-09 02:24:38,055 - WARNING - GNN failed on rep 26: PyTorch not installed. Cannot use GNN method.
2026-10-09 02:24:39,139 - WARNING - GNN failed on rep 27: PyTorch not installed. Cannot use GNN method.
2026-10-09 02:24:40,183 - WARNING - GNN failed on rep 28: PyTorch not installed. Cannot use GNN method.
2026-10-09 02:24:41,250 - WARNING - GNN failed on rep 29: PyTorch not installed. Cannot use GNN method.
2026-10-09 02:24:42,395 - WARNING - GNN failed on rep 30: PyTorch not installed. Cannot use GNN method.
2026-10-09 02:24:43,458 - WARNING - GNN failed on rep 31: PyTorch not installed. Cannot use GNN method.
2026-10-09 02:24:44,503 - WARNING - GNN failed on rep 32: PyTorch not installed. Cannot use GNN method.
2026-10-09 02:24:45,577 - WARNING - GNN failed on rep 33: PyTorch not installed. Cannot use GNN method.
2026-10-09 02:24:46,634 - WARNING - GNN failed on rep 34: PyTorch not installed. Cannot use GNN method.
2026-10-09 02:24:47,710 - WARNING - GNN failed on rep 35: PyTorch not installed. Cannot use GNN method.
2026-10-09 02:24:48,799 - WARNING - GNN failed on rep 36: PyTorch not installed. Cannot use GNN method.
2026-10-09 02:24:49,834 - WARNING - GNN failed on rep 37: PyTorch not installed. Cannot use GNN method.
2026-10-09 02:24:50,919 - WARNING - GNN failed on rep 38: PyTorch not installed. Cannot use GNN method.
2026-10-09 02:24:51,984 - WARNING - GNN failed on rep 39: PyTorch not installed. Cannot use GNN method.
2026-10-09 02:24:53,058 - WARNING - GNN failed on rep 40: PyTorch not installed. Cannot use GNN method.
2026-10-09 02:24:54,087 - WARNING - GNN failed on rep 41: PyTorch not installed. Cannot use GNN method.
2026-10-09 02:24:55,136 - WARNING - GNN failed on rep 42: PyTorch not installed. Cannot use GNN method.
2026-10-09 02:24:56,201 - WARNING - GNN failed on rep 43: PyTorch not installed. Cannot use GNN method.
2026-10-09 02:24:57,231 - WARNING - GNN failed on rep 44: PyTorch not installed. Cannot use GNN method.
2026-10-09 02:24:58,318 - WARNING - GNN failed on rep 45: PyTorch not installed. Cannot use GNN method.
2026-10-09 02:24:59,337 - WARNING - GNN failed on rep 46: PyTorch not installed. Cannot use GNN method.
2026-10-09 02:25:00,437 - WARNING - GNN failed on rep 47: PyTorch not installed. Cannot use GNN method.
2026-10-09 02:25:01,627 - WARNING - GNN failed on rep 48: PyTorch not installed. Cannot use GNN method.
2026-10-09 02:25:02,714 - WARNING - GNN failed on rep 49: PyTorch not installed. Cannot use GNN method.
2026-10-09 02:25:03,745 - WARNING - GNN failed on rep 50: PyTorch not installed. Cannot use GNN method.
2026-10-09 02:25:04,819 - WARNING - GNN failed on rep 51: PyTorch not installed. Cannot use GNN method.
2026-10-09 02:25:05,895 - WARNING - GNN failed on rep 52: PyTorch not installed. Cannot use GNN method.
2026-10-09 02:25:06,951 - WARNING - GNN failed on rep 53: PyTorch not installed. Cannot use GNN method.
2026-10-09 02:25:07,993 - WARNING - GNN failed on rep 54: PyTorch not installed. Cannot use GNN method.
2026-10-09 02:25:09,028 - WARNING - GNN failed on rep 55: PyTorch not installed. Cannot use GNN method.
2026-10-09 02:25:10,095 - WARNING - GNN failed on rep 56: PyTorch not installed. Cannot use GNN method.
2026-10-09 02:25:11,117 - WARNING - GNN failed on rep 57: PyTorch not installed. Cannot use GNN method.
2026-10-09 02:25:12,277 - WARNING - GNN failed on rep 58: PyTorch not installed. Cannot use GNN method.
2026-10-09 02:25:13,361 - WARNING - GNN failed on rep 59: PyTorch not installed. Cannot use GNN method.
2026-10-09 02:25:14,813 - WARNING - GNN failed on rep 60: PyTorch not installed. Cannot use GNN method.
2026-10-09 02:25:16,089 - WARNING - GNN failed on rep 61: PyTorch not installed. Cannot use GNN method.
2026-10-09 02:25:17,185 - WARNING - GNN failed on rep 62: PyTorch not installed. Cannot use GNN method.
2026-10-09 02:25:18,249 - WARNING - GNN failed on rep 63: PyTorch not installed. Cannot use GNN method.
2026-10-09 02:25:19,336 - WARNING - GNN failed on rep 64: PyTorch not installed. Cannot use GNN method.
2026-10-09 02:25:20,424 - WARNING - GNN failed on rep 65: PyTorch not installed. Cannot use GNN method.
2026-10-09 02:25:21,587 - WARNING - GNN failed on rep 66: PyTorch not installed. Cannot use GNN method.
2026-10-09 02:25:22,645 - WARNING - GNN failed on rep 67: PyTorch not installed. Cannot use GNN method.
2026-10-09 02:25:23,702 - WARNING - GNN failed on rep 68: PyTorch not installed. Cannot use GNN method.
2026-10-09 02:25:24,813 - WARNING - GNN failed on rep 69: PyTorch not installed. Cannot use GNN method.
2026-10-09 02:25:25,924 - WARNING - GNN failed on rep 70: PyTorch not installed. Cannot use GNN method.
2026-10-09 02:25:27,020 - WARNING - GNN failed on rep 71: PyTorch not installed. Cannot use GNN method.
2026-10-09 02:25:28,794 - WARNING - GNN failed on rep 72: PyTorch not installed. Cannot use GNN method.
2026-10-09 02:25:29,865 - WARNING - GNN failed on rep 73: PyTorch not installed. Cannot use GNN method.
2026-10-09 02:25:30,914 - WARNING - GNN failed on rep 74: PyTorch not installed. Cannot use GNN method.
2026-10-09 02:25:31,993 - WARNING - GNN failed on rep 75: PyTorch not installed. Cannot use GNN method.
2026-10-09 02:25:33,059 - WARNING - GNN failed on rep 76: PyTorch not installed. Cannot use GNN method.
2026-10-09 02:25:34,154 - WARNING - GNN failed on rep 77: PyTorch not installed. Cannot use GNN method.
2026-10-09 02:25:35,187 - WARNING - GNN failed on rep 78: PyTorch not installed. Cannot use GNN method.
2026-10-09 02:25:36,257 - WARNING - GNN failed on rep 79: PyTorch not installed. Cannot use GNN method.
2026-10-09 02:25:37,303 - WARNING - GNN failed on rep 80: PyTorch not installed. Cannot use GNN method.
2026-10-09 02:25:38,340 - WARNING - GNN failed on rep 81: PyTorch not installed. Cannot use GNN method.
2026-10-09 02:25:39,433 - WARNING - GNN failed on rep 82: PyTorch not installed. Cannot use GNN method.
2026-10-09 02:25:40,608 - WARNING - GNN failed on rep 83: PyTorch not installed. Cannot use GNN method.
2026-10-09 02:25:41,665 - WARNING - GNN failed on rep 84: PyTorch not installed. Cannot use GNN method.
2026-10-09 02:25:42,741 - WARNING - GNN failed on rep 85: PyTorch not installed. Cannot use GNN method.
2026-10-09 02:25:43,753 - WARNING - GNN failed on rep 86: PyTorch not installed. Cannot use GNN method.
2026-10-09 02:25:44,873 - WARNING - GNN failed on rep 87: PyTorch not installed. Cannot use GNN method.
2026-10-09 02:25:45,955 - WARNING - GNN failed on rep 88: PyTorch not installed. Cannot use GNN method.
2026-10-09 02:25:46,997 - WARNING - GNN failed on rep 89: PyTorch not installed. Cannot use GNN method.
2026-10-09 02:25:48,087 - WARNING - GNN failed on rep 90: PyTorch not installed. Cannot use GNN method.
2026-10-09 02:25:49,151 - WARNING - GNN failed on rep 91: PyTorch not installed. Cannot use GNN method.
2026-10-09 02:25:50,233 - WARNING - GNN failed on rep 92: PyTorch not installed. Cannot use GNN method.
2026-10-09 02:25:51,282 - WARNING - GNN failed on rep 93: PyTorch not installed. Cannot use GNN method.
2026-10-09 02:25:52,477 - WARNING - GNN failed on rep 94: PyTorch not installed. Cannot use GNN method.
2026-10-09 02:25:53,560 - WARNING - GNN failed on rep 95: PyTorch not installed. Cannot use GNN method.
2026-10-09 02:25:54,684 - WARNING - GNN failed on rep 96: PyTorch not installed. Cannot use GNN method.
2026-10-09 02:25:55,878 - WARNING - GNN failed on rep 97: PyTorch not installed. Cannot use GNN method.
2026-10-09 02:25:56,923 - WARNING - GNN failed on rep 98: PyTorch not installed. Cannot use GNN method.
2026-10-09 02:25:57,983 - WARNING - GNN failed on rep 99: PyTorch not installed. Cannot use GNN method.
2026-10-09 02:25:57,989 - INFO - Completed: T50_N0.3_D4_DF3
2026-10-09 02:25:57,993 - INFO - Configuration 9/90
2026-10-09 02:25:57,993 - INFO - Starting configuration: T50_N0.3_D2_DF5
2026-10-09 02:25:59,343 - WARNING - GNN failed on rep 0: PyTorch not installed. Cannot use GNN method.
2026-10-09 02:26:00,405 - WARNING - GNN failed on rep 1: PyTorch not installed. Cannot use GNN method.
2026-10-09 02:26:01,450 - WARNING - GNN failed on rep 2: PyTorch not installed. Cannot use GNN method.
2026-10-09 02:26:02,503 - WARNING - GNN failed on rep 3: PyTorch not installed. Cannot use GNN method.
2026-10-09 02:26:03,527 - WARNING - GNN failed on rep 4: PyTorch not installed. Cannot use GNN method.
2026-10-09 02:26:04,614 - WARNING - GNN failed on rep 5: PyTorch not installed. Cannot use GNN method.
2026-10-09 02:26:05,693 - WARNING - GNN failed on rep 6: PyTorch not installed. Cannot use GNN method.
2026-10-09 02:26:06,728 - WARNING - GNN failed on rep 7: PyTorch not installed. Cannot use GNN method.
2026-10-09 02:26:07,839 - WARNING - GNN failed on rep 8: PyTorch not installed. Cannot use GNN method.
2026-10-09 02:26:08,878 - WARNING - GNN failed on rep 9: PyTorch not installed. Cannot use GNN method.
2026-10-09 02:26:09,913 - WARNING - GNN failed on rep 10: PyTorch not installed. Cannot use GNN method.
2026-10-09 02:26:11,042 - WARNING - GNN failed on rep 11: PyTorch not installed. Cannot use GNN method.
2026-10-09 02:26:12,121 - WARNING - GNN failed on rep 12: PyTorch not installed. Cannot use GNN method.
2026-10-09 02:26:13,454 - WARNING - GNN failed on rep 13: PyTorch not installed. Cannot use GNN method.
2026-10-09 02:26:14,503 - WARNING - GNN failed on rep 14: PyTorch not installed. Cannot use GNN method.
2026-10-09 02:26:15,573 - WARNING - GNN failed on rep 15: PyTorch not installed. Cannot use GNN method.
2026-10-09 02:26:16,657 - WARNING - GNN failed on rep 16: PyTorch not installed. Cannot use GNN method.
2026-10-09 02:26:17,758 - WARNING - GNN failed on rep 17: PyTorch not installed. Cannot use GNN method.
2026-10-09 02:26:18,770 - WARNING - GNN failed on rep 18: PyTorch not installed. Cannot use GNN method.
2026-10-09 02:26:19,807 - WARNING - GNN failed on rep 19: PyTorch not installed. Cannot use GNN method.
2026-10-09 02:26:20,853 - WARNING - GNN failed on rep 20: PyTorch not installed. Cannot use GNN method.
2026-10-09 02:26:21,897 - WARNING - GNN failed on rep 21: PyTorch not installed. Cannot use GNN method.
2026-10-09 02:26:22,952 - WARNING - GNN failed on rep 22: PyTorch not installed. Cannot use GNN method.
2026-10-09 02:26:24,010 - WARNING - GNN failed on rep 23: PyTorch not installed. Cannot use GNN method.
2026-10-09 02:26:25,046 - WARNING - GNN failed on rep 24: PyTorch not installed. Cannot use GNN method.
2026-10-09 02:26:26,115 - WARNING - GNN failed on rep 25: PyTorch not installed. Cannot use GNN method.
2026-10-09 02:26:27,221 - WARNING - GNN failed on rep 26: PyTorch not installed. Cannot use GNN method.
2026-10-09 02:26:28,945 - WARNING - GNN failed on rep 27: PyTorch not installed. Cannot use GNN method.
2026-10-09 02:26:30,018 - WARNING - GNN failed on rep 28: PyTorch not installed. Cannot use GNN method.
2026-10-09 02:26:31,035 - WARNING - GNN failed on rep 29: PyTorch not installed. Cannot use GNN method.
2026-10-09 02:26:32,188 - WARNING - GNN failed on rep 30: PyTorch not installed. Cannot use GNN method.
2026-10-09 02:26:33,230 - WARNING - GNN failed on rep 31: PyTorch not installed. Cannot use GNN method.
2026-10-09 02:26:34,279 - WARNING - GNN failed on rep 32: PyTorch not installed. Cannot use GNN method.
2026-10-09 02:26:35,331 - WARNING - GNN failed on rep 33: PyTorch not installed. Cannot use GNN method.
2026-10-09 02:26:36,341 - WARNING - GNN failed on rep 34: PyTorch not installed. Cannot use GNN method.
2026-10-09 02:26:37,406 - WARNING - GNN failed on rep 35: PyTorch not installed. Cannot use GNN method.
2026-10-09 02:26:38,440 - WARNING - GNN failed on rep 36: PyTorch not installed. Cannot use GNN method.
2026-10-09 02:26:39,472 - WARNING - GNN failed on rep 37: PyTorch not installed. Cannot use GNN method.
2026-10-09 02:26:40,507 - WARNING - GNN failed on rep 38: PyTorch not installed. Cannot use GNN method.
2026-10-09 02:26:41,616 - WARNING - GNN failed on rep 39: PyTorch not installed. Cannot use GNN method.
2026-10-09 02:26:42,675 - WARNING - GNN failed on rep 40: PyTorch not installed. Cannot use GNN method.
2026-10-09 02:26:43,787 - WARNING - GNN failed on rep 41: PyTorch not installed. Cannot use GNN method.
2026-10-09 02:26:44,815 - WARNING - GNN failed on rep 42: PyTorch not installed. Cannot use GNN method.
2026-10-09 02:26:45,847 - WARNING - GNN failed on rep 43: PyTorch not installed. Cannot use GNN method.
2026-10-09 02:26:46,909 - WARNING - GNN failed on rep 44: PyTorch not installed. Cannot use GNN method.
2026-10-09 02:26:47,959 - WARNING - GNN failed on rep 45: PyTorch not installed. Cannot use GNN method.
2026-10-09 02:26:49,028 - WARNING - GNN failed on rep 46: PyTorch not installed. Cannot use GNN method.
2026-10-09 02:26:50,091 - WARNING - GNN failed on rep 47: PyTorch not installed. Cannot use GNN method.
2026-10-09 02:26:51,268 - WARNING - GNN failed on rep 48: PyTorch not installed. Cannot use GNN method.
2026-10-09 02:26:52,342 - WARNING - GNN failed on rep 49: PyTorch not installed. Cannot use GNN method.
2026-10-09 02:26:53,415 - WARNING - GNN failed on rep 50: PyTorch not installed. Cannot use GNN method.
2026-10-09 02:26:54,438 - WARNING - GNN failed on rep 51: PyTorch not installed. Cannot use GNN method.
2026-10-09 02:26:55,449 - WARNING - GNN failed on rep 52: PyTorch not installed. Cannot use GNN method.
2026-10-09 02:26:56,473 - WARNING - GNN failed on rep 53: PyTorch not installed. Cannot use GNN method.
2026-10-09 02:26:57,532 - WARNING - GNN failed on rep 54: PyTorch not installed. Cannot use GNN method.
2026-10-09 02:26:58,621 - WARNING - GNN failed on rep 55: PyTorch not installed. Cannot use GNN method.
2026-10-09 02:26:59,667 - WARNING - GNN failed on rep 56: PyTorch not installed. Cannot use GNN method.
2026-10-09 02:27:00,725 - WARNING - GNN failed on rep 57: PyTorch not installed. Cannot use GNN method.
2026-10-09 02:27:01,769 - WARNING - GNN failed on rep 58: PyTorch not installed. Cannot use GNN method.
2026-10-09 02:27:02,805 - WARNING - GNN failed on rep 59: PyTorch not installed. Cannot use GNN method.
2026-10-09 02:27:03,841 - WARNING - GNN failed on rep 60: PyTorch not installed. Cannot use GNN method.
2026-10-09 02:27:04,872 - WARNING - GNN failed on rep 61: PyTorch not installed. Cannot use GNN method.
2026-10-09 02:27:05,983 - WARNING - GNN failed on rep 62: PyTorch not installed. Cannot use GNN method.
2026-10-09 02:27:07,003 - WARNING - GNN failed on rep 63: PyTorch not installed. Cannot use GNN method.
2026-10-09 02:27:08,039 - WARNING - GNN failed on rep 64: PyTorch not installed. Cannot use GNN method.
2026-10-09 02:27:09,070 - WARNING - GNN failed on rep 65: PyTorch not installed. Cannot use GNN method.
2026-10-09 02:27:10,225 - WARNING - GNN failed on rep 66: PyTorch not installed. Cannot use GNN method.
2026-10-09 02:27:11,268 - WARNING - GNN failed on rep 67: PyTorch not installed. Cannot use GNN method.
2026-10-09 02:27:12,304 - WARNING - GNN failed on rep 68: PyTorch not installed. Cannot use GNN method.
2026-10-09 02:27:13,355 - WARNING - GNN failed on rep 69: PyTorch not installed. Cannot use GNN method.
2026-10-09 02:27:14,394 - WARNING - GNN failed on rep 70: PyTorch not installed. Cannot use GNN method.
2026-10-09 02:27:15,427 - WARNING - GNN failed on rep 71: PyTorch not installed. Cannot use GNN method.
2026-10-09 02:27:16,540 - WARNING - GNN failed on rep 72: PyTorch not installed. Cannot use GNN method.
2026-10-09 02:27:17,580 - WARNING - GNN failed on rep 73: PyTorch not installed. Cannot use GNN method.
2026-10-09 02:27:18,616 - WARNING - GNN failed on rep 74: PyTorch not installed. Cannot use GNN method.
2026-10-09 02:27:19,646 - WARNING - GNN failed on rep 75: PyTorch not installed. Cannot use GNN method.
2026-10-09 02:27:20,698 - WARNING - GNN failed on rep 76: PyTorch not installed. Cannot use GNN method.
2026-10-09 02:27:21,760 - WARNING - GNN failed on rep 77: PyTorch not installed. Cannot use GNN method.
2026-10-09 02:27:22,785 - WARNING - GNN failed on rep 78: PyTorch not installed. Cannot use GNN method.
2026-10-09 02:27:23,845 - WARNING - GNN failed on rep 79: PyTorch not installed. Cannot use GNN method.
2026-10-09 02:27:24,900 - WARNING - GNN failed on rep 80: PyTorch not installed. Cannot use GNN method.
2026-10-09 02:27:25,987 - WARNING - GNN failed on rep 81: PyTorch not installed. Cannot use GNN method.
2026-10-09 02:27:27,020 - WARNING - GNN failed on rep 82: PyTorch not installed. Cannot use GNN method.
2026-10-09 02:27:28,704 - WARNING - GNN failed on rep 83: PyTorch not installed. Cannot use GNN method.
2026-10-09 02:27:29,744 - WARNING - GNN failed on rep 84: PyTorch not installed. Cannot use GNN method.
2026-10-09 02:27:30,808 - WARNING - GNN failed on rep 85: PyTorch not installed. Cannot use GNN method.
2026-10-09 02:27:31,934 - WARNING - GNN failed on rep 86: PyTorch not installed. Cannot use GNN method.
2026-10-09 02:27:33,039 - WARNING - GNN failed on rep 87: PyTorch not installed. Cannot use GNN method.
2026-10-09 02:27:34,967 - WARNING - GNN failed on rep 88: PyTorch not installed. Cannot use GNN method.
2026-10-09 02:27:37,334 - WARNING - GNN failed on rep 89: PyTorch not installed. Cannot use GNN method.
2026-10-09 02:27:39,760 - WARNING - GNN failed on rep 90: PyTorch not installed. Cannot use GNN method.
2026-10-09 02:27:42,086 - WARNING - GNN failed on rep 91: PyTorch not installed. Cannot use GNN method.
2026-10-09 02:27:44,216 - WARNING - GNN failed on rep 92: PyTorch not installed. Cannot use GNN method.
2026-10-09 02:27:46,615 - WARNING - GNN failed on rep 93: PyTorch not installed. Cannot use GNN method.
2026-10-09 02:27:48,784 - WARNING - GNN failed on rep 94: PyTorch not installed. Cannot use GNN method.
2026-10-09 02:27:51,010 - WARNING - GNN failed on rep 95: PyTorch not installed. Cannot use GNN method.
2026-10-09 02:27:53,241 - WARNING - GNN failed on rep 96: PyTorch not installed. Cannot use GNN method.
2026-10-09 02:27:54,730 - WARNING - GNN failed on rep 97: PyTorch not installed. Cannot use GNN method.
2026-10-09 02:27:55,830 - WARNING - GNN failed on rep 98: PyTorch not installed. Cannot use GNN method.
2026-10-09 02:27:56,878 - WARNING - GNN failed on rep 99: PyTorch not installed. Cannot use GNN method.
2026-10-09 02:27:56,885 - INFO - Completed: T50_N0.3_D2_DF5
2026-10-09 02:27:56,888 - INFO - Configuration 10/90
2026-10-09 02:27:56,889 - INFO - Starting configuration: T50_N0.3_D4_DF5
2026-10-09 02:27:58,265 - WARNING - GNN failed on rep 0: PyTorch not installed. Cannot use GNN method.
2026-10-09 02:27:59,300 - WARNING - GNN failed on rep 1: PyTorch not installed. Cannot use GNN method.
2026-10-09 02:28:00,391 - WARNING - GNN failed on rep 2: PyTorch not installed. Cannot use GNN method.
2026-10-09 02:28:01,466 - WARNING - GNN failed on rep 3: PyTorch not installed. Cannot use GNN method.
2026-10-09 02:28:02,587 - WARNING - GNN failed on rep 4: PyTorch not installed. Cannot use GNN method.
2026-10-09 02:28:03,650 - WARNING - GNN failed on rep 5: PyTorch not installed. Cannot use GNN method.
2026-10-09 02:28:04,740 - WARNING - GNN failed on rep 6: PyTorch not installed. Cannot use GNN method.
2026-10-09 02:28:05,924 - WARNING - GNN failed on rep 7: PyTorch not installed. Cannot use GNN method.
2026-10-09 02:28:06,986 - WARNING - GNN failed on rep 8: PyTorch not installed. Cannot use GNN method.
2026-10-09 02:28:08,056 - WARNING - GNN failed on rep 9: PyTorch not installed. Cannot use GNN method.
2026-10-09 02:28:09,109 - WARNING - GNN failed on rep 10: PyTorch not installed. Cannot use GNN method.
2026-10-09 02:28:10,172 - WARNING - GNN failed on rep 11: PyTorch not installed. Cannot use GNN method.
2026-10-09 02:28:11,262 - WARNING - GNN failed on rep 12: PyTorch not installed. Cannot use GNN method.
2026-10-09 02:28:12,332 - WARNING - GNN failed on rep 13: PyTorch not installed. Cannot use GNN method.
2026-10-09 02:28:13,420 - WARNING - GNN failed on rep 14: PyTorch not installed. Cannot use GNN method.
2026-10-09 02:28:14,470 - WARNING - GNN failed on rep 15: PyTorch not installed. Cannot use GNN method.
2026-10-09 02:28:15,540 - WARNING - GNN failed on rep 16: PyTorch not installed. Cannot use GNN method.
2026-10-09 02:28:16,581 - WARNING - GNN failed on rep 17: PyTorch not installed. Cannot use GNN method.
2026-10-09 02:28:17,772 - WARNING - GNN failed on rep 18: PyTorch not installed. Cannot use GNN method.
2026-10-09 02:28:18,856 - WARNING - GNN failed on rep 19: PyTorch not installed. Cannot use GNN method.
2026-10-09 02:28:19,947 - WARNING - GNN failed on rep 20: PyTorch not installed. Cannot use GNN method.
2026-10-09 02:28:20,977 - WARNING - GNN failed on rep 21: PyTorch not installed. Cannot use GNN method.
2026-10-09 02:28:22,022 - WARNING - GNN failed on rep 22: PyTorch not installed. Cannot use GNN method.
2026-10-09 02:28:23,085 - WARNING - GNN failed on rep 23: PyTorch not installed. Cannot use GNN method.
2026-10-09 02:28:24,123 - WARNING - GNN failed on rep 24: PyTorch not installed. Cannot use GNN method.
2026-10-09 02:28:25,184 - WARNING - GNN failed on rep 25: PyTorch not installed. Cannot use GNN method.
2026-10-09 02:28:26,262 - WARNING - GNN failed on rep 26: PyTorch not installed. Cannot use GNN method.
2026-10-09 02:28:27,306 - WARNING - GNN failed on rep 27: PyTorch not installed. Cannot use GNN method.
2026-10-09 02:28:29,289 - WARNING - GNN failed on rep 28: PyTorch not installed. Cannot use GNN method.
2026-10-09 02:28:30,699 - WARNING - GNN failed on rep 29: PyTorch not installed. Cannot use GNN method.
2026-10-09 02:28:31,871 - WARNING - GNN failed on rep 30: PyTorch not installed. Cannot use GNN method.
2026-10-09 02:28:32,987 - WARNING - GNN failed on rep 31: PyTorch not installed. Cannot use GNN method.
2026-10-09 02:28:34,038 - WARNING - GNN failed on rep 32: PyTorch not installed. Cannot use GNN method.
2026-10-09 02:28:35,096 - WARNING - GNN failed on rep 33: PyTorch not installed. Cannot use GNN method.
2026-10-09 02:28:36,188 - WARNING - GNN failed on rep 34: PyTorch not installed. Cannot use GNN method.
2026-10-09 02:28:37,223 - WARNING - GNN failed on rep 35: PyTorch not installed. Cannot use GNN method.
2026-10-09 02:28:38,335 - WARNING - GNN failed on rep 36: PyTorch not installed. Cannot use GNN method.
2026-10-09 02:28:39,409 - WARNING - GNN failed on rep 37: PyTorch not installed. Cannot use GNN method.
2026-10-09 02:28:40,479 - WARNING - GNN failed on rep 38: PyTorch not installed. Cannot use GNN method.
2026-10-09 02:28:41,532 - WARNING - GNN failed on rep 39: PyTorch not installed. Cannot use GNN method.
2026-10-09 02:28:42,583 - WARNING - GNN failed on rep 40: PyTorch not installed. Cannot use GNN method.
2026-10-09 02:28:43,700 - WARNING - GNN failed on rep 41: PyTorch not installed. Cannot use GNN method.
2026-10-09 02:28:44,776 - WARNING - GNN failed on rep 42: PyTorch not installed. Cannot use GNN method.
2026-10-09 02:28:45,821 - WARNING - GNN failed on rep 43: PyTorch not installed. Cannot use GNN method.
2026-10-09 02:28:46,884 - WARNING - GNN failed on rep 44: PyTorch not installed. Cannot use GNN method.
2026-10-09 02:28:48,070 - WARNING - GNN failed on rep 45: PyTorch not installed. Cannot use GNN method.
2026-10-09 02:28:49,162 - WARNING - GNN failed on rep 46: PyTorch not installed. Cannot use GNN method.
2026-10-09 02:28:50,236 - WARNING - GNN failed on rep 47: PyTorch not installed. Cannot use GNN method.
2026-10-09 02:28:51,274 - WARNING - GNN failed on rep 48: PyTorch not installed. Cannot use GNN method.
2026-10-09 02:28:52,333 - WARNING - GNN failed on rep 49: PyTorch not installed. Cannot use GNN method.
2026-10-09 02:28:53,391 - WARNING - GNN failed on rep 50: PyTorch not installed. Cannot use GNN method.
2026-10-09 02:28:54,454 - WARNING - GNN failed on rep 51: PyTorch not installed. Cannot use GNN method.
2026-10-09 02:28:55,523 - WARNING - GNN failed on rep 52: PyTorch not installed. Cannot use GNN method.
2026-10-09 02:28:56,567 - WARNING - GNN failed on rep 53: PyTorch not installed. Cannot use GNN method.
2026-10-09 02:28:57,668 - WARNING - GNN failed on rep 54: PyTorch not installed. Cannot use GNN method.
2026-10-09 02:28:58,713 - WARNING - GNN failed on rep 55: PyTorch not installed. Cannot use GNN method.
2026-10-09 02:28:59,830 - WARNING - GNN failed on rep 56: PyTorch not installed. Cannot use GNN method.
2026-10-09 02:29:00,898 - WARNING - GNN failed on rep 57: PyTorch not installed. Cannot use GNN method.
2026-10-09 02:29:01,976 - WARNING - GNN failed on rep 58: PyTorch not installed. Cannot use GNN method.
2026-10-09 02:29:03,029 - WARNING - GNN failed on rep 59: PyTorch not installed. Cannot use GNN method.
2026-10-09 02:29:04,146 - WARNING - GNN failed on rep 60: PyTorch not installed. Cannot use GNN method.
2026-10-09 02:29:05,204 - WARNING - GNN failed on rep 61: PyTorch not installed. Cannot use GNN method.
2026-10-09 02:29:06,249 - WARNING - GNN failed on rep 62: PyTorch not installed. Cannot use GNN method.
2026-10-09 02:29:07,420 - WARNING - GNN failed on rep 63: PyTorch not installed. Cannot use GNN method.
2026-10-09 02:29:08,449 - WARNING - GNN failed on rep 64: PyTorch not installed. Cannot use GNN method.
2026-10-09 02:29:09,483 - WARNING - GNN failed on rep 65: PyTorch not installed. Cannot use GNN method.
2026-10-09 02:29:10,516 - WARNING - GNN failed on rep 66: PyTorch not installed. Cannot use GNN method.
2026-10-09 02:29:11,558 - WARNING - GNN failed on rep 67: PyTorch not installed. Cannot use GNN method.
2026-10-09 02:29:12,642 - WARNING - GNN failed on rep 68: PyTorch not installed. Cannot use GNN method.
2026-10-09 02:29:13,656 - WARNING - GNN failed on rep 69: PyTorch not installed. Cannot use GNN method.
2026-10-09 02:29:14,673 - WARNING - GNN failed on rep 70: PyTorch not installed. Cannot use GNN method.
2026-10-09 02:29:15,685 - WARNING - GNN failed on rep 71: PyTorch not installed. Cannot use GNN method.
2026-10-09 02:29:16,698 - WARNING - GNN failed on rep 72: PyTorch not installed. Cannot use GNN method.
2026-10-09 02:29:17,733 - WARNING - GNN failed on rep 73: PyTorch not installed. Cannot use GNN method.
2026-10-09 02:29:18,750 - WARNING - GNN failed on rep 74: PyTorch not installed. Cannot use GNN method.
2026-10-09 02:29:19,771 - WARNING - GNN failed on rep 75: PyTorch not installed. Cannot use GNN method.
2026-10-09 02:29:20,801 - WARNING - GNN failed on rep 76: PyTorch not installed. Cannot use GNN method.
2026-10-09 02:29:21,841 - WARNING - GNN failed on rep 77: PyTorch not installed. Cannot use GNN method.
2026-10-09 02:29:22,862 - WARNING - GNN failed on rep 78: PyTorch not installed. Cannot use GNN method.
2026-10-09 02:29:23,906 - WARNING - GNN failed on rep 79: PyTorch not installed. Cannot use GNN method.
2026-10-09 02:29:24,948 - WARNING - GNN failed on rep 80: PyTorch not installed. Cannot use GNN method.
2026-10-09 02:29:26,092 - WARNING - GNN failed on rep 81: PyTorch not installed. Cannot use GNN method.
2026-10-09 02:29:27,161 - WARNING - GNN failed on rep 82: PyTorch not installed. Cannot use GNN method.
2026-10-09 02:29:28,964 - WARNING - GNN failed on rep 83: PyTorch not installed. Cannot use GNN method.
2026-10-09 02:29:30,011 - WARNING - GNN failed on rep 84: PyTorch not installed. Cannot use GNN method.
2026-10-09 02:29:31,044 - WARNING - GNN failed on rep 85: PyTorch not installed. Cannot use GNN method.
2026-10-09 02:29:32,084 - WARNING - GNN failed on rep 86: PyTorch not installed. Cannot use GNN method.
2026-10-09 02:29:33,128 - WARNING - GNN failed on rep 87: PyTorch not installed. Cannot use GNN method.
2026-10-09 02:29:34,165 - WARNING - GNN failed on rep 88: PyTorch not installed. Cannot use GNN method.
2026-10-09 02:29:35,186 - WARNING - GNN failed on rep 89: PyTorch not installed. Cannot use GNN method.
2026-10-09 02:29:36,230 - WARNING - GNN failed on rep 90: PyTorch not installed. Cannot use GNN method.
2026-10-09 02:29:37,281 - WARNING - GNN failed on rep 91: PyTorch not installed. Cannot use GNN method.
2026-10-09 02:29:38,311 - WARNING - GNN failed on rep 92: PyTorch not installed. Cannot use GNN method.
2026-10-09 02:29:39,349 - WARNING - GNN failed on rep 93: PyTorch not installed. Cannot use GNN method.
2026-10-09 02:29:40,399 - WARNING - GNN failed on rep 94: PyTorch not installed. Cannot use GNN method.
2026-10-09 02:29:41,468 - WARNING - GNN failed on rep 95: PyTorch not installed. Cannot use GNN method.
2026-10-09 02:29:42,506 - WARNING - GNN failed on rep 96: PyTorch not installed. Cannot use GNN method.
2026-10-09 02:29:43,567 - WARNING - GNN failed on rep 97: PyTorch not installed. Cannot use GNN method.
2026-10-09 02:29:44,619 - WARNING - GNN failed on rep 98: PyTorch not installed. Cannot use GNN method.
2026-10-09 02:29:45,762 - WARNING - GNN failed on rep 99: PyTorch not installed. Cannot use GNN method.
2026-10-09 02:29:45,769 - INFO - Completed: T50_N0.3_D4_DF5
2026-10-09 02:29:45,772 - INFO - Configuration 11/90
2026-10-09 02:29:45,774 - INFO - Starting configuration: T50_N0.3_D2_DF10
2026-10-09 02:29:47,131 - WARNING - GNN failed on rep 0: PyTorch not installed. Cannot use GNN method.
2026-10-09 02:29:48,175 - WARNING - GNN failed on rep 1: PyTorch not installed. Cannot use GNN method.
2026-10-09 02:29:49,204 - WARNING - GNN failed on rep 2: PyTorch not installed. Cannot use GNN method.
2026-10-09 02:29:50,270 - WARNING - GNN failed on rep 3: PyTorch not installed. Cannot use GNN method.
2026-10-09 02:29:51,310 - WARNING - GNN failed on rep 4: PyTorch not installed. Cannot use GNN method.
2026-10-09 02:29:52,351 - WARNING - GNN failed on rep 5: PyTorch not installed. Cannot use GNN method.
2026-10-09 02:29:53,433 - WARNING - GNN failed on rep 6: PyTorch not installed. Cannot use GNN method.
2026-10-09 02:29:54,453 - WARNING - GNN failed on rep 7: PyTorch not installed. Cannot use GNN method.
2026-10-09 02:29:55,470 - WARNING - GNN failed on rep 8: PyTorch not installed. Cannot use GNN method.
2026-10-09 02:29:56,521 - WARNING - GNN failed on rep 9: PyTorch not installed. Cannot use GNN method.
2026-10-09 02:29:57,543 - WARNING - GNN failed on rep 10: PyTorch not installed. Cannot use GNN method.
2026-10-09 02:29:58,601 - WARNING - GNN failed on rep 11: PyTorch not installed. Cannot use GNN method.
2026-10-09 02:29:59,631 - WARNING - GNN failed on rep 12: PyTorch not installed. Cannot use GNN method.
2026-10-09 02:30:00,669 - WARNING - GNN failed on rep 13: PyTorch not installed. Cannot use GNN method.
2026-10-09 02:30:01,824 - WARNING - GNN failed on rep 14: PyTorch not installed. Cannot use GNN method.
2026-10-09 02:30:02,863 - WARNING - GNN failed on rep 15: PyTorch not installed. Cannot use GNN method.
2026-10-09 02:30:03,880 - WARNING - GNN failed on rep 16: PyTorch not installed. Cannot use GNN method.
2026-10-09 02:30:04,910 - WARNING - GNN failed on rep 17: PyTorch not installed. Cannot use GNN method.
2026-10-09 02:30:05,930 - WARNING - GNN failed on rep 18: PyTorch not installed. Cannot use GNN method.
2026-10-09 02:30:06,952 - WARNING - GNN failed on rep 19: PyTorch not installed. Cannot use GNN method.
2026-10-09 02:30:07,965 - WARNING - GNN failed on rep 20: PyTorch not installed. Cannot use GNN method.
2026-10-09 02:30:09,135 - WARNING - GNN failed on rep 21: PyTorch not installed. Cannot use GNN method.
2026-10-09 02:30:10,173 - WARNING - GNN failed on rep 22: PyTorch not installed. Cannot use GNN method.
2026-10-09 02:30:11,286 - WARNING - GNN failed on rep 23: PyTorch not installed. Cannot use GNN method.
2026-10-09 02:30:12,338 - WARNING - GNN failed on rep 24: PyTorch not installed. Cannot use GNN method.
2026-10-09 02:30:13,382 - WARNING - GNN failed on rep 25: PyTorch not installed. Cannot use GNN method.
2026-10-09 02:30:14,867 - WARNING - GNN failed on rep 26: PyTorch not installed. Cannot use GNN method.
2026-10-09 02:30:16,139 - WARNING - GNN failed on rep 27: PyTorch not installed. Cannot use GNN method.
2026-10-09 02:30:17,190 - WARNING - GNN failed on rep 28: PyTorch not installed. Cannot use GNN method.
2026-10-09 02:30:18,260 - WARNING - GNN failed on rep 29: PyTorch not installed. Cannot use GNN method.
2026-10-09 02:30:19,283 - WARNING - GNN failed on rep 30: PyTorch not installed. Cannot use GNN method.
2026-10-09 02:30:20,312 - WARNING - GNN failed on rep 31: PyTorch not installed. Cannot use GNN method.
2026-10-09 02:30:21,474 - WARNING - GNN failed on rep 32: PyTorch not installed. Cannot use GNN method.
2026-10-09 02:30:22,493 - WARNING - GNN failed on rep 33: PyTorch not installed. Cannot use GNN method.
2026-10-09 02:30:23,523 - WARNING - GNN failed on rep 34: PyTorch not installed. Cannot use GNN method.
2026-10-09 02:30:24,549 - WARNING - GNN failed on rep 35: PyTorch not installed. Cannot use GNN method.
2026-10-09 02:30:25,596 - WARNING - GNN failed on rep 36: PyTorch not installed. Cannot use GNN method.
2026-10-09 02:30:26,886 - WARNING - GNN failed on rep 37: PyTorch not installed. Cannot use GNN method.
2026-10-09 02:30:28,929 - WARNING - GNN failed on rep 38: PyTorch not installed. Cannot use GNN method.
2026-10-09 02:30:30,088 - WARNING - GNN failed on rep 39: PyTorch not installed. Cannot use GNN method.
2026-10-09 02:30:31,186 - WARNING - GNN failed on rep 40: PyTorch not installed. Cannot use GNN method.
2026-10-09 02:30:32,300 - WARNING - GNN failed on rep 41: PyTorch not installed. Cannot use GNN method.
2026-10-09 02:30:33,353 - WARNING - GNN failed on rep 42: PyTorch not installed. Cannot use GNN method.
2026-10-09 02:30:34,380 - WARNING - GNN failed on rep 43: PyTorch not installed. Cannot use GNN method.
2026-10-09 02:30:35,555 - WARNING - GNN failed on rep 44: PyTorch not installed. Cannot use GNN method.
2026-10-09 02:30:36,593 - WARNING - GNN failed on rep 45: PyTorch not installed. Cannot use GNN method.
2026-10-09 02:30:37,632 - WARNING - GNN failed on rep 46: PyTorch not installed. Cannot use GNN method.
2026-10-09 02:30:38,674 - WARNING - GNN failed on rep 47: PyTorch not installed. Cannot use GNN method.
2026-10-09 02:30:39,708 - WARNING - GNN failed on rep 48: PyTorch not installed. Cannot use GNN method.
2026-10-09 02:30:40,734 - WARNING - GNN failed on rep 49: PyTorch not installed. Cannot use GNN method.
2026-10-09 02:30:41,779 - WARNING - GNN failed on rep 50: PyTorch not installed. Cannot use GNN method.
2026-10-09 02:30:42,823 - WARNING - GNN failed on rep 51: PyTorch not installed. Cannot use GNN method.
2026-10-09 02:30:43,858 - WARNING - GNN failed on rep 52: PyTorch not installed. Cannot use GNN method.
2026-10-09 02:30:44,920 - WARNING - GNN failed on rep 53: PyTorch not installed. Cannot use GNN method.
2026-10-09 02:30:45,963 - WARNING - GNN failed on rep 54: PyTorch not installed. Cannot use GNN method.
2026-10-09 02:30:47,014 - WARNING - GNN failed on rep 55: PyTorch not installed. Cannot use GNN method.
2026-10-09 02:30:48,045 - WARNING - GNN failed on rep 56: PyTorch not installed. Cannot use GNN method.
2026-10-09 02:30:49,080 - WARNING - GNN failed on rep 57: PyTorch not installed. Cannot use GNN method.
2026-10-09 02:30:50,144 - WARNING - GNN failed on rep 58: PyTorch not installed. Cannot use GNN method.
2026-10-09 02:30:51,176 - WARNING - GNN failed on rep 59: PyTorch not installed. Cannot use GNN method.
2026-10-09 02:30:52,195 - WARNING - GNN failed on rep 60: PyTorch not installed. Cannot use GNN method.
2026-10-09 02:30:53,263 - WARNING - GNN failed on rep 61: PyTorch not installed. Cannot use GNN method.
2026-10-09 02:30:54,410 - WARNING - GNN failed on rep 62: PyTorch not installed. Cannot use GNN method.
2026-10-09 02:30:55,435 - WARNING - GNN failed on rep 63: PyTorch not installed. Cannot use GNN method.
2026-10-09 02:30:56,465 - WARNING - GNN failed on rep 64: PyTorch not installed. Cannot use GNN method.
2026-10-09 02:30:57,514 - WARNING - GNN failed on rep 65: PyTorch not installed. Cannot use GNN method.
2026-10-09 02:30:58,552 - WARNING - GNN failed on rep 66: PyTorch not installed. Cannot use GNN method.
2026-10-09 02:30:59,575 - WARNING - GNN failed on rep 67: PyTorch not installed. Cannot use GNN method.
2026-10-09 02:31:00,612 - WARNING - GNN failed on rep 68: PyTorch not installed. Cannot use GNN method.
2026-10-09 02:31:01,660 - WARNING - GNN failed on rep 69: PyTorch not installed. Cannot use GNN method.
2026-10-09 02:31:02,693 - WARNING - GNN failed on rep 70: PyTorch not installed. Cannot use GNN method.
2026-10-09 02:31:03,723 - WARNING - GNN failed on rep 71: PyTorch not installed. Cannot use GNN method.
2026-10-09 02:31:04,743 - WARNING - GNN failed on rep 72: PyTorch not installed. Cannot use GNN method.
2026-10-09 02:31:05,784 - WARNING - GNN failed on rep 73: PyTorch not installed. Cannot use GNN method.
2026-10-09 02:31:06,807 - WARNING - GNN failed on rep 74: PyTorch not installed. Cannot use GNN method.
2026-10-09 02:31:07,847 - WARNING - GNN failed on rep 75: PyTorch not installed. Cannot use GNN method.
2026-10-09 02:31:08,889 - WARNING - GNN failed on rep 76: PyTorch not installed. Cannot use GNN method.
2026-10-09 02:31:09,923 - WARNING - GNN failed on rep 77: PyTorch not installed. Cannot use GNN method.
2026-10-09 02:31:11,041 - WARNING - GNN failed on rep 78: PyTorch not installed. Cannot use GNN method.
2026-10-09 02:31:12,174 - WARNING - GNN failed on rep 79: PyTorch not installed. Cannot use GNN method.
2026-10-09 02:31:13,335 - WARNING - GNN failed on rep 80: PyTorch not installed. Cannot use GNN method.
2026-10-09 02:31:14,411 - WARNING - GNN failed on rep 81: PyTorch not installed. Cannot use GNN method.
2026-10-09 02:31:15,437 - WARNING - GNN failed on rep 82: PyTorch not installed. Cannot use GNN method.
2026-10-09 02:31:16,457 - WARNING - GNN failed on rep 83: PyTorch not installed. Cannot use GNN method.
2026-10-09 02:31:17,491 - WARNING - GNN failed on rep 84: PyTorch not installed. Cannot use GNN method.
2026-10-09 02:31:18,521 - WARNING - GNN failed on rep 85: PyTorch not installed. Cannot use GNN method.
2026-10-09 02:31:19,562 - WARNING - GNN failed on rep 86: PyTorch not installed. Cannot use GNN method.
2026-10-09 02:31:20,592 - WARNING - GNN failed on rep 87: PyTorch not installed. Cannot use GNN method.
2026-10-09 02:31:21,625 - WARNING - GNN failed on rep 88: PyTorch not installed. Cannot use GNN method.
2026-10-09 02:31:22,669 - WARNING - GNN failed on rep 89: PyTorch not installed. Cannot use GNN method.
2026-10-09 02:31:23,700 - WARNING - GNN failed on rep 90: PyTorch not installed. Cannot use GNN method.
2026-10-09 02:31:24,727 - WARNING - GNN failed on rep 91: PyTorch not installed. Cannot use GNN method.
2026-10-09 02:31:25,769 - WARNING - GNN failed on rep 92: PyTorch not installed. Cannot use GNN method.
2026-10-09 02:31:26,802 - WARNING - GNN failed on rep 93: PyTorch not installed. Cannot use GNN method.
2026-10-09 02:31:28,343 - WARNING - GNN failed on rep 94: PyTorch not installed. Cannot use GNN method.
2026-10-09 02:31:29,378 - WARNING - GNN failed on rep 95: PyTorch not installed. Cannot use GNN method.
2026-10-09 02:31:30,412 - WARNING - GNN failed on rep 96: PyTorch not installed. Cannot use GNN method.
2026-10-09 02:31:31,450 - WARNING - GNN failed on rep 97: PyTorch not installed. Cannot use GNN method.
2026-10-09 02:31:32,617 - WARNING - GNN failed on rep 98: PyTorch not installed. Cannot use GNN method.
2026-10-09 02:31:33,646 - WARNING - GNN failed on rep 99: PyTorch not installed. Cannot use GNN method.
2026-10-09 02:31:33,653 - INFO - Completed: T50_N0.3_D2_DF10
2026-10-09 02:31:33,658 - INFO - Configuration 12/90
2026-10-09 02:31:33,658 - INFO - Starting configuration: T50_N0.3_D4_DF10
2026-10-09 02:31:35,039 - WARNING - GNN failed on rep 0: PyTorch not installed. Cannot use GNN method.
2026-10-09 02:31:36,077 - WARNING - GNN failed on rep 1: PyTorch not installed. Cannot use GNN method.
2026-10-09 02:31:37,115 - WARNING - GNN failed on rep 2: PyTorch not installed. Cannot use GNN method.
2026-10-09 02:31:38,144 - WARNING - GNN failed on rep 3: PyTorch not installed. Cannot use GNN method.
2026-10-09 02:31:39,177 - WARNING - GNN failed on rep 4: PyTorch not installed. Cannot use GNN method.
2026-10-09 02:31:40,208 - WARNING - GNN failed on rep 5: PyTorch not installed. Cannot use GNN method.
2026-10-09 02:31:41,271 - WARNING - GNN failed on rep 6: PyTorch not installed. Cannot use GNN method.
2026-10-09 02:31:42,317 - WARNING - GNN failed on rep 7: PyTorch not installed. Cannot use GNN method.
2026-10-09 02:31:43,354 - WARNING - GNN failed on rep 8: PyTorch not installed. Cannot use GNN method.
2026-10-09 02:31:44,377 - WARNING - GNN failed on rep 9: PyTorch not installed. Cannot use GNN method.
2026-10-09 02:31:45,403 - WARNING - GNN failed on rep 10: PyTorch not installed. Cannot use GNN method.
2026-10-09 02:31:46,457 - WARNING - GNN failed on rep 11: PyTorch not installed. Cannot use GNN method.
2026-10-09 02:31:47,468 - WARNING - GNN failed on rep 12: PyTorch not installed. Cannot use GNN method.
2026-10-09 02:31:48,481 - WARNING - GNN failed on rep 13: PyTorch not installed. Cannot use GNN method.
2026-10-09 02:31:49,511 - WARNING - GNN failed on rep 14: PyTorch not installed. Cannot use GNN method.
2026-10-09 02:31:50,637 - WARNING - GNN failed on rep 15: PyTorch not installed. Cannot use GNN method.
2026-10-09 02:31:51,672 - WARNING - GNN failed on rep 16: PyTorch not installed. Cannot use GNN method.
2026-10-09 02:31:52,695 - WARNING - GNN failed on rep 17: PyTorch not installed. Cannot use GNN method.
2026-10-09 02:31:53,720 - WARNING - GNN failed on rep 18: PyTorch not installed. Cannot use GNN method.
2026-10-09 02:31:54,744 - WARNING - GNN failed on rep 19: PyTorch not installed. Cannot use GNN method.
2026-10-09 02:31:55,815 - WARNING - GNN failed on rep 20: PyTorch not installed. Cannot use GNN method.
2026-10-09 02:31:56,844 - WARNING - GNN failed on rep 21: PyTorch not installed. Cannot use GNN method.
2026-10-09 02:31:57,865 - WARNING - GNN failed on rep 22: PyTorch not installed. Cannot use GNN method.
2026-10-09 02:31:58,907 - WARNING - GNN failed on rep 23: PyTorch not installed. Cannot use GNN method.
2026-10-09 02:31:59,928 - WARNING - GNN failed on rep 24: PyTorch not installed. Cannot use GNN method.
2026-10-09 02:32:00,964 - WARNING - GNN failed on rep 25: PyTorch not installed. Cannot use GNN method.
2026-10-09 02:32:01,994 - WARNING - GNN failed on rep 26: PyTorch not installed. Cannot use GNN method.
2026-10-09 02:32:03,013 - WARNING - GNN failed on rep 27: PyTorch not installed. Cannot use GNN method.
2026-10-09 02:32:04,035 - WARNING - GNN failed on rep 28: PyTorch not installed. Cannot use GNN method.
2026-10-09 02:32:05,051 - WARNING - GNN failed on rep 29: PyTorch not installed. Cannot use GNN method.
2026-10-09 02:32:06,061 - WARNING - GNN failed on rep 30: PyTorch not installed. Cannot use GNN method.
2026-10-09 02:32:07,200 - WARNING - GNN failed on rep 31: PyTorch not installed. Cannot use GNN method.
2026-10-09 02:32:08,228 - WARNING - GNN failed on rep 32: PyTorch not installed. Cannot use GNN method.
2026-10-09 02:32:09,257 - WARNING - GNN failed on rep 33: PyTorch not installed. Cannot use GNN method.
2026-10-09 02:32:10,306 - WARNING - GNN failed on rep 34: PyTorch not installed. Cannot use GNN method.
2026-10-09 02:32:11,377 - WARNING - GNN failed on rep 35: PyTorch not installed. Cannot use GNN method.
2026-10-09 02:32:12,452 - WARNING - GNN failed on rep 36: PyTorch not installed. Cannot use GNN method.
2026-10-09 02:32:13,527 - WARNING - GNN failed on rep 37: PyTorch not installed. Cannot use GNN method.
2026-10-09 02:32:14,589 - WARNING - GNN failed on rep 38: PyTorch not installed. Cannot use GNN method.
2026-10-09 02:32:15,655 - WARNING - GNN failed on rep 39: PyTorch not installed. Cannot use GNN method.
2026-10-09 02:32:16,747 - WARNING - GNN failed on rep 40: PyTorch not installed. Cannot use GNN method.
2026-10-09 02:32:17,808 - WARNING - GNN failed on rep 41: PyTorch not installed. Cannot use GNN method.
2026-10-09 02:32:18,849 - WARNING - GNN failed on rep 42: PyTorch not installed. Cannot use GNN method.
2026-10-09 02:32:19,886 - WARNING - GNN failed on rep 43: PyTorch not installed. Cannot use GNN method.
2026-10-09 02:32:20,940 - WARNING - GNN failed on rep 44: PyTorch not installed. Cannot use GNN method.
2026-10-09 02:32:21,968 - WARNING - GNN failed on rep 45: PyTorch not installed. Cannot use GNN method.
2026-10-09 02:32:23,049 - WARNING - GNN failed on rep 46: PyTorch not installed. Cannot use GNN method.
2026-10-09 02:32:24,113 - WARNING - GNN failed on rep 47: PyTorch not installed. Cannot use GNN method.
2026-10-09 02:32:25,191 - WARNING - GNN failed on rep 48: PyTorch not installed. Cannot use GNN method.
2026-10-09 02:32:26,356 - WARNING - GNN failed on rep 49: PyTorch not installed. Cannot use GNN method.
2026-10-09 02:32:27,440 - WARNING - GNN failed on rep 50: PyTorch not installed. Cannot use GNN method.
2026-10-09 02:32:28,923 - WARNING - GNN failed on rep 51: PyTorch not installed. Cannot use GNN method.
2026-10-09 02:32:29,962 - WARNING - GNN failed on rep 52: PyTorch not installed. Cannot use GNN method.
2026-10-09 02:32:30,996 - WARNING - GNN failed on rep 53: PyTorch not installed. Cannot use GNN method.
2026-10-09 02:32:32,078 - WARNING - GNN failed on rep 54: PyTorch not installed. Cannot use GNN method.
2026-10-09 02:32:33,153 - WARNING - GNN failed on rep 55: PyTorch not installed. Cannot use GNN method.
2026-10-09 02:32:34,397 - WARNING - GNN failed on rep 56: PyTorch not installed. Cannot use GNN method.
2026-10-09 02:32:35,474 - WARNING - GNN failed on rep 57: PyTorch not installed. Cannot use GNN method.
2026-10-09 02:32:36,542 - WARNING - GNN failed on rep 58: PyTorch not installed. Cannot use GNN method.
2026-10-09 02:32:37,598 - WARNING - GNN failed on rep 59: PyTorch not installed. Cannot use GNN method.
2026-10-09 02:32:38,662 - WARNING - GNN failed on rep 60: PyTorch not installed. Cannot use GNN method.
2026-10-09 02:32:39,720 - WARNING - GNN failed on rep 61: PyTorch not installed. Cannot use GNN method.
2026-10-09 02:32:40,793 - WARNING - GNN failed on rep 62: PyTorch not installed. Cannot use GNN method.
2026-10-09 02:32:41,828 - WARNING - GNN failed on rep 63: PyTorch not installed. Cannot use GNN method.
2026-10-09 02:32:42,897 - WARNING - GNN failed on rep 64: PyTorch not installed. Cannot use GNN method.
2026-10-09 02:32:43,945 - WARNING - GNN failed on rep 65: PyTorch not installed. Cannot use GNN method.
2026-10-09 02:32:44,988 - WARNING - GNN failed on rep 66: PyTorch not installed. Cannot use GNN method.
2026-10-09 02:32:46,113 - WARNING - GNN failed on rep 67: PyTorch not installed. Cannot use GNN method.
2026-10-09 02:32:47,160 - WARNING - GNN failed on rep 68: PyTorch not installed. Cannot use GNN method.
2026-10-09 02:32:48,209 - WARNING - GNN failed on rep 69: PyTorch not installed. Cannot use GNN method.
2026-10-09 02:32:49,259 - WARNING - GNN failed on rep 70: PyTorch not installed. Cannot use GNN method.
2026-10-09 02:32:50,332 - WARNING - GNN failed on rep 71: PyTorch not installed. Cannot use GNN method.
2026-10-09 02:32:51,370 - WARNING - GNN failed on rep 72: PyTorch not installed. Cannot use GNN method.
2026-10-09 02:32:52,420 - WARNING - GNN failed on rep 73: PyTorch not installed. Cannot use GNN method.
2026-10-09 02:32:53,450 - WARNING - GNN failed on rep 74: PyTorch not installed. Cannot use GNN method.
2026-10-09 02:32:54,487 - WARNING - GNN failed on rep 75: PyTorch not installed. Cannot use GNN method.
2026-10-09 02:32:55,516 - WARNING - GNN failed on rep 76: PyTorch not installed. Cannot use GNN method.
2026-10-09 02:32:56,562 - WARNING - GNN failed on rep 77: PyTorch not installed. Cannot use GNN method.
2026-10-09 02:32:57,644 - WARNING - GNN failed on rep 78: PyTorch not installed. Cannot use GNN method.
2026-10-09 02:32:58,697 - WARNING - GNN failed on rep 79: PyTorch not installed. Cannot use GNN method.
2026-10-09 02:32:59,755 - WARNING - GNN failed on rep 80: PyTorch not installed. Cannot use GNN method.
2026-10-09 02:33:00,795 - WARNING - GNN failed on rep 81: PyTorch not installed. Cannot use GNN method.
2026-10-09 02:33:01,831 - WARNING - GNN failed on rep 82: PyTorch not installed. Cannot use GNN method.
2026-10-09 02:33:02,889 - WARNING - GNN failed on rep 83: PyTorch not installed. Cannot use GNN method.
2026-10-09 02:33:03,963 - WARNING - GNN failed on rep 84: PyTorch not installed. Cannot use GNN method.
2026-10-09 02:33:05,173 - WARNING - GNN failed on rep 85: PyTorch not installed. Cannot use GNN method.
2026-10-09 02:33:06,230 - WARNING - GNN failed on rep 86: PyTorch not installed. Cannot use GNN method.
2026-10-09 02:33:07,317 - WARNING - GNN failed on rep 87: PyTorch not installed. Cannot use GNN method.
2026-10-09 02:33:08,324 - WARNING - GNN failed on rep 88: PyTorch not installed. Cannot use GNN method.
2026-10-09 02:33:09,367 - WARNING - GNN failed on rep 89: PyTorch not installed. Cannot use GNN method.
2026-10-09 02:33:10,453 - WARNING - GNN failed on rep 90: PyTorch not installed. Cannot use GNN method.
2026-10-09 02:33:11,513 - WARNING - GNN failed on rep 91: PyTorch not installed. Cannot use GNN method.
2026-10-09 02:33:12,565 - WARNING - GNN failed on rep 92: PyTorch not installed. Cannot use GNN method.
2026-10-09 02:33:13,628 - WARNING - GNN failed on rep 93: PyTorch not installed. Cannot use GNN method.
2026-10-09 02:33:14,689 - WARNING - GNN failed on rep 94: PyTorch not installed. Cannot use GNN method.
2026-10-09 02:33:15,725 - WARNING - GNN failed on rep 95: PyTorch not installed. Cannot use GNN method.
2026-10-09 02:33:16,759 - WARNING - GNN failed on rep 96: PyTorch not installed. Cannot use GNN method.
2026-10-09 02:33:17,766 - WARNING - GNN failed on rep 97: PyTorch not installed. Cannot use GNN method.
2026-10-09 02:33:18,832 - WARNING - GNN failed on rep 98: PyTorch not installed. Cannot use GNN method.
2026-10-09 02:33:19,887 - WARNING - GNN failed on rep 99: PyTorch not installed. Cannot use GNN method.
2026-10-09 02:33:19,894 - INFO - Completed: T50_N0.3_D4_DF10
2026-10-09 02:33:19,897 - INFO - Configuration 13/90
2026-10-09 02:33:19,897 - INFO - Starting configuration: T50_N0.5_D2_DF3
2026-10-09 02:33:21,243 - WARNING - GNN failed on rep 0: PyTorch not installed. Cannot use GNN method.
2026-10-09 02:33:22,377 - WARNING - GNN failed on rep 1: PyTorch not installed. Cannot use GNN method.
2026-10-09 02:33:23,448 - WARNING - GNN failed on rep 2: PyTorch not installed. Cannot use GNN method.
2026-10-09 02:33:24,497 - WARNING - GNN failed on rep 3: PyTorch not installed. Cannot use GNN method.
2026-10-09 02:33:25,517 - WARNING - GNN failed on rep 4: PyTorch not installed. Cannot use GNN method.
2026-10-09 02:33:26,521 - WARNING - GNN failed on rep 5: PyTorch not installed. Cannot use GNN method.
2026-10-09 02:33:27,848 - WARNING - GNN failed on rep 6: PyTorch not installed. Cannot use GNN method.
2026-10-09 02:33:29,063 - WARNING - GNN failed on rep 7: PyTorch not installed. Cannot use GNN method.
2026-10-09 02:33:30,076 - WARNING - GNN failed on rep 8: PyTorch not installed. Cannot use GNN method.
2026-10-09 02:33:31,119 - WARNING - GNN failed on rep 9: PyTorch not installed. Cannot use GNN method.
2026-10-09 02:33:32,360 - WARNING - GNN failed on rep 10: PyTorch not installed. Cannot use GNN method.
2026-10-09 02:33:33,390 - WARNING - GNN failed on rep 11: PyTorch not installed. Cannot use GNN method.
2026-10-09 02:33:34,457 - WARNING - GNN failed on rep 12: PyTorch not installed. Cannot use GNN method.
2026-10-09 02:33:35,528 - WARNING - GNN failed on rep 13: PyTorch not installed. Cannot use GNN method.
2026-10-09 02:33:36,567 - WARNING - GNN failed on rep 14: PyTorch not installed. Cannot use GNN method.
2026-10-09 02:33:37,608 - WARNING - GNN failed on rep 15: PyTorch not installed. Cannot use GNN method.
2026-10-09 02:33:38,646 - WARNING - GNN failed on rep 16: PyTorch not installed. Cannot use GNN method.
2026-10-09 02:33:39,704 - WARNING - GNN failed on rep 17: PyTorch not installed. Cannot use GNN method.
2026-10-09 02:33:40,762 - WARNING - GNN failed on rep 18: PyTorch not installed. Cannot use GNN method.
2026-10-09 02:33:41,904 - WARNING - GNN failed on rep 19: PyTorch not installed. Cannot use GNN method.
2026-10-09 02:33:42,963 - WARNING - GNN failed on rep 20: PyTorch not installed. Cannot use GNN method.
2026-10-09 02:33:43,978 - WARNING - GNN failed on rep 21: PyTorch not installed. Cannot use GNN method.
2026-10-09 02:33:45,028 - WARNING - GNN failed on rep 22: PyTorch not installed. Cannot use GNN method.
2026-10-09 02:33:46,090 - WARNING - GNN failed on rep 23: PyTorch not installed. Cannot use GNN method.
2026-10-09 02:33:47,104 - WARNING - GNN failed on rep 24: PyTorch not installed. Cannot use GNN method.
2026-10-09 02:33:48,165 - WARNING - GNN failed on rep 25: PyTorch not installed. Cannot use GNN method.
2026-10-09 02:33:49,204 - WARNING - GNN failed on rep 26: PyTorch not installed. Cannot use GNN method.
2026-10-09 02:33:50,246 - WARNING - GNN failed on rep 27: PyTorch not installed. Cannot use GNN method.
2026-10-09 02:33:51,251 - WARNING - GNN failed on rep 28: PyTorch not installed. Cannot use GNN method.
2026-10-09 02:33:52,287 - WARNING - GNN failed on rep 29: PyTorch not installed. Cannot use GNN method.
2026-10-09 02:33:53,352 - WARNING - GNN failed on rep 30: PyTorch not installed. Cannot use GNN method.
2026-10-09 02:33:54,358 - WARNING - GNN failed on rep 31: PyTorch not installed. Cannot use GNN method.
2026-10-09 02:33:55,378 - WARNING - GNN failed on rep 32: PyTorch not installed. Cannot use GNN method.
2026-10-09 02:33:56,410 - WARNING - GNN failed on rep 33: PyTorch not installed. Cannot use GNN method.
2026-10-09 02:33:57,494 - WARNING - GNN failed on rep 34: PyTorch not installed. Cannot use GNN method.
2026-10-09 02:33:58,523 - WARNING - GNN failed on rep 35: PyTorch not installed. Cannot use GNN method.
2026-10-09 02:33:59,557 - WARNING - GNN failed on rep 36: PyTorch not installed. Cannot use GNN method.
2026-10-09 02:34:00,786 - WARNING - GNN failed on rep 37: PyTorch not installed. Cannot use GNN method.
2026-10-09 02:34:01,839 - WARNING - GNN failed on rep 38: PyTorch not installed. Cannot use GNN method.
2026-10-09 02:34:02,887 - WARNING - GNN failed on rep 39: PyTorch not installed. Cannot use GNN method.
2026-10-09 02:34:03,955 - WARNING - GNN failed on rep 40: PyTorch not installed. Cannot use GNN method.
2026-10-09 02:34:04,949 - WARNING - GNN failed on rep 41: PyTorch not installed. Cannot use GNN method.
2026-10-09 02:34:06,015 - WARNING - GNN failed on rep 42: PyTorch not installed. Cannot use GNN method.
2026-10-09 02:34:07,049 - WARNING - GNN failed on rep 43: PyTorch not installed. Cannot use GNN method.
2026-10-09 02:34:08,111 - WARNING - GNN failed on rep 44: PyTorch not installed. Cannot use GNN method.
2026-10-09 02:34:09,171 - WARNING - GNN failed on rep 45: PyTorch not installed. Cannot use GNN method.
2026-10-09 02:34:10,196 - WARNING - GNN failed on rep 46: PyTorch not installed. Cannot use GNN method.
2026-10-09 02:34:11,253 - WARNING - GNN failed on rep 47: PyTorch not installed. Cannot use GNN method.
2026-10-09 02:34:12,293 - WARNING - GNN failed on rep 48: PyTorch not installed. Cannot use GNN method.
2026-10-09 02:34:13,339 - WARNING - GNN failed on rep 49: PyTorch not installed. Cannot use GNN method.
2026-10-09 02:34:14,347 - WARNING - GNN failed on rep 50: PyTorch not installed. Cannot use GNN method.
2026-10-09 02:34:15,409 - WARNING - GNN failed on rep 51: PyTorch not installed. Cannot use GNN method.
2026-10-09 02:34:16,472 - WARNING - GNN failed on rep 52: PyTorch not installed. Cannot use GNN method.
2026-10-09 02:34:17,512 - WARNING - GNN failed on rep 53: PyTorch not installed. Cannot use GNN method.
2026-10-09 02:34:18,579 - WARNING - GNN failed on rep 54: PyTorch not installed. Cannot use GNN method.
2026-10-09 02:34:19,745 - WARNING - GNN failed on rep 55: PyTorch not installed. Cannot use GNN method.
2026-10-09 02:34:20,792 - WARNING - GNN failed on rep 56: PyTorch not installed. Cannot use GNN method.
2026-10-09 02:34:21,818 - WARNING - GNN failed on rep 57: PyTorch not installed. Cannot use GNN method.
2026-10-09 02:34:22,856 - WARNING - GNN failed on rep 58: PyTorch not installed. Cannot use GNN method.
2026-10-09 02:34:23,875 - WARNING - GNN failed on rep 59: PyTorch not installed. Cannot use GNN method.
2026-10-09 02:34:24,952 - WARNING - GNN failed on rep 60: PyTorch not installed. Cannot use GNN method.
2026-10-09 02:34:25,992 - WARNING - GNN failed on rep 61: PyTorch not installed. Cannot use GNN method.
2026-10-09 02:34:27,040 - WARNING - GNN failed on rep 62: PyTorch not installed. Cannot use GNN method.
2026-10-09 02:34:28,570 - WARNING - GNN failed on rep 63: PyTorch not installed. Cannot use GNN method.
2026-10-09 02:34:29,743 - WARNING - GNN failed on rep 64: PyTorch not installed. Cannot use GNN method.
2026-10-09 02:34:30,763 - WARNING - GNN failed on rep 65: PyTorch not installed. Cannot use GNN method.
2026-10-09 02:34:31,830 - WARNING - GNN failed on rep 66: PyTorch not installed. Cannot use GNN method.
2026-10-09 02:34:32,878 - WARNING - GNN failed on rep 67: PyTorch not installed. Cannot use GNN method.
2026-10-09 02:34:33,905 - WARNING - GNN failed on rep 68: PyTorch not installed. Cannot use GNN method.
2026-10-09 02:34:34,948 - WARNING - GNN failed on rep 69: PyTorch not installed. Cannot use GNN method.
2026-10-09 02:34:36,023 - WARNING - GNN failed on rep 70: PyTorch not installed. Cannot use GNN method.
2026-10-09 02:34:37,048 - WARNING - GNN failed on rep 71: PyTorch not installed. Cannot use GNN method.
2026-10-09 02:34:38,102 - WARNING - GNN failed on rep 72: PyTorch not installed. Cannot use GNN method.
2026-10-09 02:34:39,286 - WARNING - GNN failed on rep 73: PyTorch not installed. Cannot use GNN method.
2026-10-09 02:34:40,297 - WARNING - GNN failed on rep 74: PyTorch not installed. Cannot use GNN method.
2026-10-09 02:34:41,382 - WARNING - GNN failed on rep 75: PyTorch not installed. Cannot use GNN method.
2026-10-09 02:34:42,408 - WARNING - GNN failed on rep 76: PyTorch not installed. Cannot use GNN method.
2026-10-09 02:34:43,425 - WARNING - GNN failed on rep 77: PyTorch not installed. Cannot use GNN method.
2026-10-09 02:34:44,438 - WARNING - GNN failed on rep 78: PyTorch not installed. Cannot use GNN method.
2026-10-09 02:34:45,500 - WARNING - GNN failed on rep 79: PyTorch not installed. Cannot use GNN method.
2026-10-09 02:34:46,549 - WARNING - GNN failed on rep 80: PyTorch not installed. Cannot use GNN method.
2026-10-09 02:34:47,581 - WARNING - GNN failed on rep 81: PyTorch not installed. Cannot use GNN method.
2026-10-09 02:34:48,629 - WARNING - GNN failed on rep 82: PyTorch not installed. Cannot use GNN method.
2026-10-09 02:34:49,643 - WARNING - GNN failed on rep 83: PyTorch not installed. Cannot use GNN method.
2026-10-09 02:34:50,686 - WARNING - GNN failed on rep 84: PyTorch not installed. Cannot use GNN method.
2026-10-09 02:34:51,763 - WARNING - GNN failed on rep 85: PyTorch not installed. Cannot use GNN method.
2026-10-09 02:34:52,789 - WARNING - GNN failed on rep 86: PyTorch not installed. Cannot use GNN method.
2026-10-09 02:34:53,840 - WARNING - GNN failed on rep 87: PyTorch not installed. Cannot use GNN method.
2026-10-09 02:34:54,879 - WARNING - GNN failed on rep 88: PyTorch not installed. Cannot use GNN method.
2026-10-09 02:34:55,898 - WARNING - GNN failed on rep 89: PyTorch not installed. Cannot use GNN method.
2026-10-09 02:34:56,942 - WARNING - GNN failed on rep 90: PyTorch not installed. Cannot use GNN method.
2026-10-09 02:34:58,096 - WARNING - GNN failed on rep 91: PyTorch not installed. Cannot use GNN method.
2026-10-09 02:34:59,121 - WARNING - GNN failed on rep 92: PyTorch not installed. Cannot use GNN method.
2026-10-09 02:35:00,144 - WARNING - GNN failed on rep 93: PyTorch not installed. Cannot use GNN method.
2026-10-09 02:35:01,140 - WARNING - GNN failed on rep 94: PyTorch not installed. Cannot use GNN method.
2026-10-09 02:35:02,237 - WARNING - GNN failed on rep 95: PyTorch not installed. Cannot use GNN method.
2026-10-09 02:35:03,288 - WARNING - GNN failed on rep 96: PyTorch not installed. Cannot use GNN method.
2026-10-09 02:35:04,313 - WARNING - GNN failed on rep 97: PyTorch not installed. Cannot use GNN method.
2026-10-09 02:35:05,353 - WARNING - GNN failed on rep 98: PyTorch not installed. Cannot use GNN method.
2026-10-09 02:35:06,393 - WARNING - GNN failed on rep 99: PyTorch not installed. Cannot use GNN method.
2026-10-09 02:35:06,402 - INFO - Completed: T50_N0.5_D2_DF3
2026-10-09 02:35:06,404 - INFO - Configuration 14/90
2026-10-09 02:35:06,404 - INFO - Starting configuration: T50_N0.5_D4_DF3
2026-10-09 02:35:07,761 - WARNING - GNN failed on rep 0: PyTorch not installed. Cannot use GNN method.
2026-10-09 02:35:08,796 - WARNING - GNN failed on rep 1: PyTorch not installed. Cannot use GNN method.
2026-10-09 02:35:09,830 - WARNING - GNN failed on rep 2: PyTorch not installed. Cannot use GNN method.
2026-10-09 02:35:10,841 - WARNING - GNN failed on rep 3: PyTorch not installed. Cannot use GNN method.
2026-10-09 02:35:11,940 - WARNING - GNN failed on rep 4: PyTorch not installed. Cannot use GNN method.
2026-10-09 02:35:12,944 - WARNING - GNN failed on rep 5: PyTorch not installed. Cannot use GNN method.
2026-10-09 02:35:14,358 - WARNING - GNN failed on rep 6: PyTorch not installed. Cannot use GNN method.
2026-10-09 02:35:16,115 - WARNING - GNN failed on rep 7: PyTorch not installed. Cannot use GNN method.
2026-10-09 02:35:17,422 - WARNING - GNN failed on rep 8: PyTorch not installed. Cannot use GNN method.
2026-10-09 02:35:18,727 - WARNING - GNN failed on rep 9: PyTorch not installed. Cannot use GNN method.
2026-10-09 02:35:19,916 - WARNING - GNN failed on rep 10: PyTorch not installed. Cannot use GNN method.
2026-10-09 02:35:20,989 - WARNING - GNN failed on rep 11: PyTorch not installed. Cannot use GNN method.
2026-10-09 02:35:22,045 - WARNING - GNN failed on rep 12: PyTorch not installed. Cannot use GNN method.
2026-10-09 02:35:23,103 - WARNING - GNN failed on rep 13: PyTorch not installed. Cannot use GNN method.
2026-10-09 02:35:24,143 - WARNING - GNN failed on rep 14: PyTorch not installed. Cannot use GNN method.
2026-10-09 02:35:25,154 - WARNING - GNN failed on rep 15: PyTorch not installed. Cannot use GNN method.
2026-10-09 02:35:26,210 - WARNING - GNN failed on rep 16: PyTorch not installed. Cannot use GNN method.
2026-10-09 02:35:27,260 - WARNING - GNN failed on rep 17: PyTorch not installed. Cannot use GNN method.
2026-10-09 02:35:29,124 - WARNING - GNN failed on rep 18: PyTorch not installed. Cannot use GNN method.
2026-10-09 02:35:30,158 - WARNING - GNN failed on rep 19: PyTorch not installed. Cannot use GNN method.
2026-10-09 02:35:31,202 - WARNING - GNN failed on rep 20: PyTorch not installed. Cannot use GNN method.
2026-10-09 02:35:32,257 - WARNING - GNN failed on rep 21: PyTorch not installed. Cannot use GNN method.
2026-10-09 02:35:33,327 - WARNING - GNN failed on rep 22: PyTorch not installed. Cannot use GNN method.
2026-10-09 02:35:34,351 - WARNING - GNN failed on rep 23: PyTorch not installed. Cannot use GNN method.
2026-10-09 02:35:35,411 - WARNING - GNN failed on rep 24: PyTorch not installed. Cannot use GNN method.
2026-10-09 02:35:36,568 - WARNING - GNN failed on rep 25: PyTorch not installed. Cannot use GNN method.
2026-10-09 02:35:37,705 - WARNING - GNN failed on rep 26: PyTorch not installed. Cannot use GNN method.
2026-10-09 02:35:38,741 - WARNING - GNN failed on rep 27: PyTorch not installed. Cannot use GNN method.
2026-10-09 02:35:39,754 - WARNING - GNN failed on rep 28: PyTorch not installed. Cannot use GNN method.
2026-10-09 02:35:40,820 - WARNING - GNN failed on rep 29: PyTorch not installed. Cannot use GNN method.
2026-10-09 02:35:41,831 - WARNING - GNN failed on rep 30: PyTorch not installed. Cannot use GNN method.
2026-10-09 02:35:42,910 - WARNING - GNN failed on rep 31: PyTorch not installed. Cannot use GNN method.
2026-10-09 02:35:44,009 - WARNING - GNN failed on rep 32: PyTorch not installed. Cannot use GNN method.
2026-10-09 02:35:45,131 - WARNING - GNN failed on rep 33: PyTorch not installed. Cannot use GNN method.
2026-10-09 02:35:46,188 - WARNING - GNN failed on rep 34: PyTorch not installed. Cannot use GNN method.
2026-10-09 02:35:47,195 - WARNING - GNN failed on rep 35: PyTorch not installed. Cannot use GNN method.
2026-10-09 02:35:48,228 - WARNING - GNN failed on rep 36: PyTorch not installed. Cannot use GNN method.
2026-10-09 02:35:49,285 - WARNING - GNN failed on rep 37: PyTorch not installed. Cannot use GNN method.
2026-10-09 02:35:50,338 - WARNING - GNN failed on rep 38: PyTorch not installed. Cannot use GNN method.
2026-10-09 02:35:51,406 - WARNING - GNN failed on rep 39: PyTorch not installed. Cannot use GNN method.
2026-10-09 02:35:52,439 - WARNING - GNN failed on rep 40: PyTorch not installed. Cannot use GNN method.
2026-10-09 02:35:53,470 - WARNING - GNN failed on rep 41: PyTorch not installed. Cannot use GNN method.
2026-10-09 02:35:54,525 - WARNING - GNN failed on rep 42: PyTorch not installed. Cannot use GNN method.
2026-10-09 02:35:55,688 - WARNING - GNN failed on rep 43: PyTorch not installed. Cannot use GNN method.
2026-10-09 02:35:56,728 - WARNING - GNN failed on rep 44: PyTorch not installed. Cannot use GNN method.
2026-10-09 02:35:57,777 - WARNING - GNN failed on rep 45: PyTorch not installed. Cannot use GNN method.
2026-10-09 02:35:58,808 - WARNING - GNN failed on rep 46: PyTorch not installed. Cannot use GNN method.
2026-10-09 02:35:59,869 - WARNING - GNN failed on rep 47: PyTorch not installed. Cannot use GNN method.
2026-10-09 02:36:00,906 - WARNING - GNN failed on rep 48: PyTorch not installed. Cannot use GNN method.
2026-10-09 02:36:01,945 - WARNING - GNN failed on rep 49: PyTorch not installed. Cannot use GNN method.
2026-10-09 02:36:02,989 - WARNING - GNN failed on rep 50: PyTorch not installed. Cannot use GNN method.
2026-10-09 02:36:04,022 - WARNING - GNN failed on rep 51: PyTorch not installed. Cannot use GNN method.
2026-10-09 02:36:05,132 - WARNING - GNN failed on rep 52: PyTorch not installed. Cannot use GNN method.
2026-10-09 02:36:06,178 - WARNING - GNN failed on rep 53: PyTorch not installed. Cannot use GNN method.
2026-10-09 02:36:07,205 - WARNING - GNN failed on rep 54: PyTorch not installed. Cannot use GNN method.
2026-10-09 02:36:08,266 - WARNING - GNN failed on rep 55: PyTorch not installed. Cannot use GNN method.
2026-10-09 02:36:09,292 - WARNING - GNN failed on rep 56: PyTorch not installed. Cannot use GNN method.
2026-10-09 02:36:10,332 - WARNING - GNN failed on rep 57: PyTorch not installed. Cannot use GNN method.
2026-10-09 02:36:11,375 - WARNING - GNN failed on rep 58: PyTorch not installed. Cannot use GNN method.
2026-10-09 02:36:12,430 - WARNING - GNN failed on rep 59: PyTorch not installed. Cannot use GNN method.
2026-10-09 02:36:13,511 - WARNING - GNN failed on rep 60: PyTorch not installed. Cannot use GNN method.
2026-10-09 02:36:14,701 - WARNING - GNN failed on rep 61: PyTorch not installed. Cannot use GNN method.
2026-10-09 02:36:15,783 - WARNING - GNN failed on rep 62: PyTorch not installed. Cannot use GNN method.
2026-10-09 02:36:16,847 - WARNING - GNN failed on rep 63: PyTorch not installed. Cannot use GNN method.
2026-10-09 02:36:17,892 - WARNING - GNN failed on rep 64: PyTorch not installed. Cannot use GNN method.
2026-10-09 02:36:18,956 - WARNING - GNN failed on rep 65: PyTorch not installed. Cannot use GNN method.
2026-10-09 02:36:20,048 - WARNING - GNN failed on rep 66: PyTorch not installed. Cannot use GNN method.
2026-10-09 02:36:21,075 - WARNING - GNN failed on rep 67: PyTorch not installed. Cannot use GNN method.
2026-10-09 02:36:22,158 - WARNING - GNN failed on rep 68: PyTorch not installed. Cannot use GNN method.
2026-10-09 02:36:23,202 - WARNING - GNN failed on rep 69: PyTorch not installed. Cannot use GNN method.
2026-10-09 02:36:24,274 - WARNING - GNN failed on rep 70: PyTorch not installed. Cannot use GNN method.
2026-10-09 02:36:25,293 - WARNING - GNN failed on rep 71: PyTorch not installed. Cannot use GNN method.
2026-10-09 02:36:26,386 - WARNING - GNN failed on rep 72: PyTorch not installed. Cannot use GNN method.
2026-10-09 02:36:27,505 - WARNING - GNN failed on rep 73: PyTorch not installed. Cannot use GNN method.
2026-10-09 02:36:29,045 - WARNING - GNN failed on rep 74: PyTorch not installed. Cannot use GNN method.
2026-10-09 02:36:30,092 - WARNING - GNN failed on rep 75: PyTorch not installed. Cannot use GNN method.
2026-10-09 02:36:31,132 - WARNING - GNN failed on rep 76: PyTorch not installed. Cannot use GNN method.
2026-10-09 02:36:32,239 - WARNING - GNN failed on rep 77: PyTorch not installed. Cannot use GNN method.
2026-10-09 02:36:33,279 - WARNING - GNN failed on rep 78: PyTorch not installed. Cannot use GNN method.
2026-10-09 02:36:34,432 - WARNING - GNN failed on rep 79: PyTorch not installed. Cannot use GNN method.
2026-10-09 02:36:35,494 - WARNING - GNN failed on rep 80: PyTorch not installed. Cannot use GNN method.
2026-10-09 02:36:36,516 - WARNING - GNN failed on rep 81: PyTorch not installed. Cannot use GNN method.
2026-10-09 02:36:37,560 - WARNING - GNN failed on rep 82: PyTorch not installed. Cannot use GNN method.
2026-10-09 02:36:38,598 - WARNING - GNN failed on rep 83: PyTorch not installed. Cannot use GNN method.
2026-10-09 02:36:39,681 - WARNING - GNN failed on rep 84: PyTorch not installed. Cannot use GNN method.
2026-10-09 02:36:40,733 - WARNING - GNN failed on rep 85: PyTorch not installed. Cannot use GNN method.
2026-10-09 02:36:41,807 - WARNING - GNN failed on rep 86: PyTorch not installed. Cannot use GNN method.
2026-10-09 02:36:42,850 - WARNING - GNN failed on rep 87: PyTorch not installed. Cannot use GNN method.
2026-10-09 02:36:43,876 - WARNING - GNN failed on rep 88: PyTorch not installed. Cannot use GNN method.
2026-10-09 02:36:44,911 - WARNING - GNN failed on rep 89: PyTorch not installed. Cannot use GNN method.
2026-10-09 02:36:45,987 - WARNING - GNN failed on rep 90: PyTorch not installed. Cannot use GNN method.
2026-10-09 02:36:47,065 - WARNING - GNN failed on rep 91: PyTorch not installed. Cannot use GNN method.
2026-10-09 02:36:48,097 - WARNING - GNN failed on rep 92: PyTorch not installed. Cannot use GNN method.
2026-10-09 02:36:49,147 - WARNING - GNN failed on rep 93: PyTorch not installed. Cannot use GNN method.
2026-10-09 02:36:50,194 - WARNING - GNN failed on rep 94: PyTorch not installed. Cannot use GNN method.
2026-10-09 02:36:51,242 - WARNING - GNN failed on rep 95: PyTorch not installed. Cannot use GNN method.
2026-10-09 02:36:52,279 - WARNING - GNN failed on rep 96: PyTorch not installed. Cannot use GNN method.
2026-10-09 02:36:53,445 - WARNING - GNN failed on rep 97: PyTorch not installed. Cannot use GNN method.
2026-10-09 02:36:54,478 - WARNING - GNN failed on rep 98: PyTorch not installed. Cannot use GNN method.
2026-10-09 02:36:55,544 - WARNING - GNN failed on rep 99: PyTorch not installed. Cannot use GNN method.
2026-10-09 02:36:55,550 - INFO - Completed: T50_N0.5_D4_DF3
2026-10-09 02:36:55,553 - INFO - Configuration 15/90
2026-10-09 02:36:55,553 - INFO - Starting configuration: T50_N0.5_D2_DF5
2026-10-09 02:36:56,902 - WARNING - GNN failed on rep 0: PyTorch not installed. Cannot use GNN method.
2026-10-09 02:36:57,950 - WARNING - GNN failed on rep 1: PyTorch not installed. Cannot use GNN method.
2026-10-09 02:36:59,003 - WARNING - GNN failed on rep 2: PyTorch not installed. Cannot use GNN method.
2026-10-09 02:37:00,040 - WARNING - GNN failed on rep 3: PyTorch not installed. Cannot use GNN method.
2026-10-09 02:37:01,069 - WARNING - GNN failed on rep 4: PyTorch not installed. Cannot use GNN method.
2026-10-09 02:37:02,118 - WARNING - GNN failed on rep 5: PyTorch not installed. Cannot use GNN method.
2026-10-09 02:37:03,141 - WARNING - GNN failed on rep 6: PyTorch not installed. Cannot use GNN method.
2026-10-09 02:37:04,186 - WARNING - GNN failed on rep 7: PyTorch not installed. Cannot use GNN method.
2026-10-09 02:37:05,229 - WARNING - GNN failed on rep 8: PyTorch not installed. Cannot use GNN method.
2026-10-09 02:37:06,264 - WARNING - GNN failed on rep 9: PyTorch not installed. Cannot use GNN method.
2026-10-09 02:37:07,316 - WARNING - GNN failed on rep 10: PyTorch not installed. Cannot use GNN method.
2026-10-09 02:37:08,337 - WARNING - GNN failed on rep 11: PyTorch not installed. Cannot use GNN method.
2026-10-09 02:37:09,390 - WARNING - GNN failed on rep 12: PyTorch not installed. Cannot use GNN method.
2026-10-09 02:37:10,420 - WARNING - GNN failed on rep 13: PyTorch not installed. Cannot use GNN method.
2026-10-09 02:37:11,579 - WARNING - GNN failed on rep 14: PyTorch not installed. Cannot use GNN method.
2026-10-09 02:37:12,609 - WARNING - GNN failed on rep 15: PyTorch not installed. Cannot use GNN method.
2026-10-09 02:37:13,686 - WARNING - GNN failed on rep 16: PyTorch not installed. Cannot use GNN method.
2026-10-09 02:37:14,729 - WARNING - GNN failed on rep 17: PyTorch not installed. Cannot use GNN method.
2026-10-09 02:37:15,799 - WARNING - GNN failed on rep 18: PyTorch not installed. Cannot use GNN method.
2026-10-09 02:37:16,817 - WARNING - GNN failed on rep 19: PyTorch not installed. Cannot use GNN method.
2026-10-09 02:37:17,829 - WARNING - GNN failed on rep 20: PyTorch not installed. Cannot use GNN method.
2026-10-09 02:37:18,886 - WARNING - GNN failed on rep 21: PyTorch not installed. Cannot use GNN method.
2026-10-09 02:37:19,950 - WARNING - GNN failed on rep 22: PyTorch not installed. Cannot use GNN method.
2026-10-09 02:37:21,003 - WARNING - GNN failed on rep 23: PyTorch not installed. Cannot use GNN method.
2026-10-09 02:37:22,087 - WARNING - GNN failed on rep 24: PyTorch not installed. Cannot use GNN method.
2026-10-09 02:37:23,127 - WARNING - GNN failed on rep 25: PyTorch not installed. Cannot use GNN method.
2026-10-09 02:37:24,137 - WARNING - GNN failed on rep 26: PyTorch not installed. Cannot use GNN method.
2026-10-09 02:37:25,203 - WARNING - GNN failed on rep 27: PyTorch not installed. Cannot use GNN method.
2026-10-09 02:37:26,215 - WARNING - GNN failed on rep 28: PyTorch not installed. Cannot use GNN method.
2026-10-09 02:37:27,237 - WARNING - GNN failed on rep 29: PyTorch not installed. Cannot use GNN method.
2026-10-09 02:37:28,799 - WARNING - GNN failed on rep 30: PyTorch not installed. Cannot use GNN method.
2026-10-09 02:37:29,846 - WARNING - GNN failed on rep 31: PyTorch not installed. Cannot use GNN method.
2026-10-09 02:37:30,920 - WARNING - GNN failed on rep 32: PyTorch not installed. Cannot use GNN method.
2026-10-09 02:37:31,983 - WARNING - GNN failed on rep 33: PyTorch not installed. Cannot use GNN method.
2026-10-09 02:37:33,167 - WARNING - GNN failed on rep 34: PyTorch not installed. Cannot use GNN method.
2026-10-09 02:37:34,191 - WARNING - GNN failed on rep 35: PyTorch not installed. Cannot use GNN method.
2026-10-09 02:37:35,241 - WARNING - GNN failed on rep 36: PyTorch not installed. Cannot use GNN method.
2026-10-09 02:37:36,275 - WARNING - GNN failed on rep 37: PyTorch not installed. Cannot use GNN method.
2026-10-09 02:37:37,367 - WARNING - GNN failed on rep 38: PyTorch not installed. Cannot use GNN method.
2026-10-09 02:37:38,390 - WARNING - GNN failed on rep 39: PyTorch not installed. Cannot use GNN method.
2026-10-09 02:37:39,635 - WARNING - GNN failed on rep 40: PyTorch not installed. Cannot use GNN method.
2026-10-09 02:37:40,694 - WARNING - GNN failed on rep 41: PyTorch not installed. Cannot use GNN method.
2026-10-09 02:37:41,739 - WARNING - GNN failed on rep 42: PyTorch not installed. Cannot use GNN method.
2026-10-09 02:37:42,764 - WARNING - GNN failed on rep 43: PyTorch not installed. Cannot use GNN method.
2026-10-09 02:37:43,804 - WARNING - GNN failed on rep 44: PyTorch not installed. Cannot use GNN method.
2026-10-09 02:37:44,826 - WARNING - GNN failed on rep 45: PyTorch not installed. Cannot use GNN method.
2026-10-09 02:37:45,851 - WARNING - GNN failed on rep 46: PyTorch not installed. Cannot use GNN method.
2026-10-09 02:37:46,886 - WARNING - GNN failed on rep 47: PyTorch not installed. Cannot use GNN method.
2026-10-09 02:37:47,909 - WARNING - GNN failed on rep 48: PyTorch not installed. Cannot use GNN method.
2026-10-09 02:37:48,972 - WARNING - GNN failed on rep 49: PyTorch not installed. Cannot use GNN method.
2026-10-09 02:37:50,058 - WARNING - GNN failed on rep 50: PyTorch not installed. Cannot use GNN method.
2026-10-09 02:37:51,078 - WARNING - GNN failed on rep 51: PyTorch not installed. Cannot use GNN method.
2026-10-09 02:37:52,235 - WARNING - GNN failed on rep 52: PyTorch not installed. Cannot use GNN method.
2026-10-09 02:37:53,295 - WARNING - GNN failed on rep 53: PyTorch not installed. Cannot use GNN method.
2026-10-09 02:37:54,318 - WARNING - GNN failed on rep 54: PyTorch not installed. Cannot use GNN method.
2026-10-09 02:37:55,323 - WARNING - GNN failed on rep 55: PyTorch not installed. Cannot use GNN method.
2026-10-09 02:37:56,354 - WARNING - GNN failed on rep 56: PyTorch not installed. Cannot use GNN method.
2026-10-09 02:37:57,410 - WARNING - GNN failed on rep 57: PyTorch not installed. Cannot use GNN method.
2026-10-09 02:37:58,464 - WARNING - GNN failed on rep 58: PyTorch not installed. Cannot use GNN method.
2026-10-09 02:37:59,487 - WARNING - GNN failed on rep 59: PyTorch not installed. Cannot use GNN method.
2026-10-09 02:38:00,567 - WARNING - GNN failed on rep 60: PyTorch not installed. Cannot use GNN method.
2026-10-09 02:38:01,574 - WARNING - GNN failed on rep 61: PyTorch not installed. Cannot use GNN method.
2026-10-09 02:38:02,627 - WARNING - GNN failed on rep 62: PyTorch not installed. Cannot use GNN method.
2026-10-09 02:38:03,658 - WARNING - GNN failed on rep 63: PyTorch not installed. Cannot use GNN method.
2026-10-09 02:38:04,694 - WARNING - GNN failed on rep 64: PyTorch not installed. Cannot use GNN method.
2026-10-09 02:38:05,731 - WARNING - GNN failed on rep 65: PyTorch not installed. Cannot use GNN method.
2026-10-09 02:38:06,790 - WARNING - GNN failed on rep 66: PyTorch not installed. Cannot use GNN method.
2026-10-09 02:38:07,841 - WARNING - GNN failed on rep 67: PyTorch not installed. Cannot use GNN method.
2026-10-09 02:38:08,865 - WARNING - GNN failed on rep 68: PyTorch not installed. Cannot use GNN method.
2026-10-09 02:38:09,942 - WARNING - GNN failed on rep 69: PyTorch not installed. Cannot use GNN method.
2026-10-09 02:38:11,004 - WARNING - GNN failed on rep 70: PyTorch not installed. Cannot use GNN method.
2026-10-09 02:38:12,006 - WARNING - GNN failed on rep 71: PyTorch not installed. Cannot use GNN method.
2026-10-09 02:38:13,022 - WARNING - GNN failed on rep 72: PyTorch not installed. Cannot use GNN method.
2026-10-09 02:38:14,188 - WARNING - GNN failed on rep 73: PyTorch not installed. Cannot use GNN method.
2026-10-09 02:38:15,198 - WARNING - GNN failed on rep 74: PyTorch not installed. Cannot use GNN method.
2026-10-09 02:38:16,246 - WARNING - GNN failed on rep 75: PyTorch not installed. Cannot use GNN method.
2026-10-09 02:38:17,295 - WARNING - GNN failed on rep 76: PyTorch not installed. Cannot use GNN method.
2026-10-09 02:38:18,321 - WARNING - GNN failed on rep 77: PyTorch not installed. Cannot use GNN method.
2026-10-09 02:38:19,338 - WARNING - GNN failed on rep 78: PyTorch not installed. Cannot use GNN method.
2026-10-09 02:38:20,409 - WARNING - GNN failed on rep 79: PyTorch not installed. Cannot use GNN method.
2026-10-09 02:38:21,461 - WARNING - GNN failed on rep 80: PyTorch not installed. Cannot use GNN method.
2026-10-09 02:38:22,478 - WARNING - GNN failed on rep 81: PyTorch not installed. Cannot use GNN method.
2026-10-09 02:38:23,571 - WARNING - GNN failed on rep 82: PyTorch not installed. Cannot use GNN method.
2026-10-09 02:38:24,596 - WARNING - GNN failed on rep 83: PyTorch not installed. Cannot use GNN method.
2026-10-09 02:38:25,598 - WARNING - GNN failed on rep 84: PyTorch not installed. Cannot use GNN method.
2026-10-09 02:38:26,633 - WARNING - GNN failed on rep 85: PyTorch not installed. Cannot use GNN method.
2026-10-09 02:38:28,063 - WARNING - GNN failed on rep 86: PyTorch not installed. Cannot use GNN method.
2026-10-09 02:38:29,209 - WARNING - GNN failed on rep 87: PyTorch not installed. Cannot use GNN method.
2026-10-09 02:38:30,226 - WARNING - GNN failed on rep 88: PyTorch not installed. Cannot use GNN method.
2026-10-09 02:38:31,296 - WARNING - GNN failed on rep 89: PyTorch not installed. Cannot use GNN method.
2026-10-09 02:38:32,327 - WARNING - GNN failed on rep 90: PyTorch not installed. Cannot use GNN method.
2026-10-09 02:38:33,503 - WARNING - GNN failed on rep 91: PyTorch not installed. Cannot use GNN method.
2026-10-09 02:38:34,748 - WARNING - GNN failed on rep 92: PyTorch not installed. Cannot use GNN method.
2026-10-09 02:38:35,902 - WARNING - GNN failed on rep 93: PyTorch not installed. Cannot use GNN method.
2026-10-09 02:38:36,976 - WARNING - GNN failed on rep 94: PyTorch not installed. Cannot use GNN method.
2026-10-09 02:38:38,027 - WARNING - GNN failed on rep 95: PyTorch not installed. Cannot use GNN method.
2026-10-09 02:38:39,117 - WARNING - GNN failed on rep 96: PyTorch not installed. Cannot use GNN method.
2026-10-09 02:38:40,147 - WARNING - GNN failed on rep 97: PyTorch not installed. Cannot use GNN method.
2026-10-09 02:38:41,166 - WARNING - GNN failed on rep 98: PyTorch not installed. Cannot use GNN method.
2026-10-09 02:38:42,183 - WARNING - GNN failed on rep 99: PyTorch not installed. Cannot use GNN method.
2026-10-09 02:38:42,190 - INFO - Completed: T50_N0.5_D2_DF5
2026-10-09 02:38:42,194 - INFO - Configuration 16/90
2026-10-09 02:38:42,194 - INFO - Starting configuration: T50_N0.5_D4_DF5
2026-10-09 02:38:43,517 - WARNING - GNN failed on rep 0: PyTorch not installed. Cannot use GNN method.
2026-10-09 02:38:44,503 - WARNING - GNN failed on rep 1: PyTorch not installed. Cannot use GNN method.
2026-10-09 02:38:45,534 - WARNING - GNN failed on rep 2: PyTorch not installed. Cannot use GNN method.
2026-10-09 02:38:46,538 - WARNING - GNN failed on rep 3: PyTorch not installed. Cannot use GNN method.
2026-10-09 02:38:47,549 - WARNING - GNN failed on rep 4: PyTorch not installed. Cannot use GNN method.
2026-10-09 02:38:48,559 - WARNING - GNN failed on rep 5: PyTorch not installed. Cannot use GNN method.
2026-10-09 02:38:49,595 - WARNING - GNN failed on rep 6: PyTorch not installed. Cannot use GNN method.
2026-10-09 02:38:50,606 - WARNING - GNN failed on rep 7: PyTorch not installed. Cannot use GNN method.
2026-10-09 02:38:51,658 - WARNING - GNN failed on rep 8: PyTorch not installed. Cannot use GNN method.
2026-10-09 02:38:52,671 - WARNING - GNN failed on rep 9: PyTorch not installed. Cannot use GNN method.
2026-10-09 02:38:53,787 - WARNING - GNN failed on rep 10: PyTorch not installed. Cannot use GNN method.
2026-10-09 02:38:54,794 - WARNING - GNN failed on rep 11: PyTorch not installed. Cannot use GNN method.
2026-10-09 02:38:55,799 - WARNING - GNN failed on rep 12: PyTorch not installed. Cannot use GNN method.
2026-10-09 02:38:56,805 - WARNING - GNN failed on rep 13: PyTorch not installed. Cannot use GNN method.
2026-10-09 02:38:57,825 - WARNING - GNN failed on rep 14: PyTorch not installed. Cannot use GNN method.
2026-10-09 02:38:58,845 - WARNING - GNN failed on rep 15: PyTorch not installed. Cannot use GNN method.
2026-10-09 02:38:59,873 - WARNING - GNN failed on rep 16: PyTorch not installed. Cannot use GNN method.
2026-10-09 02:39:00,883 - WARNING - GNN failed on rep 17: PyTorch not installed. Cannot use GNN method.
2026-10-09 02:39:01,889 - WARNING - GNN failed on rep 18: PyTorch not installed. Cannot use GNN method.
2026-10-09 02:39:02,897 - WARNING - GNN failed on rep 19: PyTorch not installed. Cannot use GNN method.
2026-10-09 02:39:03,926 - WARNING - GNN failed on rep 20: PyTorch not installed. Cannot use GNN method.
2026-10-09 02:39:05,035 - WARNING - GNN failed on rep 21: PyTorch not installed. Cannot use GNN method.
2026-10-09 02:39:06,064 - WARNING - GNN failed on rep 22: PyTorch not installed. Cannot use GNN method.
2026-10-09 02:39:07,172 - WARNING - GNN failed on rep 23: PyTorch not installed. Cannot use GNN method.
2026-10-09 02:39:08,339 - WARNING - GNN failed on rep 24: PyTorch not installed. Cannot use GNN method.
2026-10-09 02:39:09,421 - WARNING - GNN failed on rep 25: PyTorch not installed. Cannot use GNN method.
2026-10-09 02:39:10,505 - WARNING - GNN failed on rep 26: PyTorch not installed. Cannot use GNN method.
2026-10-09 02:39:11,573 - WARNING - GNN failed on rep 27: PyTorch not installed. Cannot use GNN method.
2026-10-09 02:39:12,582 - WARNING - GNN failed on rep 28: PyTorch not installed. Cannot use GNN method.
2026-10-09 02:39:13,644 - WARNING - GNN failed on rep 29: PyTorch not installed. Cannot use GNN method.
2026-10-09 02:39:14,675 - WARNING - GNN failed on rep 30: PyTorch not installed. Cannot use GNN method.
2026-10-09 02:39:15,684 - WARNING - GNN failed on rep 31: PyTorch not installed. Cannot use GNN method.
2026-10-09 02:39:16,724 - WARNING - GNN failed on rep 32: PyTorch not installed. Cannot use GNN method.
2026-10-09 02:39:17,757 - WARNING - GNN failed on rep 33: PyTorch not installed. Cannot use GNN method.
2026-10-09 02:39:18,773 - WARNING - GNN failed on rep 34: PyTorch not installed. Cannot use GNN method.
2026-10-09 02:39:19,840 - WARNING - GNN failed on rep 35: PyTorch not installed. Cannot use GNN method.
2026-10-09 02:39:20,862 - WARNING - GNN failed on rep 36: PyTorch not installed. Cannot use GNN method.
2026-10-09 02:39:21,901 - WARNING - GNN failed on rep 37: PyTorch not installed. Cannot use GNN method.
2026-10-09 02:39:22,917 - WARNING - GNN failed on rep 38: PyTorch not installed. Cannot use GNN method.
2026-10-09 02:39:23,954 - WARNING - GNN failed on rep 39: PyTorch not installed. Cannot use GNN method.
2026-10-09 02:39:25,089 - WARNING - GNN failed on rep 40: PyTorch not installed. Cannot use GNN method.
2026-10-09 02:39:26,117 - WARNING - GNN failed on rep 41: PyTorch not installed. Cannot use GNN method.
2026-10-09 02:39:27,141 - WARNING - GNN failed on rep 42: PyTorch not installed. Cannot use GNN method.
2026-10-09 02:39:28,676 - WARNING - GNN failed on rep 43: PyTorch not installed. Cannot use GNN method.
2026-10-09 02:39:29,720 - WARNING - GNN failed on rep 44: PyTorch not installed. Cannot use GNN method.
2026-10-09 02:39:30,729 - WARNING - GNN failed on rep 45: PyTorch not installed. Cannot use GNN method.
2026-10-09 02:39:31,748 - WARNING - GNN failed on rep 46: PyTorch not installed. Cannot use GNN method.
2026-10-09 02:39:32,786 - WARNING - GNN failed on rep 47: PyTorch not installed. Cannot use GNN method.
2026-10-09 02:39:33,823 - WARNING - GNN failed on rep 48: PyTorch not installed. Cannot use GNN method.
2026-10-09 02:39:34,919 - WARNING - GNN failed on rep 49: PyTorch not installed. Cannot use GNN method.
2026-10-09 02:39:36,013 - WARNING - GNN failed on rep 50: PyTorch not installed. Cannot use GNN method.
2026-10-09 02:39:37,073 - WARNING - GNN failed on rep 51: PyTorch not installed. Cannot use GNN method.
2026-10-09 02:39:38,198 - WARNING - GNN failed on rep 52: PyTorch not installed. Cannot use GNN method.
2026-10-09 02:39:39,257 - WARNING - GNN failed on rep 53: PyTorch not installed. Cannot use GNN method.
2026-10-09 02:39:40,328 - WARNING - GNN failed on rep 54: PyTorch not installed. Cannot use GNN method.
2026-10-09 02:39:41,399 - WARNING - GNN failed on rep 55: PyTorch not installed. Cannot use GNN method.
2026-10-09 02:39:42,429 - WARNING - GNN failed on rep 56: PyTorch not installed. Cannot use GNN method.
2026-10-09 02:39:43,476 - WARNING - GNN failed on rep 57: PyTorch not installed. Cannot use GNN method.
2026-10-09 02:39:44,655 - WARNING - GNN failed on rep 58: PyTorch not installed. Cannot use GNN method.
2026-10-09 02:39:45,688 - WARNING - GNN failed on rep 59: PyTorch not installed. Cannot use GNN method.
2026-10-09 02:39:46,730 - WARNING - GNN failed on rep 60: PyTorch not installed. Cannot use GNN method.
2026-10-09 02:39:47,765 - WARNING - GNN failed on rep 61: PyTorch not installed. Cannot use GNN method.
2026-10-09 02:39:48,867 - WARNING - GNN failed on rep 62: PyTorch not installed. Cannot use GNN method.
2026-10-09 02:39:49,919 - WARNING - GNN failed on rep 63: PyTorch not installed. Cannot use GNN method.
2026-10-09 02:39:50,953 - WARNING - GNN failed on rep 64: PyTorch not installed. Cannot use GNN method.
2026-10-09 02:39:51,996 - WARNING - GNN failed on rep 65: PyTorch not installed. Cannot use GNN method.
2026-10-09 02:39:53,029 - WARNING - GNN failed on rep 66: PyTorch not installed. Cannot use GNN method.
2026-10-09 02:39:54,072 - WARNING - GNN failed on rep 67: PyTorch not installed. Cannot use GNN method.
2026-10-09 02:39:55,100 - WARNING - GNN failed on rep 68: PyTorch not installed. Cannot use GNN method.
2026-10-09 02:39:56,217 - WARNING - GNN failed on rep 69: PyTorch not installed. Cannot use GNN method.
2026-10-09 02:39:57,264 - WARNING - GNN failed on rep 70: PyTorch not installed. Cannot use GNN method.
2026-10-09 02:39:58,301 - WARNING - GNN failed on rep 71: PyTorch not installed. Cannot use GNN method.
2026-10-09 02:39:59,356 - WARNING - GNN failed on rep 72: PyTorch not installed. Cannot use GNN method.
2026-10-09 02:40:00,449 - WARNING - GNN failed on rep 73: PyTorch not installed. Cannot use GNN method.
2026-10-09 02:40:01,509 - WARNING - GNN failed on rep 74: PyTorch not installed. Cannot use GNN method.
2026-10-09 02:40:02,540 - WARNING - GNN failed on rep 75: PyTorch not installed. Cannot use GNN method.
2026-10-09 02:40:03,707 - WARNING - GNN failed on rep 76: PyTorch not installed. Cannot use GNN method.
2026-10-09 02:40:04,749 - WARNING - GNN failed on rep 77: PyTorch not installed. Cannot use GNN method.
2026-10-09 02:40:05,777 - WARNING - GNN failed on rep 78: PyTorch not installed. Cannot use GNN method.
2026-10-09 02:40:06,821 - WARNING - GNN failed on rep 79: PyTorch not installed. Cannot use GNN method.
2026-10-09 02:40:07,921 - WARNING - GNN failed on rep 80: PyTorch not installed. Cannot use GNN method.
2026-10-09 02:40:08,962 - WARNING - GNN failed on rep 81: PyTorch not installed. Cannot use GNN method.
2026-10-09 02:40:09,987 - WARNING - GNN failed on rep 82: PyTorch not installed. Cannot use GNN method.
2026-10-09 02:40:11,000 - WARNING - GNN failed on rep 83: PyTorch not installed. Cannot use GNN method.
2026-10-09 02:40:12,140 - WARNING - GNN failed on rep 84: PyTorch not installed. Cannot use GNN method.
2026-10-09 02:40:13,197 - WARNING - GNN failed on rep 85: PyTorch not installed. Cannot use GNN method.
2026-10-09 02:40:14,513 - WARNING - GNN failed on rep 86: PyTorch not installed. Cannot use GNN method.
2026-10-09 02:40:15,783 - WARNING - GNN failed on rep 87: PyTorch not installed. Cannot use GNN method.
2026-10-09 02:40:17,007 - WARNING - GNN failed on rep 88: PyTorch not installed. Cannot use GNN method.
2026-10-09 02:40:18,147 - WARNING - GNN failed on rep 89: PyTorch not installed. Cannot use GNN method.
2026-10-09 02:40:19,263 - WARNING - GNN failed on rep 90: PyTorch not installed. Cannot use GNN method.
2026-10-09 02:40:20,365 - WARNING - GNN failed on rep 91: PyTorch not installed. Cannot use GNN method.
2026-10-09 02:40:21,412 - WARNING - GNN failed on rep 92: PyTorch not installed. Cannot use GNN method.
2026-10-09 02:40:22,586 - WARNING - GNN failed on rep 93: PyTorch not installed. Cannot use GNN method.
2026-10-09 02:40:23,659 - WARNING - GNN failed on rep 94: PyTorch not installed. Cannot use GNN method.
2026-10-09 02:40:24,698 - WARNING - GNN failed on rep 95: PyTorch not installed. Cannot use GNN method.
2026-10-09 02:40:25,754 - WARNING - GNN failed on rep 96: PyTorch not installed. Cannot use GNN method.
2026-10-09 02:40:26,774 - WARNING - GNN failed on rep 97: PyTorch not installed. Cannot use GNN method.
2026-10-09 02:40:28,384 - WARNING - GNN failed on rep 98: PyTorch not installed. Cannot use GNN method.
2026-10-09 02:40:29,474 - WARNING - GNN failed on rep 99: PyTorch not installed. Cannot use GNN method.
2026-10-09 02:40:29,480 - INFO - Completed: T50_N0.5_D4_DF5
2026-10-09 02:40:29,482 - INFO - Configuration 17/90
2026-10-09 02:40:29,483 - INFO - Starting configuration: T50_N0.5_D2_DF10
2026-10-09 02:40:30,818 - WARNING - GNN failed on rep 0: PyTorch not installed. Cannot use GNN method.
2026-10-09 02:40:31,863 - WARNING - GNN failed on rep 1: PyTorch not installed. Cannot use GNN method.
2026-10-09 02:40:32,918 - WARNING - GNN failed on rep 2: PyTorch not installed. Cannot use GNN method.
2026-10-09 02:40:33,963 - WARNING - GNN failed on rep 3: PyTorch not installed. Cannot use GNN method.
2026-10-09 02:40:35,064 - WARNING - GNN failed on rep 4: PyTorch not installed. Cannot use GNN method.
2026-10-09 02:40:36,087 - WARNING - GNN failed on rep 5: PyTorch not installed. Cannot use GNN method.
2026-10-09 02:40:37,344 - WARNING - GNN failed on rep 6: PyTorch not installed. Cannot use GNN method.
2026-10-09 02:40:38,393 - WARNING - GNN failed on rep 7: PyTorch not installed. Cannot use GNN method.
2026-10-09 02:40:39,427 - WARNING - GNN failed on rep 8: PyTorch not installed. Cannot use GNN method.
2026-10-09 02:40:40,465 - WARNING - GNN failed on rep 9: PyTorch not installed. Cannot use GNN method.
2026-10-09 02:40:41,506 - WARNING - GNN failed on rep 10: PyTorch not installed. Cannot use GNN method.
2026-10-09 02:40:42,547 - WARNING - GNN failed on rep 11: PyTorch not installed. Cannot use GNN method.
2026-10-09 02:40:43,580 - WARNING - GNN failed on rep 12: PyTorch not installed. Cannot use GNN method.
2026-10-09 02:40:44,658 - WARNING - GNN failed on rep 13: PyTorch not installed. Cannot use GNN method.
2026-10-09 02:40:45,774 - WARNING - GNN failed on rep 14: PyTorch not installed. Cannot use GNN method.
2026-10-09 02:40:46,819 - WARNING - GNN failed on rep 15: PyTorch not installed. Cannot use GNN method.
2026-10-09 02:40:47,870 - WARNING - GNN failed on rep 16: PyTorch not installed. Cannot use GNN method.
2026-10-09 02:40:48,926 - WARNING - GNN failed on rep 17: PyTorch not installed. Cannot use GNN method.
2026-10-09 02:40:49,937 - WARNING - GNN failed on rep 18: PyTorch not installed. Cannot use GNN method.
2026-10-09 02:40:50,972 - WARNING - GNN failed on rep 19: PyTorch not installed. Cannot use GNN method.
2026-10-09 02:40:52,054 - WARNING - GNN failed on rep 20: PyTorch not installed. Cannot use GNN method.
2026-10-09 02:40:53,109 - WARNING - GNN failed on rep 21: PyTorch not installed. Cannot use GNN method.
2026-10-09 02:40:54,159 - WARNING - GNN failed on rep 22: PyTorch not installed. Cannot use GNN method.
2026-10-09 02:40:55,182 - WARNING - GNN failed on rep 23: PyTorch not installed. Cannot use GNN method.
2026-10-09 02:40:56,325 - WARNING - GNN failed on rep 24: PyTorch not installed. Cannot use GNN method.
2026-10-09 02:40:57,355 - WARNING - GNN failed on rep 25: PyTorch not installed. Cannot use GNN method.
2026-10-09 02:40:58,432 - WARNING - GNN failed on rep 26: PyTorch not installed. Cannot use GNN method.
2026-10-09 02:40:59,480 - WARNING - GNN failed on rep 27: PyTorch not installed. Cannot use GNN method.
2026-10-09 02:41:00,536 - WARNING - GNN failed on rep 28: PyTorch not installed. Cannot use GNN method.
2026-10-09 02:41:01,575 - WARNING - GNN failed on rep 29: PyTorch not installed. Cannot use GNN method.
2026-10-09 02:41:02,603 - WARNING - GNN failed on rep 30: PyTorch not installed. Cannot use GNN method.
2026-10-09 02:41:03,647 - WARNING - GNN failed on rep 31: PyTorch not installed. Cannot use GNN method.
2026-10-09 02:41:04,698 - WARNING - GNN failed on rep 32: PyTorch not installed. Cannot use GNN method.
2026-10-09 02:41:05,757 - WARNING - GNN failed on rep 33: PyTorch not installed. Cannot use GNN method.
2026-10-09 02:41:06,851 - WARNING - GNN failed on rep 34: PyTorch not installed. Cannot use GNN method.
2026-10-09 02:41:07,887 - WARNING - GNN failed on rep 35: PyTorch not installed. Cannot use GNN method.
2026-10-09 02:41:08,897 - WARNING - GNN failed on rep 36: PyTorch not installed. Cannot use GNN method.
2026-10-09 02:41:09,955 - WARNING - GNN failed on rep 37: PyTorch not installed. Cannot use GNN method.
2026-10-09 02:41:10,979 - WARNING - GNN failed on rep 38: PyTorch not installed. Cannot use GNN method.
2026-10-09 02:41:12,020 - WARNING - GNN failed on rep 39: PyTorch not installed. Cannot use GNN method.
2026-10-09 02:41:13,040 - WARNING - GNN failed on rep 40: PyTorch not installed. Cannot use GNN method.
2026-10-09 02:41:14,102 - WARNING - GNN failed on rep 41: PyTorch not installed. Cannot use GNN method.
2026-10-09 02:41:15,252 - WARNING - GNN failed on rep 42: PyTorch not installed. Cannot use GNN method.
2026-10-09 02:41:16,311 - WARNING - GNN failed on rep 43: PyTorch not installed. Cannot use GNN method.
2026-10-09 02:41:17,388 - WARNING - GNN failed on rep 44: PyTorch not installed. Cannot use GNN method.
2026-10-09 02:41:18,438 - WARNING - GNN failed on rep 45: PyTorch not installed. Cannot use GNN method.
2026-10-09 02:41:19,505 - WARNING - GNN failed on rep 46: PyTorch not installed. Cannot use GNN method.
2026-10-09 02:41:20,581 - WARNING - GNN failed on rep 47: PyTorch not installed. Cannot use GNN method.
2026-10-09 02:41:21,653 - WARNING - GNN failed on rep 48: PyTorch not installed. Cannot use GNN method.
2026-10-09 02:41:22,679 - WARNING - GNN failed on rep 49: PyTorch not installed. Cannot use GNN method.
2026-10-09 02:41:23,734 - WARNING - GNN failed on rep 50: PyTorch not installed. Cannot use GNN method.
2026-10-09 02:41:24,765 - WARNING - GNN failed on rep 51: PyTorch not installed. Cannot use GNN method.
2026-10-09 02:41:25,818 - WARNING - GNN failed on rep 52: PyTorch not installed. Cannot use GNN method.
2026-10-09 02:41:26,826 - WARNING - GNN failed on rep 53: PyTorch not installed. Cannot use GNN method.
2026-10-09 02:41:28,375 - WARNING - GNN failed on rep 54: PyTorch not installed. Cannot use GNN method.
2026-10-09 02:41:29,450 - WARNING - GNN failed on rep 55: PyTorch not installed. Cannot use GNN method.
2026-10-09 02:41:30,483 - WARNING - GNN failed on rep 56: PyTorch not installed. Cannot use GNN method.
2026-10-09 02:41:31,545 - WARNING - GNN failed on rep 57: PyTorch not installed. Cannot use GNN method.
2026-10-09 02:41:32,591 - WARNING - GNN failed on rep 58: PyTorch not installed. Cannot use GNN method.
2026-10-09 02:41:33,640 - WARNING - GNN failed on rep 59: PyTorch not installed. Cannot use GNN method.
2026-10-09 02:41:34,775 - WARNING - GNN failed on rep 60: PyTorch not installed. Cannot use GNN method.
2026-10-09 02:41:35,860 - WARNING - GNN failed on rep 61: PyTorch not installed. Cannot use GNN method.
2026-10-09 02:41:36,913 - WARNING - GNN failed on rep 62: PyTorch not installed. Cannot use GNN method.
2026-10-09 02:41:37,989 - WARNING - GNN failed on rep 63: PyTorch not installed. Cannot use GNN method.
2026-10-09 02:41:39,028 - WARNING - GNN failed on rep 64: PyTorch not installed. Cannot use GNN method.
2026-10-09 02:41:40,128 - WARNING - GNN failed on rep 65: PyTorch not installed. Cannot use GNN method.
2026-10-09 02:41:41,188 - WARNING - GNN failed on rep 66: PyTorch not installed. Cannot use GNN method.
2026-10-09 02:41:42,225 - WARNING - GNN failed on rep 67: PyTorch not installed. Cannot use GNN method.
2026-10-09 02:41:43,290 - WARNING - GNN failed on rep 68: PyTorch not installed. Cannot use GNN method.
2026-10-09 02:41:44,338 - WARNING - GNN failed on rep 69: PyTorch not installed. Cannot use GNN method.
2026-10-09 02:41:45,350 - WARNING - GNN failed on rep 70: PyTorch not installed. Cannot use GNN method.
2026-10-09 02:41:46,405 - WARNING - GNN failed on rep 71: PyTorch not installed. Cannot use GNN method.
2026-10-09 02:41:47,418 - WARNING - GNN failed on rep 72: PyTorch not installed. Cannot use GNN method.
2026-10-09 02:41:48,441 - WARNING - GNN failed on rep 73: PyTorch not installed. Cannot use GNN method.
2026-10-09 02:41:49,484 - WARNING - GNN failed on rep 74: PyTorch not installed. Cannot use GNN method.
2026-10-09 02:41:50,547 - WARNING - GNN failed on rep 75: PyTorch not installed. Cannot use GNN method.
2026-10-09 02:41:51,565 - WARNING - GNN failed on rep 76: PyTorch not installed. Cannot use GNN method.
2026-10-09 02:41:52,756 - WARNING - GNN failed on rep 77: PyTorch not installed. Cannot use GNN method.
2026-10-09 02:41:53,799 - WARNING - GNN failed on rep 78: PyTorch not installed. Cannot use GNN method.
2026-10-09 02:41:54,825 - WARNING - GNN failed on rep 79: PyTorch not installed. Cannot use GNN method.
2026-10-09 02:41:55,895 - WARNING - GNN failed on rep 80: PyTorch not installed. Cannot use GNN method.
2026-10-09 02:41:56,958 - WARNING - GNN failed on rep 81: PyTorch not installed. Cannot use GNN method.
2026-10-09 02:41:57,997 - WARNING - GNN failed on rep 82: PyTorch not installed. Cannot use GNN method.
2026-10-09 02:41:59,068 - WARNING - GNN failed on rep 83: PyTorch not installed. Cannot use GNN method.
2026-10-09 02:42:00,144 - WARNING - GNN failed on rep 84: PyTorch not installed. Cannot use GNN method.
2026-10-09 02:42:01,249 - WARNING - GNN failed on rep 85: PyTorch not installed. Cannot use GNN method.
2026-10-09 02:42:02,270 - WARNING - GNN failed on rep 86: PyTorch not installed. Cannot use GNN method.
2026-10-09 02:42:03,283 - WARNING - GNN failed on rep 87: PyTorch not installed. Cannot use GNN method.
2026-10-09 02:42:04,315 - WARNING - GNN failed on rep 88: PyTorch not installed. Cannot use GNN method.
2026-10-09 02:42:05,327 - WARNING - GNN failed on rep 89: PyTorch not installed. Cannot use GNN method.
2026-10-09 02:42:06,340 - WARNING - GNN failed on rep 90: PyTorch not installed. Cannot use GNN method.
2026-10-09 02:42:07,369 - WARNING - GNN failed on rep 91: PyTorch not installed. Cannot use GNN method.
2026-10-09 02:42:08,368 - WARNING - GNN failed on rep 92: PyTorch not installed. Cannot use GNN method.
2026-10-09 02:42:09,407 - WARNING - GNN failed on rep 93: PyTorch not installed. Cannot use GNN method.
2026-10-09 02:42:10,404 - WARNING - GNN failed on rep 94: PyTorch not installed. Cannot use GNN method.
2026-10-09 02:42:11,546 - WARNING - GNN failed on rep 95: PyTorch not installed. Cannot use GNN method.
2026-10-09 02:42:12,578 - WARNING - GNN failed on rep 96: PyTorch not installed. Cannot use GNN method.
2026-10-09 02:42:13,585 - WARNING - GNN failed on rep 97: PyTorch not installed. Cannot use GNN method.
2026-10-09 02:42:14,601 - WARNING - GNN failed on rep 98: PyTorch not installed. Cannot use GNN method.
2026-10-09 02:42:15,604 - WARNING - GNN failed on rep 99: PyTorch not installed. Cannot use GNN method.
2026-10-09 02:42:15,612 - INFO - Completed: T50_N0.5_D2_DF10
2026-10-09 02:42:15,614 - INFO - Configuration 18/90
2026-10-09 02:42:15,615 - INFO - Starting configuration: T50_N0.5_D4_DF10
2026-10-09 02:42:16,934 - WARNING - GNN failed on rep 0: PyTorch not installed. Cannot use GNN method.
2026-10-09 02:42:17,942 - WARNING - GNN failed on rep 1: PyTorch not installed. Cannot use GNN method.
2026-10-09 02:42:18,962 - WARNING - GNN failed on rep 2: PyTorch not installed. Cannot use GNN method.
2026-10-09 02:42:19,990 - WARNING - GNN failed on rep 3: PyTorch not installed. Cannot use GNN method.
2026-10-09 02:42:21,022 - WARNING - GNN failed on rep 4: PyTorch not installed. Cannot use GNN method.
2026-10-09 02:42:22,057 - WARNING - GNN failed on rep 5: PyTorch not installed. Cannot use GNN method.
2026-10-09 02:42:23,067 - WARNING - GNN failed on rep 6: PyTorch not installed. Cannot use GNN method.
2026-10-09 02:42:24,096 - WARNING - GNN failed on rep 7: PyTorch not installed. Cannot use GNN method.
2026-10-09 02:42:25,096 - WARNING - GNN failed on rep 8: PyTorch not installed. Cannot use GNN method.
2026-10-09 02:42:26,098 - WARNING - GNN failed on rep 9: PyTorch not installed. Cannot use GNN method.
2026-10-09 02:42:27,128 - WARNING - GNN failed on rep 10: PyTorch not installed. Cannot use GNN method.
2026-10-09 02:42:28,762 - WARNING - GNN failed on rep 11: PyTorch not installed. Cannot use GNN method.
2026-10-09 02:42:29,773 - WARNING - GNN failed on rep 12: PyTorch not installed. Cannot use GNN method.
2026-10-09 02:42:30,789 - WARNING - GNN failed on rep 13: PyTorch not installed. Cannot use GNN method.
2026-10-09 02:42:31,798 - WARNING - GNN failed on rep 14: PyTorch not installed. Cannot use GNN method.
2026-10-09 02:42:32,839 - WARNING - GNN failed on rep 15: PyTorch not installed. Cannot use GNN method.
2026-10-09 02:42:34,881 - WARNING - GNN failed on rep 16: PyTorch not installed. Cannot use GNN method.
2026-10-09 02:42:37,216 - WARNING - GNN failed on rep 17: PyTorch not installed. Cannot use GNN method.
2026-10-09 02:42:38,814 - WARNING - GNN failed on rep 18: PyTorch not installed. Cannot use GNN method.
2026-10-09 02:42:41,522 - WARNING - GNN failed on rep 19: PyTorch not installed. Cannot use GNN method.
2026-10-09 02:42:43,840 - WARNING - GNN failed on rep 20: PyTorch not installed. Cannot use GNN method.
2026-10-09 02:42:46,064 - WARNING - GNN failed on rep 21: PyTorch not installed. Cannot use GNN method.
2026-10-09 02:42:48,214 - WARNING - GNN failed on rep 22: PyTorch not installed. Cannot use GNN method.
2026-10-09 02:42:50,493 - WARNING - GNN failed on rep 23: PyTorch not installed. Cannot use GNN method.
2026-10-09 02:42:51,842 - WARNING - GNN failed on rep 24: PyTorch not installed. Cannot use GNN method.
2026-10-09 02:42:54,090 - WARNING - GNN failed on rep 25: PyTorch not installed. Cannot use GNN method.
2026-10-09 02:42:56,102 - WARNING - GNN failed on rep 26: PyTorch not installed. Cannot use GNN method.
2026-10-09 02:42:57,151 - WARNING - GNN failed on rep 27: PyTorch not installed. Cannot use GNN method.
2026-10-09 02:42:58,203 - WARNING - GNN failed on rep 28: PyTorch not installed. Cannot use GNN method.
2026-10-09 02:42:59,236 - WARNING - GNN failed on rep 29: PyTorch not installed. Cannot use GNN method.
2026-10-09 02:43:00,301 - WARNING - GNN failed on rep 30: PyTorch not installed. Cannot use GNN method.
2026-10-09 02:43:01,345 - WARNING - GNN failed on rep 31: PyTorch not installed. Cannot use GNN method.
2026-10-09 02:43:02,417 - WARNING - GNN failed on rep 32: PyTorch not installed. Cannot use GNN method.
2026-10-09 02:43:03,454 - WARNING - GNN failed on rep 33: PyTorch not installed. Cannot use GNN method.
2026-10-09 02:43:04,493 - WARNING - GNN failed on rep 34: PyTorch not installed. Cannot use GNN method.
2026-10-09 02:43:05,532 - WARNING - GNN failed on rep 35: PyTorch not installed. Cannot use GNN method.
2026-10-09 02:43:06,562 - WARNING - GNN failed on rep 36: PyTorch not installed. Cannot use GNN method.
2026-10-09 02:43:07,758 - WARNING - GNN failed on rep 37: PyTorch not installed. Cannot use GNN method.
2026-10-09 02:43:08,791 - WARNING - GNN failed on rep 38: PyTorch not installed. Cannot use GNN method.
2026-10-09 02:43:09,867 - WARNING - GNN failed on rep 39: PyTorch not installed. Cannot use GNN method.
2026-10-09 02:43:10,927 - WARNING - GNN failed on rep 40: PyTorch not installed. Cannot use GNN method.
2026-10-09 02:43:12,044 - WARNING - GNN failed on rep 41: PyTorch not installed. Cannot use GNN method.
2026-10-09 02:43:13,090 - WARNING - GNN failed on rep 42: PyTorch not installed. Cannot use GNN method.
2026-10-09 02:43:14,133 - WARNING - GNN failed on rep 43: PyTorch not installed. Cannot use GNN method.
2026-10-09 02:43:15,150 - WARNING - GNN failed on rep 44: PyTorch not installed. Cannot use GNN method.
2026-10-09 02:43:16,220 - WARNING - GNN failed on rep 45: PyTorch not installed. Cannot use GNN method.
2026-10-09 02:43:17,264 - WARNING - GNN failed on rep 46: PyTorch not installed. Cannot use GNN method.
2026-10-09 02:43:18,292 - WARNING - GNN failed on rep 47: PyTorch not installed. Cannot use GNN method.
2026-10-09 02:43:19,432 - WARNING - GNN failed on rep 48: PyTorch not installed. Cannot use GNN method.
2026-10-09 02:43:20,459 - WARNING - GNN failed on rep 49: PyTorch not installed. Cannot use GNN method.
2026-10-09 02:43:21,544 - WARNING - GNN failed on rep 50: PyTorch not installed. Cannot use GNN method.
2026-10-09 02:43:22,614 - WARNING - GNN failed on rep 51: PyTorch not installed. Cannot use GNN method.
2026-10-09 02:43:23,691 - WARNING - GNN failed on rep 52: PyTorch not installed. Cannot use GNN method.
2026-10-09 02:43:24,732 - WARNING - GNN failed on rep 53: PyTorch not installed. Cannot use GNN method.
2026-10-09 02:43:25,773 - WARNING - GNN failed on rep 54: PyTorch not installed. Cannot use GNN method.
2026-10-09 02:43:26,812 - WARNING - GNN failed on rep 55: PyTorch not installed. Cannot use GNN method.
2026-10-09 02:43:28,383 - WARNING - GNN failed on rep 56: PyTorch not installed. Cannot use GNN method.
2026-10-09 02:43:29,555 - WARNING - GNN failed on rep 57: PyTorch not installed. Cannot use GNN method.
2026-10-09 02:43:30,601 - WARNING - GNN failed on rep 58: PyTorch not installed. Cannot use GNN method.
2026-10-09 02:43:31,633 - WARNING - GNN failed on rep 59: PyTorch not installed. Cannot use GNN method.
2026-10-09 02:43:32,688 - WARNING - GNN failed on rep 60: PyTorch not installed. Cannot use GNN method.
2026-10-09 02:43:33,727 - WARNING - GNN failed on rep 61: PyTorch not installed. Cannot use GNN method.
2026-10-09 02:43:34,772 - WARNING - GNN failed on rep 62: PyTorch not installed. Cannot use GNN method.
2026-10-09 02:43:35,838 - WARNING - GNN failed on rep 63: PyTorch not installed. Cannot use GNN method.
2026-10-09 02:43:37,029 - WARNING - GNN failed on rep 64: PyTorch not installed. Cannot use GNN method.
2026-10-09 02:43:38,152 - WARNING - GNN failed on rep 65: PyTorch not installed. Cannot use GNN method.
2026-10-09 02:43:39,184 - WARNING - GNN failed on rep 66: PyTorch not installed. Cannot use GNN method.
2026-10-09 02:43:40,219 - WARNING - GNN failed on rep 67: PyTorch not installed. Cannot use GNN method.
2026-10-09 02:43:41,381 - WARNING - GNN failed on rep 68: PyTorch not installed. Cannot use GNN method.
2026-10-09 02:43:42,420 - WARNING - GNN failed on rep 69: PyTorch not installed. Cannot use GNN method.
2026-10-09 02:43:43,441 - WARNING - GNN failed on rep 70: PyTorch not installed. Cannot use GNN method.
2026-10-09 02:43:44,510 - WARNING - GNN failed on rep 71: PyTorch not installed. Cannot use GNN method.
2026-10-09 02:43:45,550 - WARNING - GNN failed on rep 72: PyTorch not installed. Cannot use GNN method.
2026-10-09 02:43:46,573 - WARNING - GNN failed on rep 73: PyTorch not installed. Cannot use GNN method.
2026-10-09 02:43:47,615 - WARNING - GNN failed on rep 74: PyTorch not installed. Cannot use GNN method.
2026-10-09 02:43:48,640 - WARNING - GNN failed on rep 75: PyTorch not installed. Cannot use GNN method.
2026-10-09 02:43:49,684 - WARNING - GNN failed on rep 76: PyTorch not installed. Cannot use GNN method.
2026-10-09 02:43:50,739 - WARNING - GNN failed on rep 77: PyTorch not installed. Cannot use GNN method.
2026-10-09 02:43:51,796 - WARNING - GNN failed on rep 78: PyTorch not installed. Cannot use GNN method.
2026-10-09 02:43:52,848 - WARNING - GNN failed on rep 79: PyTorch not installed. Cannot use GNN method.
2026-10-09 02:43:54,007 - WARNING - GNN failed on rep 80: PyTorch not installed. Cannot use GNN method.
2026-10-09 02:43:55,016 - WARNING - GNN failed on rep 81: PyTorch not installed. Cannot use GNN method.
2026-10-09 02:43:56,049 - WARNING - GNN failed on rep 82: PyTorch not installed. Cannot use GNN method.
2026-10-09 02:43:57,088 - WARNING - GNN failed on rep 83: PyTorch not installed. Cannot use GNN method.
2026-10-09 02:43:58,122 - WARNING - GNN failed on rep 84: PyTorch not installed. Cannot use GNN method.
2026-10-09 02:43:59,159 - WARNING - GNN failed on rep 85: PyTorch not installed. Cannot use GNN method.
2026-10-09 02:44:00,196 - WARNING - GNN failed on rep 86: PyTorch not installed. Cannot use GNN method.
2026-10-09 02:44:01,225 - WARNING - GNN failed on rep 87: PyTorch not installed. Cannot use GNN method.
2026-10-09 02:44:02,271 - WARNING - GNN failed on rep 88: PyTorch not installed. Cannot use GNN method.
2026-10-09 02:44:03,306 - WARNING - GNN failed on rep 89: PyTorch not installed. Cannot use GNN method.
2026-10-09 02:44:04,391 - WARNING - GNN failed on rep 90: PyTorch not installed. Cannot use GNN method.
2026-10-09 02:44:05,418 - WARNING - GNN failed on rep 91: PyTorch not installed. Cannot use GNN method.
2026-10-09 02:44:06,561 - WARNING - GNN failed on rep 92: PyTorch not installed. Cannot use GNN method.
2026-10-09 02:44:07,633 - WARNING - GNN failed on rep 93: PyTorch not installed. Cannot use GNN method.
2026-10-09 02:44:08,672 - WARNING - GNN failed on rep 94: PyTorch not installed. Cannot use GNN method.
2026-10-09 02:44:09,692 - WARNING - GNN failed on rep 95: PyTorch not installed. Cannot use GNN method.
2026-10-09 02:44:10,706 - WARNING - GNN failed on rep 96: PyTorch not installed. Cannot use GNN method.
2026-10-09 02:44:11,733 - WARNING - GNN failed on rep 97: PyTorch not installed. Cannot use GNN method.
2026-10-09 02:44:12,769 - WARNING - GNN failed on rep 98: PyTorch not installed. Cannot use GNN method.
2026-10-09 02:44:13,810 - WARNING - GNN failed on rep 99: PyTorch not installed. Cannot use GNN method.
2026-10-09 02:44:13,817 - INFO - Completed: T50_N0.5_D4_DF10
2026-10-09 02:44:13,820 - INFO - Configuration 19/90
2026-10-09 02:44:13,820 - INFO - Starting configuration: T100_N0.1_D2_DF3
2026-10-09 02:44:15,209 - WARNING - GNN failed on rep 0: PyTorch not installed. Cannot use GNN method.
2026-10-09 02:44:16,296 - WARNING - GNN failed on rep 1: PyTorch not installed. Cannot use GNN method.
2026-10-09 02:44:17,499 - WARNING - GNN failed on rep 2: PyTorch not installed. Cannot use GNN method.
2026-10-09 02:44:18,537 - WARNING - GNN failed on rep 3: PyTorch not installed. Cannot use GNN method.
2026-10-09 02:44:19,586 - WARNING - GNN failed on rep 4: PyTorch not installed. Cannot use GNN method.
2026-10-09 02:44:20,671 - WARNING - GNN failed on rep 5: PyTorch not installed. Cannot use GNN method.
2026-10-09 02:44:21,700 - WARNING - GNN failed on rep 6: PyTorch not installed. Cannot use GNN method.
2026-10-09 02:44:22,734 - WARNING - GNN failed on rep 7: PyTorch not installed. Cannot use GNN method.
2026-10-09 02:44:23,790 - WARNING - GNN failed on rep 8: PyTorch not installed. Cannot use GNN method.
2026-10-09 02:44:24,900 - WARNING - GNN failed on rep 9: PyTorch not installed. Cannot use GNN method.
2026-10-09 02:44:26,045 - WARNING - GNN failed on rep 10: PyTorch not installed. Cannot use GNN method.
2026-10-09 02:44:27,082 - WARNING - GNN failed on rep 11: PyTorch not installed. Cannot use GNN method.
2026-10-09 02:44:28,618 - WARNING - GNN failed on rep 12: PyTorch not installed. Cannot use GNN method.
2026-10-09 02:44:29,823 - WARNING - GNN failed on rep 13: PyTorch not installed. Cannot use GNN method.
2026-10-09 02:44:30,899 - WARNING - GNN failed on rep 14: PyTorch not installed. Cannot use GNN method.
2026-10-09 02:44:31,900 - WARNING - GNN failed on rep 15: PyTorch not installed. Cannot use GNN method.
2026-10-09 02:44:32,990 - WARNING - GNN failed on rep 16: PyTorch not installed. Cannot use GNN method.
2026-10-09 02:44:34,018 - WARNING - GNN failed on rep 17: PyTorch not installed. Cannot use GNN method.
2026-10-09 02:44:35,081 - WARNING - GNN failed on rep 18: PyTorch not installed. Cannot use GNN method.
2026-10-09 02:44:36,156 - WARNING - GNN failed on rep 19: PyTorch not installed. Cannot use GNN method.
2026-10-09 02:44:37,181 - WARNING - GNN failed on rep 20: PyTorch not installed. Cannot use GNN method.
2026-10-09 02:44:38,198 - WARNING - GNN failed on rep 21: PyTorch not installed. Cannot use GNN method.
2026-10-09 02:44:39,260 - WARNING - GNN failed on rep 22: PyTorch not installed. Cannot use GNN method.
2026-10-09 02:44:40,316 - WARNING - GNN failed on rep 23: PyTorch not installed. Cannot use GNN method.
2026-10-09 02:44:41,354 - WARNING - GNN failed on rep 24: PyTorch not installed. Cannot use GNN method.
2026-10-09 02:44:42,371 - WARNING - GNN failed on rep 25: PyTorch not installed. Cannot use GNN method.
2026-10-09 02:44:43,418 - WARNING - GNN failed on rep 26: PyTorch not installed. Cannot use GNN method.
2026-10-09 02:44:44,422 - WARNING - GNN failed on rep 27: PyTorch not installed. Cannot use GNN method.
2026-10-09 02:44:45,434 - WARNING - GNN failed on rep 28: PyTorch not installed. Cannot use GNN method.
2026-10-09 02:44:46,700 - WARNING - GNN failed on rep 29: PyTorch not installed. Cannot use GNN method.
2026-10-09 02:44:47,999 - WARNING - GNN failed on rep 30: PyTorch not installed. Cannot use GNN method.
2026-10-09 02:44:49,034 - WARNING - GNN failed on rep 31: PyTorch not installed. Cannot use GNN method.
2026-10-09 02:44:50,085 - WARNING - GNN failed on rep 32: PyTorch not installed. Cannot use GNN method.
2026-10-09 02:44:51,094 - WARNING - GNN failed on rep 33: PyTorch not installed. Cannot use GNN method.
2026-10-09 02:44:52,169 - WARNING - GNN failed on rep 34: PyTorch not installed. Cannot use GNN method.
2026-10-09 02:44:53,185 - WARNING - GNN failed on rep 35: PyTorch not installed. Cannot use GNN method.
2026-10-09 02:44:54,242 - WARNING - GNN failed on rep 36: PyTorch not installed. Cannot use GNN method.
2026-10-09 02:44:55,267 - WARNING - GNN failed on rep 37: PyTorch not installed. Cannot use GNN method.
2026-10-09 02:44:56,280 - WARNING - GNN failed on rep 38: PyTorch not installed. Cannot use GNN method.
2026-10-09 02:44:57,293 - WARNING - GNN failed on rep 39: PyTorch not installed. Cannot use GNN method.
2026-10-09 02:44:58,314 - WARNING - GNN failed on rep 40: PyTorch not installed. Cannot use GNN method.
2026-10-09 02:44:59,338 - WARNING - GNN failed on rep 41: PyTorch not installed. Cannot use GNN method.
2026-10-09 02:45:00,369 - WARNING - GNN failed on rep 42: PyTorch not installed. Cannot use GNN method.
2026-10-09 02:45:01,390 - WARNING - GNN failed on rep 43: PyTorch not installed. Cannot use GNN method.
2026-10-09 02:45:02,420 - WARNING - GNN failed on rep 44: PyTorch not installed. Cannot use GNN method.
2026-10-09 02:45:03,429 - WARNING - GNN failed on rep 45: PyTorch not installed. Cannot use GNN method.
2026-10-09 02:45:04,441 - WARNING - GNN failed on rep 46: PyTorch not installed. Cannot use GNN method.
2026-10-09 02:45:05,468 - WARNING - GNN failed on rep 47: PyTorch not installed. Cannot use GNN method.
2026-10-09 02:45:06,491 - WARNING - GNN failed on rep 48: PyTorch not installed. Cannot use GNN method.
2026-10-09 02:45:07,628 - WARNING - GNN failed on rep 49: PyTorch not installed. Cannot use GNN method.
2026-10-09 02:45:08,641 - WARNING - GNN failed on rep 50: PyTorch not installed. Cannot use GNN method.
2026-10-09 02:45:09,837 - WARNING - GNN failed on rep 51: PyTorch not installed. Cannot use GNN method.
2026-10-09 02:45:10,865 - WARNING - GNN failed on rep 52: PyTorch not installed. Cannot use GNN method.
2026-10-09 02:45:11,981 - WARNING - GNN failed on rep 53: PyTorch not installed. Cannot use GNN method.
2026-10-09 02:45:13,010 - WARNING - GNN failed on rep 54: PyTorch not installed. Cannot use GNN method.
2026-10-09 02:45:14,173 - WARNING - GNN failed on rep 55: PyTorch not installed. Cannot use GNN method.
2026-10-09 02:45:15,205 - WARNING - GNN failed on rep 56: PyTorch not installed. Cannot use GNN method.
2026-10-09 02:45:16,312 - WARNING - GNN failed on rep 57: PyTorch not installed. Cannot use GNN method.
2026-10-09 02:45:17,433 - WARNING - GNN failed on rep 58: PyTorch not installed. Cannot use GNN method.
2026-10-09 02:45:18,489 - WARNING - GNN failed on rep 59: PyTorch not installed. Cannot use GNN method.
2026-10-09 02:45:19,542 - WARNING - GNN failed on rep 60: PyTorch not installed. Cannot use GNN method.
2026-10-09 02:45:20,580 - WARNING - GNN failed on rep 61: PyTorch not installed. Cannot use GNN method.
2026-10-09 02:45:21,997 - WARNING - GNN failed on rep 62: PyTorch not installed. Cannot use GNN method.
2026-10-09 02:45:23,027 - WARNING - GNN failed on rep 63: PyTorch not installed. Cannot use GNN method.
2026-10-09 02:45:24,105 - WARNING - GNN failed on rep 64: PyTorch not installed. Cannot use GNN method.
2026-10-09 02:45:25,123 - WARNING - GNN failed on rep 65: PyTorch not installed. Cannot use GNN method.
2026-10-09 02:45:26,275 - WARNING - GNN failed on rep 66: PyTorch not installed. Cannot use GNN method.
2026-10-09 02:45:27,304 - WARNING - GNN failed on rep 67: PyTorch not installed. Cannot use GNN method.
2026-10-09 02:45:29,243 - WARNING - GNN failed on rep 68: PyTorch not installed. Cannot use GNN method.
2026-10-09 02:45:30,316 - WARNING - GNN failed on rep 69: PyTorch not installed. Cannot use GNN method.
2026-10-09 02:45:31,369 - WARNING - GNN failed on rep 70: PyTorch not installed. Cannot use GNN method.
2026-10-09 02:45:32,417 - WARNING - GNN failed on rep 71: PyTorch not installed. Cannot use GNN method.
2026-10-09 02:45:33,476 - WARNING - GNN failed on rep 72: PyTorch not installed. Cannot use GNN method.
2026-10-09 02:45:34,529 - WARNING - GNN failed on rep 73: PyTorch not installed. Cannot use GNN method.
2026-10-09 02:45:35,546 - WARNING - GNN failed on rep 74: PyTorch not installed. Cannot use GNN method.
2026-10-09 02:45:36,639 - WARNING - GNN failed on rep 75: PyTorch not installed. Cannot use GNN method.
2026-10-09 02:45:37,671 - WARNING - GNN failed on rep 76: PyTorch not installed. Cannot use GNN method.
2026-10-09 02:45:38,707 - WARNING - GNN failed on rep 77: PyTorch not installed. Cannot use GNN method.
2026-10-09 02:45:39,731 - WARNING - GNN failed on rep 78: PyTorch not installed. Cannot use GNN method.
2026-10-09 02:45:40,780 - WARNING - GNN failed on rep 79: PyTorch not installed. Cannot use GNN method.
2026-10-09 02:45:41,812 - WARNING - GNN failed on rep 80: PyTorch not installed. Cannot use GNN method.
2026-10-09 02:45:42,841 - WARNING - GNN failed on rep 81: PyTorch not installed. Cannot use GNN method.
2026-10-09 02:45:43,852 - WARNING - GNN failed on rep 82: PyTorch not installed. Cannot use GNN method.
2026-10-09 02:45:45,005 - WARNING - GNN failed on rep 83: PyTorch not installed. Cannot use GNN method.
2026-10-09 02:45:46,045 - WARNING - GNN failed on rep 84: PyTorch not installed. Cannot use GNN method.
2026-10-09 02:45:47,108 - WARNING - GNN failed on rep 85: PyTorch not installed. Cannot use GNN method.
2026-10-09 02:45:48,131 - WARNING - GNN failed on rep 86: PyTorch not installed. Cannot use GNN method.
2026-10-09 02:45:49,157 - WARNING - GNN failed on rep 87: PyTorch not installed. Cannot use GNN method.
2026-10-09 02:45:50,187 - WARNING - GNN failed on rep 88: PyTorch not installed. Cannot use GNN method.
2026-10-09 02:45:51,256 - WARNING - GNN failed on rep 89: PyTorch not installed. Cannot use GNN method.
2026-10-09 02:45:52,275 - WARNING - GNN failed on rep 90: PyTorch not installed. Cannot use GNN method.
2026-10-09 02:45:53,306 - WARNING - GNN failed on rep 91: PyTorch not installed. Cannot use GNN method.
2026-10-09 02:45:54,337 - WARNING - GNN failed on rep 92: PyTorch not installed. Cannot use GNN method.
2026-10-09 02:45:55,363 - WARNING - GNN failed on rep 93: PyTorch not installed. Cannot use GNN method.
2026-10-09 02:45:56,382 - WARNING - GNN failed on rep 94: PyTorch not installed. Cannot use GNN method.
2026-10-09 02:45:57,415 - WARNING - GNN failed on rep 95: PyTorch not installed. Cannot use GNN method.
2026-10-09 02:45:58,443 - WARNING - GNN failed on rep 96: PyTorch not installed. Cannot use GNN method.
2026-10-09 02:45:59,569 - WARNING - GNN failed on rep 97: PyTorch not installed. Cannot use GNN method.
2026-10-09 02:46:00,660 - WARNING - GNN failed on rep 98: PyTorch not installed. Cannot use GNN method.
2026-10-09 02:46:01,706 - WARNING - GNN failed on rep 99: PyTorch not installed. Cannot use GNN method.
2026-10-09 02:46:01,713 - INFO - Completed: T100_N0.1_D2_DF3
2026-10-09 02:46:01,716 - INFO - Configuration 20/90
2026-10-09 02:46:01,717 - INFO - Starting configuration: T100_N0.1_D4_DF3
2026-10-09 02:46:03,297 - WARNING - GNN failed on rep 0: PyTorch not installed. Cannot use GNN method.
2026-10-09 02:46:04,347 - WARNING - GNN failed on rep 1: PyTorch not installed. Cannot use GNN method.
2026-10-09 02:46:05,388 - WARNING - GNN failed on rep 2: PyTorch not installed. Cannot use GNN method.
2026-10-09 02:46:06,436 - WARNING - GNN failed on rep 3: PyTorch not installed. Cannot use GNN method.
2026-10-09 02:46:07,491 - WARNING - GNN failed on rep 4: PyTorch not installed. Cannot use GNN method.
2026-10-09 02:46:08,535 - WARNING - GNN failed on rep 5: PyTorch not installed. Cannot use GNN method.
2026-10-09 02:46:09,772 - WARNING - GNN failed on rep 6: PyTorch not installed. Cannot use GNN method.
2026-10-09 02:46:11,073 - WARNING - GNN failed on rep 7: PyTorch not installed. Cannot use GNN method.
2026-10-09 02:46:12,237 - WARNING - GNN failed on rep 8: PyTorch not installed. Cannot use GNN method.
2026-10-09 02:46:13,376 - WARNING - GNN failed on rep 9: PyTorch not installed. Cannot use GNN method.
2026-10-09 02:46:14,419 - WARNING - GNN failed on rep 10: PyTorch not installed. Cannot use GNN method.
2026-10-09 02:46:15,492 - WARNING - GNN failed on rep 11: PyTorch not installed. Cannot use GNN method.
2026-10-09 02:46:16,770 - WARNING - GNN failed on rep 12: PyTorch not installed. Cannot use GNN method.
2026-10-09 02:46:17,974 - WARNING - GNN failed on rep 13: PyTorch not installed. Cannot use GNN method.
2026-10-09 02:46:19,086 - WARNING - GNN failed on rep 14: PyTorch not installed. Cannot use GNN method.
2026-10-09 02:46:20,143 - WARNING - GNN failed on rep 15: PyTorch not installed. Cannot use GNN method.
2026-10-09 02:46:21,203 - WARNING - GNN failed on rep 16: PyTorch not installed. Cannot use GNN method.
2026-10-09 02:46:22,260 - WARNING - GNN failed on rep 17: PyTorch not installed. Cannot use GNN method.
2026-10-09 02:46:23,303 - WARNING - GNN failed on rep 18: PyTorch not installed. Cannot use GNN method.
2026-10-09 02:46:24,345 - WARNING - GNN failed on rep 19: PyTorch not installed. Cannot use GNN method.
2026-10-09 02:46:25,382 - WARNING - GNN failed on rep 20: PyTorch not installed. Cannot use GNN method.
2026-10-09 02:46:26,438 - WARNING - GNN failed on rep 21: PyTorch not installed. Cannot use GNN method.
2026-10-09 02:46:27,494 - WARNING - GNN failed on rep 22: PyTorch not installed. Cannot use GNN method.
2026-10-09 02:46:29,077 - WARNING - GNN failed on rep 23: PyTorch not installed. Cannot use GNN method.
2026-10-09 02:46:30,228 - WARNING - GNN failed on rep 24: PyTorch not installed. Cannot use GNN method.
2026-10-09 02:46:31,306 - WARNING - GNN failed on rep 25: PyTorch not installed. Cannot use GNN method.
2026-10-09 02:46:32,413 - WARNING - GNN failed on rep 26: PyTorch not installed. Cannot use GNN method.
2026-10-09 02:46:33,422 - WARNING - GNN failed on rep 27: PyTorch not installed. Cannot use GNN method.
2026-10-09 02:46:34,492 - WARNING - GNN failed on rep 28: PyTorch not installed. Cannot use GNN method.
2026-10-09 02:46:35,547 - WARNING - GNN failed on rep 29: PyTorch not installed. Cannot use GNN method.
2026-10-09 02:46:36,611 - WARNING - GNN failed on rep 30: PyTorch not installed. Cannot use GNN method.
2026-10-09 02:46:37,649 - WARNING - GNN failed on rep 31: PyTorch not installed. Cannot use GNN method.
2026-10-09 02:46:38,693 - WARNING - GNN failed on rep 32: PyTorch not installed. Cannot use GNN method.
2026-10-09 02:46:39,736 - WARNING - GNN failed on rep 33: PyTorch not installed. Cannot use GNN method.
2026-10-09 02:46:40,819 - WARNING - GNN failed on rep 34: PyTorch not installed. Cannot use GNN method.
2026-10-09 02:46:41,868 - WARNING - GNN failed on rep 35: PyTorch not installed. Cannot use GNN method.
2026-10-09 02:46:42,908 - WARNING - GNN failed on rep 36: PyTorch not installed. Cannot use GNN method.
2026-10-09 02:46:43,963 - WARNING - GNN failed on rep 37: PyTorch not installed. Cannot use GNN method.
2026-10-09 02:46:44,995 - WARNING - GNN failed on rep 38: PyTorch not installed. Cannot use GNN method.
2026-10-09 02:46:46,017 - WARNING - GNN failed on rep 39: PyTorch not installed. Cannot use GNN method.
2026-10-09 02:46:47,055 - WARNING - GNN failed on rep 40: PyTorch not installed. Cannot use GNN method.
2026-10-09 02:46:48,105 - WARNING - GNN failed on rep 41: PyTorch not installed. Cannot use GNN method.
2026-10-09 02:46:49,278 - WARNING - GNN failed on rep 42: PyTorch not installed. Cannot use GNN method.
2026-10-09 02:46:50,294 - WARNING - GNN failed on rep 43: PyTorch not installed. Cannot use GNN method.
2026-10-09 02:46:51,323 - WARNING - GNN failed on rep 44: PyTorch not installed. Cannot use GNN method.
2026-10-09 02:46:52,372 - WARNING - GNN failed on rep 45: PyTorch not installed. Cannot use GNN method.
2026-10-09 02:46:53,432 - WARNING - GNN failed on rep 46: PyTorch not installed. Cannot use GNN method.
2026-10-09 02:46:54,466 - WARNING - GNN failed on rep 47: PyTorch not installed. Cannot use GNN method.
2026-10-09 02:46:55,535 - WARNING - GNN failed on rep 48: PyTorch not installed. Cannot use GNN method.
2026-10-09 02:46:56,563 - WARNING - GNN failed on rep 49: PyTorch not installed. Cannot use GNN method.
2026-10-09 02:46:57,611 - WARNING - GNN failed on rep 50: PyTorch not installed. Cannot use GNN method.
2026-10-09 02:46:58,669 - WARNING - GNN failed on rep 51: PyTorch not installed. Cannot use GNN method.
2026-10-09 02:46:59,694 - WARNING - GNN failed on rep 52: PyTorch not installed. Cannot use GNN method.
2026-10-09 02:47:00,717 - WARNING - GNN failed on rep 53: PyTorch not installed. Cannot use GNN method.
2026-10-09 02:47:01,739 - WARNING - GNN failed on rep 54: PyTorch not installed. Cannot use GNN method.
2026-10-09 02:47:02,766 - WARNING - GNN failed on rep 55: PyTorch not installed. Cannot use GNN method.
2026-10-09 02:47:03,834 - WARNING - GNN failed on rep 56: PyTorch not installed. Cannot use GNN method.
2026-10-09 02:47:04,847 - WARNING - GNN failed on rep 57: PyTorch not installed. Cannot use GNN method.
2026-10-09 02:47:05,880 - WARNING - GNN failed on rep 58: PyTorch not installed. Cannot use GNN method.
2026-10-09 02:47:06,899 - WARNING - GNN failed on rep 59: PyTorch not installed. Cannot use GNN method.
2026-10-09 02:47:08,072 - WARNING - GNN failed on rep 60: PyTorch not installed. Cannot use GNN method.
2026-10-09 02:47:09,080 - WARNING - GNN failed on rep 61: PyTorch not installed. Cannot use GNN method.
2026-10-09 02:47:10,156 - WARNING - GNN failed on rep 62: PyTorch not installed. Cannot use GNN method.
2026-10-09 02:47:11,201 - WARNING - GNN failed on rep 63: PyTorch not installed. Cannot use GNN method.
2026-10-09 02:47:12,248 - WARNING - GNN failed on rep 64: PyTorch not installed. Cannot use GNN method.
2026-10-09 02:47:13,328 - WARNING - GNN failed on rep 65: PyTorch not installed. Cannot use GNN method.
2026-10-09 02:47:14,369 - WARNING - GNN failed on rep 66: PyTorch not installed. Cannot use GNN method.
2026-10-09 02:47:15,399 - WARNING - GNN failed on rep 67: PyTorch not installed. Cannot use GNN method.
2026-10-09 02:47:16,494 - WARNING - GNN failed on rep 68: PyTorch not installed. Cannot use GNN method.
2026-10-09 02:47:17,507 - WARNING - GNN failed on rep 69: PyTorch not installed. Cannot use GNN method.
2026-10-09 02:47:18,554 - WARNING - GNN failed on rep 70: PyTorch not installed. Cannot use GNN method.
2026-10-09 02:47:19,662 - WARNING - GNN failed on rep 71: PyTorch not installed. Cannot use GNN method.
2026-10-09 02:47:20,700 - WARNING - GNN failed on rep 72: PyTorch not installed. Cannot use GNN method.
2026-10-09 02:47:21,756 - WARNING - GNN failed on rep 73: PyTorch not installed. Cannot use GNN method.
2026-10-09 02:47:22,834 - WARNING - GNN failed on rep 74: PyTorch not installed. Cannot use GNN method.
2026-10-09 02:47:23,877 - WARNING - GNN failed on rep 75: PyTorch not installed. Cannot use GNN method.
2026-10-09 02:47:24,896 - WARNING - GNN failed on rep 76: PyTorch not installed. Cannot use GNN method.
2026-10-09 02:47:26,027 - WARNING - GNN failed on rep 77: PyTorch not installed. Cannot use GNN method.
2026-10-09 02:47:27,077 - WARNING - GNN failed on rep 78: PyTorch not installed. Cannot use GNN method.
2026-10-09 02:47:28,837 - WARNING - GNN failed on rep 79: PyTorch not installed. Cannot use GNN method.
2026-10-09 02:47:30,115 - WARNING - GNN failed on rep 80: PyTorch not installed. Cannot use GNN method.
2026-10-09 02:47:31,505 - WARNING - GNN failed on rep 81: PyTorch not installed. Cannot use GNN method.
2026-10-09 02:47:32,661 - WARNING - GNN failed on rep 82: PyTorch not installed. Cannot use GNN method.
2026-10-09 02:47:33,807 - WARNING - GNN failed on rep 83: PyTorch not installed. Cannot use GNN method.
2026-10-09 02:47:34,939 - WARNING - GNN failed on rep 84: PyTorch not installed. Cannot use GNN method.
2026-10-09 02:47:35,966 - WARNING - GNN failed on rep 85: PyTorch not installed. Cannot use GNN method.
2026-10-09 02:47:36,996 - WARNING - GNN failed on rep 86: PyTorch not installed. Cannot use GNN method.
2026-10-09 02:47:38,042 - WARNING - GNN failed on rep 87: PyTorch not installed. Cannot use GNN method.
2026-10-09 02:47:39,061 - WARNING - GNN failed on rep 88: PyTorch not installed. Cannot use GNN method.
2026-10-09 02:47:40,167 - WARNING - GNN failed on rep 89: PyTorch not installed. Cannot use GNN method.
2026-10-09 02:47:41,224 - WARNING - GNN failed on rep 90: PyTorch not installed. Cannot use GNN method.
2026-10-09 02:47:42,309 - WARNING - GNN failed on rep 91: PyTorch not installed. Cannot use GNN method.
2026-10-09 02:47:43,344 - WARNING - GNN failed on rep 92: PyTorch not installed. Cannot use GNN method.
2026-10-09 02:47:44,503 - WARNING - GNN failed on rep 93: PyTorch not installed. Cannot use GNN method.
2026-10-09 02:47:45,570 - WARNING - GNN failed on rep 94: PyTorch not installed. Cannot use GNN method.
2026-10-09 02:47:46,652 - WARNING - GNN failed on rep 95: PyTorch not installed. Cannot use GNN method.
2026-10-09 02:47:47,731 - WARNING - GNN failed on rep 96: PyTorch not installed. Cannot use GNN method.
2026-10-09 02:47:48,776 - WARNING - GNN failed on rep 97: PyTorch not installed. Cannot use GNN method.
2026-10-09 02:47:49,853 - WARNING - GNN failed on rep 98: PyTorch not installed. Cannot use GNN method.
2026-10-09 02:47:50,883 - WARNING - GNN failed on rep 99: PyTorch not installed. Cannot use GNN method.
2026-10-09 02:47:50,890 - INFO - Completed: T100_N0.1_D4_DF3
2026-10-09 02:47:50,893 - INFO - Configuration 21/90
2026-10-09 02:47:50,893 - INFO - Starting configuration: T100_N0.1_D2_DF5
2026-10-09 02:47:52,289 - WARNING - GNN failed on rep 0: PyTorch not installed. Cannot use GNN method.
2026-10-09 02:47:53,371 - WARNING - GNN failed on rep 1: PyTorch not installed. Cannot use GNN method.
2026-10-09 02:47:54,431 - WARNING - GNN failed on rep 2: PyTorch not installed. Cannot use GNN method.
2026-10-09 02:47:55,476 - WARNING - GNN failed on rep 3: PyTorch not installed. Cannot use GNN method.
2026-10-09 02:47:56,537 - WARNING - GNN failed on rep 4: PyTorch not installed. Cannot use GNN method.
2026-10-09 02:47:57,581 - WARNING - GNN failed on rep 5: PyTorch not installed. Cannot use GNN method.
2026-10-09 02:47:58,626 - WARNING - GNN failed on rep 6: PyTorch not installed. Cannot use GNN method.
2026-10-09 02:47:59,684 - WARNING - GNN failed on rep 7: PyTorch not installed. Cannot use GNN method.
2026-10-09 02:48:01,060 - WARNING - GNN failed on rep 8: PyTorch not installed. Cannot use GNN method.
2026-10-09 02:48:02,087 - WARNING - GNN failed on rep 9: PyTorch not installed. Cannot use GNN method.
2026-10-09 02:48:03,120 - WARNING - GNN failed on rep 10: PyTorch not installed. Cannot use GNN method.
2026-10-09 02:48:04,174 - WARNING - GNN failed on rep 11: PyTorch not installed. Cannot use GNN method.
2026-10-09 02:48:05,188 - WARNING - GNN failed on rep 12: PyTorch not installed. Cannot use GNN method.
2026-10-09 02:48:06,256 - WARNING - GNN failed on rep 13: PyTorch not installed. Cannot use GNN method.
2026-10-09 02:48:07,316 - WARNING - GNN failed on rep 14: PyTorch not installed. Cannot use GNN method.
2026-10-09 02:48:08,344 - WARNING - GNN failed on rep 15: PyTorch not installed. Cannot use GNN method.
2026-10-09 02:48:09,403 - WARNING - GNN failed on rep 16: PyTorch not installed. Cannot use GNN method.
2026-10-09 02:48:10,425 - WARNING - GNN failed on rep 17: PyTorch not installed. Cannot use GNN method.
2026-10-09 02:48:11,440 - WARNING - GNN failed on rep 18: PyTorch not installed. Cannot use GNN method.
2026-10-09 02:48:12,479 - WARNING - GNN failed on rep 19: PyTorch not installed. Cannot use GNN method.
2026-10-09 02:48:13,543 - WARNING - GNN failed on rep 20: PyTorch not installed. Cannot use GNN method.
2026-10-09 02:48:14,605 - WARNING - GNN failed on rep 21: PyTorch not installed. Cannot use GNN method.
2026-10-09 02:48:15,635 - WARNING - GNN failed on rep 22: PyTorch not installed. Cannot use GNN method.
2026-10-09 02:48:16,661 - WARNING - GNN failed on rep 23: PyTorch not installed. Cannot use GNN method.
2026-10-09 02:48:17,832 - WARNING - GNN failed on rep 24: PyTorch not installed. Cannot use GNN method.
2026-10-09 02:48:18,884 - WARNING - GNN failed on rep 25: PyTorch not installed. Cannot use GNN method.
2026-10-09 02:48:19,920 - WARNING - GNN failed on rep 26: PyTorch not installed. Cannot use GNN method.
2026-10-09 02:48:20,968 - WARNING - GNN failed on rep 27: PyTorch not installed. Cannot use GNN method.
2026-10-09 02:48:22,003 - WARNING - GNN failed on rep 28: PyTorch not installed. Cannot use GNN method.
2026-10-09 02:48:23,038 - WARNING - GNN failed on rep 29: PyTorch not installed. Cannot use GNN method.
2026-10-09 02:48:24,059 - WARNING - GNN failed on rep 30: PyTorch not installed. Cannot use GNN method.
2026-10-09 02:48:25,092 - WARNING - GNN failed on rep 31: PyTorch not installed. Cannot use GNN method.
2026-10-09 02:48:26,098 - WARNING - GNN failed on rep 32: PyTorch not installed. Cannot use GNN method.
2026-10-09 02:48:27,132 - WARNING - GNN failed on rep 33: PyTorch not installed. Cannot use GNN method.
2026-10-09 02:48:28,669 - WARNING - GNN failed on rep 34: PyTorch not installed. Cannot use GNN method.
2026-10-09 02:48:29,703 - WARNING - GNN failed on rep 35: PyTorch not installed. Cannot use GNN method.
2026-10-09 02:48:30,707 - WARNING - GNN failed on rep 36: PyTorch not installed. Cannot use GNN method.
2026-10-09 02:48:31,742 - WARNING - GNN failed on rep 37: PyTorch not installed. Cannot use GNN method.
2026-10-09 02:48:32,845 - WARNING - GNN failed on rep 38: PyTorch not installed. Cannot use GNN method.
2026-10-09 02:48:33,921 - WARNING - GNN failed on rep 39: PyTorch not installed. Cannot use GNN method.
2026-10-09 02:48:34,939 - WARNING - GNN failed on rep 40: PyTorch not installed. Cannot use GNN method.
2026-10-09 02:48:36,008 - WARNING - GNN failed on rep 41: PyTorch not installed. Cannot use GNN method.
2026-10-09 02:48:37,151 - WARNING - GNN failed on rep 42: PyTorch not installed. Cannot use GNN method.
2026-10-09 02:48:38,166 - WARNING - GNN failed on rep 43: PyTorch not installed. Cannot use GNN method.
2026-10-09 02:48:39,380 - WARNING - GNN failed on rep 44: PyTorch not installed. Cannot use GNN method.
2026-10-09 02:48:40,423 - WARNING - GNN failed on rep 45: PyTorch not installed. Cannot use GNN method.
2026-10-09 02:48:41,486 - WARNING - GNN failed on rep 46: PyTorch not installed. Cannot use GNN method.
2026-10-09 02:48:42,548 - WARNING - GNN failed on rep 47: PyTorch not installed. Cannot use GNN method.
2026-10-09 02:48:43,551 - WARNING - GNN failed on rep 48: PyTorch not installed. Cannot use GNN method.
2026-10-09 02:48:44,590 - WARNING - GNN failed on rep 49: PyTorch not installed. Cannot use GNN method.
2026-10-09 02:48:45,661 - WARNING - GNN failed on rep 50: PyTorch not installed. Cannot use GNN method.
2026-10-09 02:48:46,699 - WARNING - GNN failed on rep 51: PyTorch not installed. Cannot use GNN method.
2026-10-09 02:48:47,742 - WARNING - GNN failed on rep 52: PyTorch not installed. Cannot use GNN method.
2026-10-09 02:48:48,781 - WARNING - GNN failed on rep 53: PyTorch not installed. Cannot use GNN method.
2026-10-09 02:48:49,808 - WARNING - GNN failed on rep 54: PyTorch not installed. Cannot use GNN method.
2026-10-09 02:48:50,882 - WARNING - GNN failed on rep 55: PyTorch not installed. Cannot use GNN method.
2026-10-09 02:48:51,920 - WARNING - GNN failed on rep 56: PyTorch not installed. Cannot use GNN method.
2026-10-09 02:48:52,964 - WARNING - GNN failed on rep 57: PyTorch not installed. Cannot use GNN method.
2026-10-09 02:48:54,104 - WARNING - GNN failed on rep 58: PyTorch not installed. Cannot use GNN method.
2026-10-09 02:48:55,145 - WARNING - GNN failed on rep 59: PyTorch not installed. Cannot use GNN method.
2026-10-09 02:48:56,352 - WARNING - GNN failed on rep 60: PyTorch not installed. Cannot use GNN method.
2026-10-09 02:48:57,414 - WARNING - GNN failed on rep 61: PyTorch not installed. Cannot use GNN method.
2026-10-09 02:48:58,416 - WARNING - GNN failed on rep 62: PyTorch not installed. Cannot use GNN method.
2026-10-09 02:48:59,471 - WARNING - GNN failed on rep 63: PyTorch not installed. Cannot use GNN method.
2026-10-09 02:49:00,504 - WARNING - GNN failed on rep 64: PyTorch not installed. Cannot use GNN method.
2026-10-09 02:49:01,537 - WARNING - GNN failed on rep 65: PyTorch not installed. Cannot use GNN method.
2026-10-09 02:49:02,569 - WARNING - GNN failed on rep 66: PyTorch not installed. Cannot use GNN method.
2026-10-09 02:49:03,584 - WARNING - GNN failed on rep 67: PyTorch not installed. Cannot use GNN method.
2026-10-09 02:49:04,610 - WARNING - GNN failed on rep 68: PyTorch not installed. Cannot use GNN method.
2026-10-09 02:49:05,683 - WARNING - GNN failed on rep 69: PyTorch not installed. Cannot use GNN method.
2026-10-09 02:49:06,684 - WARNING - GNN failed on rep 70: PyTorch not installed. Cannot use GNN method.
2026-10-09 02:49:07,766 - WARNING - GNN failed on rep 71: PyTorch not installed. Cannot use GNN method.
2026-10-09 02:49:08,795 - WARNING - GNN failed on rep 72: PyTorch not installed. Cannot use GNN method.
2026-10-09 02:49:09,863 - WARNING - GNN failed on rep 73: PyTorch not installed. Cannot use GNN method.
2026-10-09 02:49:10,914 - WARNING - GNN failed on rep 74: PyTorch not installed. Cannot use GNN method.
2026-10-09 02:49:11,969 - WARNING - GNN failed on rep 75: PyTorch not installed. Cannot use GNN method.
2026-10-09 02:49:13,001 - WARNING - GNN failed on rep 76: PyTorch not installed. Cannot use GNN method.
2026-10-09 02:49:14,167 - WARNING - GNN failed on rep 77: PyTorch not installed. Cannot use GNN method.
2026-10-09 02:49:15,253 - WARNING - GNN failed on rep 78: PyTorch not installed. Cannot use GNN method.
2026-10-09 02:49:16,294 - WARNING - GNN failed on rep 79: PyTorch not installed. Cannot use GNN method.
2026-10-09 02:49:17,301 - WARNING - GNN failed on rep 80: PyTorch not installed. Cannot use GNN method.
2026-10-09 02:49:18,359 - WARNING - GNN failed on rep 81: PyTorch not installed. Cannot use GNN method.
2026-10-09 02:49:19,428 - WARNING - GNN failed on rep 82: PyTorch not installed. Cannot use GNN method.
2026-10-09 02:49:20,457 - WARNING - GNN failed on rep 83: PyTorch not installed. Cannot use GNN method.
2026-10-09 02:49:21,475 - WARNING - GNN failed on rep 84: PyTorch not installed. Cannot use GNN method.
2026-10-09 02:49:22,486 - WARNING - GNN failed on rep 85: PyTorch not installed. Cannot use GNN method.
2026-10-09 02:49:23,510 - WARNING - GNN failed on rep 86: PyTorch not installed. Cannot use GNN method.
2026-10-09 02:49:24,556 - WARNING - GNN failed on rep 87: PyTorch not installed. Cannot use GNN method.
2026-10-09 02:49:25,613 - WARNING - GNN failed on rep 88: PyTorch not installed. Cannot use GNN method.
2026-10-09 02:49:26,648 - WARNING - GNN failed on rep 89: PyTorch not installed. Cannot use GNN method.
2026-10-09 02:49:27,907 - WARNING - GNN failed on rep 90: PyTorch not installed. Cannot use GNN method.
2026-10-09 02:49:29,260 - WARNING - GNN failed on rep 91: PyTorch not installed. Cannot use GNN method.
2026-10-09 02:49:30,321 - WARNING - GNN failed on rep 92: PyTorch not installed. Cannot use GNN method.
2026-10-09 02:49:31,500 - WARNING - GNN failed on rep 93: PyTorch not installed. Cannot use GNN method.
2026-10-09 02:49:32,513 - WARNING - GNN failed on rep 94: PyTorch not installed. Cannot use GNN method.
2026-10-09 02:49:33,540 - WARNING - GNN failed on rep 95: PyTorch not installed. Cannot use GNN method.
2026-10-09 02:49:34,628 - WARNING - GNN failed on rep 96: PyTorch not installed. Cannot use GNN method.
2026-10-09 02:49:35,698 - WARNING - GNN failed on rep 97: PyTorch not installed. Cannot use GNN method.
2026-10-09 02:49:36,730 - WARNING - GNN failed on rep 98: PyTorch not installed. Cannot use GNN method.
2026-10-09 02:49:37,773 - WARNING - GNN failed on rep 99: PyTorch not installed. Cannot use GNN method.
2026-10-09 02:49:37,780 - INFO - Completed: T100_N0.1_D2_DF5
2026-10-09 02:49:37,783 - INFO - Configuration 22/90
2026-10-09 02:49:37,783 - INFO - Starting configuration: T100_N0.1_D4_DF5
2026-10-09 02:49:39,162 - WARNING - GNN failed on rep 0: PyTorch not installed. Cannot use GNN method.
2026-10-09 02:49:40,201 - WARNING - GNN failed on rep 1: PyTorch not installed. Cannot use GNN method.
2026-10-09 02:49:41,249 - WARNING - GNN failed on rep 2: PyTorch not installed. Cannot use GNN method.
2026-10-09 02:49:42,264 - WARNING - GNN failed on rep 3: PyTorch not installed. Cannot use GNN method.
2026-10-09 02:49:43,341 - WARNING - GNN failed on rep 4: PyTorch not installed. Cannot use GNN method.
2026-10-09 02:49:44,364 - WARNING - GNN failed on rep 5: PyTorch not installed. Cannot use GNN method.
2026-10-09 02:49:45,397 - WARNING - GNN failed on rep 6: PyTorch not installed. Cannot use GNN method.
2026-10-09 02:49:46,438 - WARNING - GNN failed on rep 7: PyTorch not installed. Cannot use GNN method.
2026-10-09 02:49:47,493 - WARNING - GNN failed on rep 8: PyTorch not installed. Cannot use GNN method.
2026-10-09 02:49:48,670 - WARNING - GNN failed on rep 9: PyTorch not installed. Cannot use GNN method.
2026-10-09 02:49:49,688 - WARNING - GNN failed on rep 10: PyTorch not installed. Cannot use GNN method.
2026-10-09 02:49:50,698 - WARNING - GNN failed on rep 11: PyTorch not installed. Cannot use GNN method.
2026-10-09 02:49:51,724 - WARNING - GNN failed on rep 12: PyTorch not installed. Cannot use GNN method.
2026-10-09 02:49:52,724 - WARNING - GNN failed on rep 13: PyTorch not installed. Cannot use GNN method.
2026-10-09 02:49:53,786 - WARNING - GNN failed on rep 14: PyTorch not installed. Cannot use GNN method.
2026-10-09 02:49:54,793 - WARNING - GNN failed on rep 15: PyTorch not installed. Cannot use GNN method.
2026-10-09 02:49:55,870 - WARNING - GNN failed on rep 16: PyTorch not installed. Cannot use GNN method.
2026-10-09 02:49:56,907 - WARNING - GNN failed on rep 17: PyTorch not installed. Cannot use GNN method.
2026-10-09 02:49:57,928 - WARNING - GNN failed on rep 18: PyTorch not installed. Cannot use GNN method.
2026-10-09 02:49:59,007 - WARNING - GNN failed on rep 19: PyTorch not installed. Cannot use GNN method.
2026-10-09 02:50:00,024 - WARNING - GNN failed on rep 20: PyTorch not installed. Cannot use GNN method.
2026-10-09 02:50:01,102 - WARNING - GNN failed on rep 21: PyTorch not installed. Cannot use GNN method.
2026-10-09 02:50:02,151 - WARNING - GNN failed on rep 22: PyTorch not installed. Cannot use GNN method.
2026-10-09 02:50:03,285 - WARNING - GNN failed on rep 23: PyTorch not installed. Cannot use GNN method.
2026-10-09 02:50:04,432 - WARNING - GNN failed on rep 24: PyTorch not installed. Cannot use GNN method.
2026-10-09 02:50:05,565 - WARNING - GNN failed on rep 25: PyTorch not installed. Cannot use GNN method.
2026-10-09 02:50:06,583 - WARNING - GNN failed on rep 26: PyTorch not installed. Cannot use GNN method.
2026-10-09 02:50:07,715 - WARNING - GNN failed on rep 27: PyTorch not installed. Cannot use GNN method.
2026-10-09 02:50:08,734 - WARNING - GNN failed on rep 28: PyTorch not installed. Cannot use GNN method.
2026-10-09 02:50:09,786 - WARNING - GNN failed on rep 29: PyTorch not installed. Cannot use GNN method.
2026-10-09 02:50:10,823 - WARNING - GNN failed on rep 30: PyTorch not installed. Cannot use GNN method.
2026-10-09 02:50:11,959 - WARNING - GNN failed on rep 31: PyTorch not installed. Cannot use GNN method.
2026-10-09 02:50:13,023 - WARNING - GNN failed on rep 32: PyTorch not installed. Cannot use GNN method.
2026-10-09 02:50:14,426 - WARNING - GNN failed on rep 33: PyTorch not installed. Cannot use GNN method.
2026-10-09 02:50:15,868 - WARNING - GNN failed on rep 34: PyTorch not installed. Cannot use GNN method.
2026-10-09 02:50:17,030 - WARNING - GNN failed on rep 35: PyTorch not installed. Cannot use GNN method.
2026-10-09 02:50:18,301 - WARNING - GNN failed on rep 36: PyTorch not installed. Cannot use GNN method.
2026-10-09 02:50:19,487 - WARNING - GNN failed on rep 37: PyTorch not installed. Cannot use GNN method.
2026-10-09 02:50:20,601 - WARNING - GNN failed on rep 38: PyTorch not installed. Cannot use GNN method.
2026-10-09 02:50:21,795 - WARNING - GNN failed on rep 39: PyTorch not installed. Cannot use GNN method.
2026-10-09 02:50:23,223 - WARNING - GNN failed on rep 40: PyTorch not installed. Cannot use GNN method.
2026-10-09 02:50:24,597 - WARNING - GNN failed on rep 41: PyTorch not installed. Cannot use GNN method.
2026-10-09 02:50:25,813 - WARNING - GNN failed on rep 42: PyTorch not installed. Cannot use GNN method.
2026-10-09 02:50:26,892 - WARNING - GNN failed on rep 43: PyTorch not installed. Cannot use GNN method.
2026-10-09 02:50:28,319 - WARNING - GNN failed on rep 44: PyTorch not installed. Cannot use GNN method.
2026-10-09 02:50:30,308 - WARNING - GNN failed on rep 45: PyTorch not installed. Cannot use GNN method.
2026-10-09 02:50:31,695 - WARNING - GNN failed on rep 46: PyTorch not installed. Cannot use GNN method.
2026-10-09 02:50:32,841 - WARNING - GNN failed on rep 47: PyTorch not installed. Cannot use GNN method.
2026-10-09 02:50:34,054 - WARNING - GNN failed on rep 48: PyTorch not installed. Cannot use GNN method.
2026-10-09 02:50:35,235 - WARNING - GNN failed on rep 49: PyTorch not installed. Cannot use GNN method.
2026-10-09 02:50:36,552 - WARNING - GNN failed on rep 50: PyTorch not installed. Cannot use GNN method.
2026-10-09 02:50:38,108 - WARNING - GNN failed on rep 51: PyTorch not installed. Cannot use GNN method.
2026-10-09 02:50:39,793 - WARNING - GNN failed on rep 52: PyTorch not installed. Cannot use GNN method.
2026-10-09 02:50:41,035 - WARNING - GNN failed on rep 53: PyTorch not installed. Cannot use GNN method.
2026-10-09 02:50:42,221 - WARNING - GNN failed on rep 54: PyTorch not installed. Cannot use GNN method.
2026-10-09 02:50:43,367 - WARNING - GNN failed on rep 55: PyTorch not installed. Cannot use GNN method.
2026-10-09 02:50:44,640 - WARNING - GNN failed on rep 56: PyTorch not installed. Cannot use GNN method.
2026-10-09 02:50:45,909 - WARNING - GNN failed on rep 57: PyTorch not installed. Cannot use GNN method.
2026-10-09 02:50:47,111 - WARNING - GNN failed on rep 58: PyTorch not installed. Cannot use GNN method.
2026-10-09 02:50:48,491 - WARNING - GNN failed on rep 59: PyTorch not installed. Cannot use GNN method.
2026-10-09 02:50:50,056 - WARNING - GNN failed on rep 60: PyTorch not installed. Cannot use GNN method.
2026-10-09 02:50:51,313 - WARNING - GNN failed on rep 61: PyTorch not installed. Cannot use GNN method.
2026-10-09 02:50:52,675 - WARNING - GNN failed on rep 62: PyTorch not installed. Cannot use GNN method.
2026-10-09 02:50:53,963 - WARNING - GNN failed on rep 63: PyTorch not installed. Cannot use GNN method.
2026-10-09 02:50:55,025 - WARNING - GNN failed on rep 64: PyTorch not installed. Cannot use GNN method.
2026-10-09 02:50:56,136 - WARNING - GNN failed on rep 65: PyTorch not installed. Cannot use GNN method.
2026-10-09 02:50:57,257 - WARNING - GNN failed on rep 66: PyTorch not installed. Cannot use GNN method.
2026-10-09 02:50:58,314 - WARNING - GNN failed on rep 67: PyTorch not installed. Cannot use GNN method.
2026-10-09 02:50:59,388 - WARNING - GNN failed on rep 68: PyTorch not installed. Cannot use GNN method.
2026-10-09 02:51:00,447 - WARNING - GNN failed on rep 69: PyTorch not installed. Cannot use GNN method.
2026-10-09 02:51:01,579 - WARNING - GNN failed on rep 70: PyTorch not installed. Cannot use GNN method.
2026-10-09 02:51:02,587 - WARNING - GNN failed on rep 71: PyTorch not installed. Cannot use GNN method.
2026-10-09 02:51:03,637 - WARNING - GNN failed on rep 72: PyTorch not installed. Cannot use GNN method.
2026-10-09 02:51:04,702 - WARNING - GNN failed on rep 73: PyTorch not installed. Cannot use GNN method.
2026-10-09 02:51:05,756 - WARNING - GNN failed on rep 74: PyTorch not installed. Cannot use GNN method.
2026-10-09 02:51:06,773 - WARNING - GNN failed on rep 75: PyTorch not installed. Cannot use GNN method.
2026-10-09 02:51:07,813 - WARNING - GNN failed on rep 76: PyTorch not installed. Cannot use GNN method.
2026-10-09 02:51:08,902 - WARNING - GNN failed on rep 77: PyTorch not installed. Cannot use GNN method.
2026-10-09 02:51:09,966 - WARNING - GNN failed on rep 78: PyTorch not installed. Cannot use GNN method.
2026-10-09 02:51:10,992 - WARNING - GNN failed on rep 79: PyTorch not installed. Cannot use GNN method.
2026-10-09 02:51:12,067 - WARNING - GNN failed on rep 80: PyTorch not installed. Cannot use GNN method.
2026-10-09 02:51:13,287 - WARNING - GNN failed on rep 81: PyTorch not installed. Cannot use GNN method.
2026-10-09 02:51:14,320 - WARNING - GNN failed on rep 82: PyTorch not installed. Cannot use GNN method.
2026-10-09 02:51:15,401 - WARNING - GNN failed on rep 83: PyTorch not installed. Cannot use GNN method.
2026-10-09 02:51:16,468 - WARNING - GNN failed on rep 84: PyTorch not installed. Cannot use GNN method.
2026-10-09 02:51:17,537 - WARNING - GNN failed on rep 85: PyTorch not installed. Cannot use GNN method.
2026-10-09 02:51:18,655 - WARNING - GNN failed on rep 86: PyTorch not installed. Cannot use GNN method.
2026-10-09 02:51:19,693 - WARNING - GNN failed on rep 87: PyTorch not installed. Cannot use GNN method.
2026-10-09 02:51:20,751 - WARNING - GNN failed on rep 88: PyTorch not installed. Cannot use GNN method.
2026-10-09 02:51:21,788 - WARNING - GNN failed on rep 89: PyTorch not installed. Cannot use GNN method.
2026-10-09 02:51:22,860 - WARNING - GNN failed on rep 90: PyTorch not installed. Cannot use GNN method.
2026-10-09 02:51:23,929 - WARNING - GNN failed on rep 91: PyTorch not installed. Cannot use GNN method.
2026-10-09 02:51:24,961 - WARNING - GNN failed on rep 92: PyTorch not installed. Cannot use GNN method.
2026-10-09 02:51:25,971 - WARNING - GNN failed on rep 93: PyTorch not installed. Cannot use GNN method.
2026-10-09 02:51:26,982 - WARNING - GNN failed on rep 94: PyTorch not installed. Cannot use GNN method.
2026-10-09 02:51:28,614 - WARNING - GNN failed on rep 95: PyTorch not installed. Cannot use GNN method.
2026-10-09 02:51:29,693 - WARNING - GNN failed on rep 96: PyTorch not installed. Cannot use GNN method.
2026-10-09 02:51:30,730 - WARNING - GNN failed on rep 97: PyTorch not installed. Cannot use GNN method.
2026-10-09 02:51:31,775 - WARNING - GNN failed on rep 98: PyTorch not installed. Cannot use GNN method.
2026-10-09 02:51:32,927 - WARNING - GNN failed on rep 99: PyTorch not installed. Cannot use GNN method.
2026-10-09 02:51:32,934 - INFO - Completed: T100_N0.1_D4_DF5
2026-10-09 02:51:32,937 - INFO - Configuration 23/90
2026-10-09 02:51:32,937 - INFO - Starting configuration: T100_N0.1_D2_DF10
2026-10-09 02:51:34,375 - WARNING - GNN failed on rep 0: PyTorch not installed. Cannot use GNN method.
2026-10-09 02:51:35,383 - WARNING - GNN failed on rep 1: PyTorch not installed. Cannot use GNN method.
2026-10-09 02:51:36,455 - WARNING - GNN failed on rep 2: PyTorch not installed. Cannot use GNN method.
2026-10-09 02:51:37,518 - WARNING - GNN failed on rep 3: PyTorch not installed. Cannot use GNN method.
2026-10-09 02:51:38,615 - WARNING - GNN failed on rep 4: PyTorch not installed. Cannot use GNN method.
2026-10-09 02:51:39,673 - WARNING - GNN failed on rep 5: PyTorch not installed. Cannot use GNN method.
2026-10-09 02:51:40,735 - WARNING - GNN failed on rep 6: PyTorch not installed. Cannot use GNN method.
2026-10-09 02:51:41,777 - WARNING - GNN failed on rep 7: PyTorch not installed. Cannot use GNN method.
2026-10-09 02:51:42,845 - WARNING - GNN failed on rep 8: PyTorch not installed. Cannot use GNN method.
2026-10-09 02:51:43,884 - WARNING - GNN failed on rep 9: PyTorch not installed. Cannot use GNN method.
2026-10-09 02:51:44,926 - WARNING - GNN failed on rep 10: PyTorch not installed. Cannot use GNN method.
2026-10-09 02:51:45,999 - WARNING - GNN failed on rep 11: PyTorch not installed. Cannot use GNN method.
2026-10-09 02:51:47,100 - WARNING - GNN failed on rep 12: PyTorch not installed. Cannot use GNN method.
2026-10-09 02:51:48,330 - WARNING - GNN failed on rep 13: PyTorch not installed. Cannot use GNN method.
2026-10-09 02:51:49,410 - WARNING - GNN failed on rep 14: PyTorch not installed. Cannot use GNN method.
2026-10-09 02:51:50,600 - WARNING - GNN failed on rep 15: PyTorch not installed. Cannot use GNN method.
2026-10-09 02:51:51,650 - WARNING - GNN failed on rep 16: PyTorch not installed. Cannot use GNN method.
2026-10-09 02:51:52,703 - WARNING - GNN failed on rep 17: PyTorch not installed. Cannot use GNN method.
2026-10-09 02:51:53,783 - WARNING - GNN failed on rep 18: PyTorch not installed. Cannot use GNN method.
2026-10-09 02:51:54,843 - WARNING - GNN failed on rep 19: PyTorch not installed. Cannot use GNN method.
2026-10-09 02:51:55,878 - WARNING - GNN failed on rep 20: PyTorch not installed. Cannot use GNN method.
2026-10-09 02:51:56,925 - WARNING - GNN failed on rep 21: PyTorch not installed. Cannot use GNN method.
2026-10-09 02:51:57,993 - WARNING - GNN failed on rep 22: PyTorch not installed. Cannot use GNN method.
2026-10-09 02:51:59,094 - WARNING - GNN failed on rep 23: PyTorch not installed. Cannot use GNN method.
2026-10-09 02:52:00,103 - WARNING - GNN failed on rep 24: PyTorch not installed. Cannot use GNN method.
2026-10-09 02:52:01,108 - WARNING - GNN failed on rep 25: PyTorch not installed. Cannot use GNN method.
2026-10-09 02:52:02,142 - WARNING - GNN failed on rep 26: PyTorch not installed. Cannot use GNN method.
2026-10-09 02:52:03,197 - WARNING - GNN failed on rep 27: PyTorch not installed. Cannot use GNN method.
2026-10-09 02:52:04,232 - WARNING - GNN failed on rep 28: PyTorch not installed. Cannot use GNN method.
2026-10-09 02:52:05,254 - WARNING - GNN failed on rep 29: PyTorch not installed. Cannot use GNN method.
2026-10-09 02:52:06,281 - WARNING - GNN failed on rep 30: PyTorch not installed. Cannot use GNN method.
2026-10-09 02:52:07,329 - WARNING - GNN failed on rep 31: PyTorch not installed. Cannot use GNN method.
2026-10-09 02:52:08,384 - WARNING - GNN failed on rep 32: PyTorch not installed. Cannot use GNN method.
2026-10-09 02:52:09,508 - WARNING - GNN failed on rep 33: PyTorch not installed. Cannot use GNN method.
2026-10-09 02:52:10,516 - WARNING - GNN failed on rep 34: PyTorch not installed. Cannot use GNN method.
2026-10-09 02:52:11,543 - WARNING - GNN failed on rep 35: PyTorch not installed. Cannot use GNN method.
2026-10-09 02:52:12,582 - WARNING - GNN failed on rep 36: PyTorch not installed. Cannot use GNN method.
2026-10-09 02:52:13,617 - WARNING - GNN failed on rep 37: PyTorch not installed. Cannot use GNN method.
2026-10-09 02:52:14,665 - WARNING - GNN failed on rep 38: PyTorch not installed. Cannot use GNN method.
2026-10-09 02:52:15,719 - WARNING - GNN failed on rep 39: PyTorch not installed. Cannot use GNN method.
2026-10-09 02:52:16,773 - WARNING - GNN failed on rep 40: PyTorch not installed. Cannot use GNN method.
2026-10-09 02:52:17,792 - WARNING - GNN failed on rep 41: PyTorch not installed. Cannot use GNN method.
2026-10-09 02:52:18,876 - WARNING - GNN failed on rep 42: PyTorch not installed. Cannot use GNN method.
2026-10-09 02:52:19,948 - WARNING - GNN failed on rep 43: PyTorch not installed. Cannot use GNN method.
2026-10-09 02:52:20,986 - WARNING - GNN failed on rep 44: PyTorch not installed. Cannot use GNN method.
2026-10-09 02:52:22,026 - WARNING - GNN failed on rep 45: PyTorch not installed. Cannot use GNN method.
2026-10-09 02:52:23,049 - WARNING - GNN failed on rep 46: PyTorch not installed. Cannot use GNN method.
2026-10-09 02:52:24,075 - WARNING - GNN failed on rep 47: PyTorch not installed. Cannot use GNN method.
2026-10-09 02:52:25,095 - WARNING - GNN failed on rep 48: PyTorch not installed. Cannot use GNN method.
2026-10-09 02:52:26,120 - WARNING - GNN failed on rep 49: PyTorch not installed. Cannot use GNN method.
2026-10-09 02:52:27,238 - WARNING - GNN failed on rep 50: PyTorch not installed. Cannot use GNN method.
2026-10-09 02:52:29,006 - WARNING - GNN failed on rep 51: PyTorch not installed. Cannot use GNN method.
2026-10-09 02:52:30,058 - WARNING - GNN failed on rep 52: PyTorch not installed. Cannot use GNN method.
2026-10-09 02:52:31,145 - WARNING - GNN failed on rep 53: PyTorch not installed. Cannot use GNN method.
2026-10-09 02:52:32,158 - WARNING - GNN failed on rep 54: PyTorch not installed. Cannot use GNN method.
2026-10-09 02:52:33,211 - WARNING - GNN failed on rep 55: PyTorch not installed. Cannot use GNN method.
2026-10-09 02:52:34,227 - WARNING - GNN failed on rep 56: PyTorch not installed. Cannot use GNN method.
2026-10-09 02:52:35,253 - WARNING - GNN failed on rep 57: PyTorch not installed. Cannot use GNN method.
2026-10-09 02:52:36,273 - WARNING - GNN failed on rep 58: PyTorch not installed. Cannot use GNN method.
2026-10-09 02:52:37,301 - WARNING - GNN failed on rep 59: PyTorch not installed. Cannot use GNN method.
2026-10-09 02:52:38,385 - WARNING - GNN failed on rep 60: PyTorch not installed. Cannot use GNN method.
2026-10-09 02:52:39,446 - WARNING - GNN failed on rep 61: PyTorch not installed. Cannot use GNN method.
2026-10-09 02:52:40,472 - WARNING - GNN failed on rep 62: PyTorch not installed. Cannot use GNN method.
2026-10-09 02:52:41,512 - WARNING - GNN failed on rep 63: PyTorch not installed. Cannot use GNN method.
2026-10-09 02:52:42,537 - WARNING - GNN failed on rep 64: PyTorch not installed. Cannot use GNN method.
2026-10-09 02:52:43,581 - WARNING - GNN failed on rep 65: PyTorch not installed. Cannot use GNN method.
2026-10-09 02:52:44,601 - WARNING - GNN failed on rep 66: PyTorch not installed. Cannot use GNN method.
2026-10-09 02:52:45,756 - WARNING - GNN failed on rep 67: PyTorch not installed. Cannot use GNN method.
2026-10-09 02:52:46,765 - WARNING - GNN failed on rep 68: PyTorch not installed. Cannot use GNN method.
2026-10-09 02:52:47,803 - WARNING - GNN failed on rep 69: PyTorch not installed. Cannot use GNN method.
2026-10-09 02:52:48,864 - WARNING - GNN failed on rep 70: PyTorch not installed. Cannot use GNN method.
2026-10-09 02:52:49,964 - WARNING - GNN failed on rep 71: PyTorch not installed. Cannot use GNN method.
2026-10-09 02:52:50,984 - WARNING - GNN failed on rep 72: PyTorch not installed. Cannot use GNN method.
2026-10-09 02:52:52,033 - WARNING - GNN failed on rep 73: PyTorch not installed. Cannot use GNN method.
2026-10-09 02:52:53,241 - WARNING - GNN failed on rep 74: PyTorch not installed. Cannot use GNN method.
2026-10-09 02:52:54,501 - WARNING - GNN failed on rep 75: PyTorch not installed. Cannot use GNN method.
2026-10-09 02:52:55,597 - WARNING - GNN failed on rep 76: PyTorch not installed. Cannot use GNN method.
2026-10-09 02:52:56,691 - WARNING - GNN failed on rep 77: PyTorch not installed. Cannot use GNN method.
2026-10-09 02:52:57,892 - WARNING - GNN failed on rep 78: PyTorch not installed. Cannot use GNN method.
2026-10-09 02:52:58,968 - WARNING - GNN failed on rep 79: PyTorch not installed. Cannot use GNN method.
2026-10-09 02:53:00,091 - WARNING - GNN failed on rep 80: PyTorch not installed. Cannot use GNN method.
2026-10-09 02:53:01,139 - WARNING - GNN failed on rep 81: PyTorch not installed. Cannot use GNN method.
2026-10-09 02:53:02,180 - WARNING - GNN failed on rep 82: PyTorch not installed. Cannot use GNN method.
2026-10-09 02:53:03,258 - WARNING - GNN failed on rep 83: PyTorch not installed. Cannot use GNN method.
2026-10-09 02:53:04,391 - WARNING - GNN failed on rep 84: PyTorch not installed. Cannot use GNN method.
2026-10-09 02:53:05,478 - WARNING - GNN failed on rep 85: PyTorch not installed. Cannot use GNN method.
2026-10-09 02:53:06,497 - WARNING - GNN failed on rep 86: PyTorch not installed. Cannot use GNN method.
2026-10-09 02:53:07,514 - WARNING - GNN failed on rep 87: PyTorch not installed. Cannot use GNN method.
2026-10-09 02:53:08,545 - WARNING - GNN failed on rep 88: PyTorch not installed. Cannot use GNN method.
2026-10-09 02:53:09,566 - WARNING - GNN failed on rep 89: PyTorch not installed. Cannot use GNN method.
2026-10-09 02:53:10,635 - WARNING - GNN failed on rep 90: PyTorch not installed. Cannot use GNN method.
2026-10-09 02:53:11,685 - WARNING - GNN failed on rep 91: PyTorch not installed. Cannot use GNN method.
2026-10-09 02:53:12,737 - WARNING - GNN failed on rep 92: PyTorch not installed. Cannot use GNN method.
2026-10-09 02:53:13,829 - WARNING - GNN failed on rep 93: PyTorch not installed. Cannot use GNN method.
2026-10-09 02:53:14,868 - WARNING - GNN failed on rep 94: PyTorch not installed. Cannot use GNN method.
2026-10-09 02:53:15,920 - WARNING - GNN failed on rep 95: PyTorch not installed. Cannot use GNN method.
2026-10-09 02:53:17,137 - WARNING - GNN failed on rep 96: PyTorch not installed. Cannot use GNN method.
2026-10-09 02:53:18,208 - WARNING - GNN failed on rep 97: PyTorch not installed. Cannot use GNN method.
2026-10-09 02:53:19,276 - WARNING - GNN failed on rep 98: PyTorch not installed. Cannot use GNN method.
2026-10-09 02:53:20,296 - WARNING - GNN failed on rep 99: PyTorch not installed. Cannot use GNN method.
2026-10-09 02:53:20,303 - INFO - Completed: T100_N0.1_D2_DF10
2026-10-09 02:53:20,306 - INFO - Configuration 24/90
2026-10-09 02:53:20,306 - INFO - Starting configuration: T100_N0.1_D4_DF10
2026-10-09 02:53:21,720 - WARNING - GNN failed on rep 0: PyTorch not installed. Cannot use GNN method.
2026-10-09 02:53:22,732 - WARNING - GNN failed on rep 1: PyTorch not installed. Cannot use GNN method.
2026-10-09 02:53:23,789 - WARNING - GNN failed on rep 2: PyTorch not installed. Cannot use GNN method.
2026-10-09 02:53:24,871 - WARNING - GNN failed on rep 3: PyTorch not installed. Cannot use GNN method.
2026-10-09 02:53:26,015 - WARNING - GNN failed on rep 4: PyTorch not installed. Cannot use GNN method.
2026-10-09 02:53:27,260 - WARNING - GNN failed on rep 5: PyTorch not installed. Cannot use GNN method.
2026-10-09 02:53:28,784 - WARNING - GNN failed on rep 6: PyTorch not installed. Cannot use GNN method.
2026-10-09 02:53:29,900 - WARNING - GNN failed on rep 7: PyTorch not installed. Cannot use GNN method.
2026-10-09 02:53:30,957 - WARNING - GNN failed on rep 8: PyTorch not installed. Cannot use GNN method.
2026-10-09 02:53:31,999 - WARNING - GNN failed on rep 9: PyTorch not installed. Cannot use GNN method.
2026-10-09 02:53:33,073 - WARNING - GNN failed on rep 10: PyTorch not installed. Cannot use GNN method.
2026-10-09 02:53:34,099 - WARNING - GNN failed on rep 11: PyTorch not installed. Cannot use GNN method.
2026-10-09 02:53:35,256 - WARNING - GNN failed on rep 12: PyTorch not installed. Cannot use GNN method.
2026-10-09 02:53:36,312 - WARNING - GNN failed on rep 13: PyTorch not installed. Cannot use GNN method.
2026-10-09 02:53:37,385 - WARNING - GNN failed on rep 14: PyTorch not installed. Cannot use GNN method.
2026-10-09 02:53:38,440 - WARNING - GNN failed on rep 15: PyTorch not installed. Cannot use GNN method.
2026-10-09 02:53:39,494 - WARNING - GNN failed on rep 16: PyTorch not installed. Cannot use GNN method.
2026-10-09 02:53:40,590 - WARNING - GNN failed on rep 17: PyTorch not installed. Cannot use GNN method.
2026-10-09 02:53:41,673 - WARNING - GNN failed on rep 18: PyTorch not installed. Cannot use GNN method.
2026-10-09 02:53:42,713 - WARNING - GNN failed on rep 19: PyTorch not installed. Cannot use GNN method.
2026-10-09 02:53:43,757 - WARNING - GNN failed on rep 20: PyTorch not installed. Cannot use GNN method.
2026-10-09 02:53:44,821 - WARNING - GNN failed on rep 21: PyTorch not installed. Cannot use GNN method.
2026-10-09 02:53:45,880 - WARNING - GNN failed on rep 22: PyTorch not installed. Cannot use GNN method.
2026-10-09 02:53:46,960 - WARNING - GNN failed on rep 23: PyTorch not installed. Cannot use GNN method.
2026-10-09 02:53:47,966 - WARNING - GNN failed on rep 24: PyTorch not installed. Cannot use GNN method.
2026-10-09 02:53:48,985 - WARNING - GNN failed on rep 25: PyTorch not installed. Cannot use GNN method.
2026-10-09 02:53:50,037 - WARNING - GNN failed on rep 26: PyTorch not installed. Cannot use GNN method.
2026-10-09 02:53:51,093 - WARNING - GNN failed on rep 27: PyTorch not installed. Cannot use GNN method.
2026-10-09 02:53:52,147 - WARNING - GNN failed on rep 28: PyTorch not installed. Cannot use GNN method.
2026-10-09 02:53:53,302 - WARNING - GNN failed on rep 29: PyTorch not installed. Cannot use GNN method.
2026-10-09 02:53:54,400 - WARNING - GNN failed on rep 30: PyTorch not installed. Cannot use GNN method.
2026-10-09 02:53:55,501 - WARNING - GNN failed on rep 31: PyTorch not installed. Cannot use GNN method.
2026-10-09 02:53:56,639 - WARNING - GNN failed on rep 32: PyTorch not installed. Cannot use GNN method.
2026-10-09 02:53:57,709 - WARNING - GNN failed on rep 33: PyTorch not installed. Cannot use GNN method.
2026-10-09 02:53:58,773 - WARNING - GNN failed on rep 34: PyTorch not installed. Cannot use GNN method.
2026-10-09 02:53:59,794 - WARNING - GNN failed on rep 35: PyTorch not installed. Cannot use GNN method.
2026-10-09 02:54:00,818 - WARNING - GNN failed on rep 36: PyTorch not installed. Cannot use GNN method.
2026-10-09 02:54:01,830 - WARNING - GNN failed on rep 37: PyTorch not installed. Cannot use GNN method.
2026-10-09 02:54:02,902 - WARNING - GNN failed on rep 38: PyTorch not installed. Cannot use GNN method.
2026-10-09 02:54:03,963 - WARNING - GNN failed on rep 39: PyTorch not installed. Cannot use GNN method.
2026-10-09 02:54:05,004 - WARNING - GNN failed on rep 40: PyTorch not installed. Cannot use GNN method.
2026-10-09 02:54:06,046 - WARNING - GNN failed on rep 41: PyTorch not installed. Cannot use GNN method.
2026-10-09 02:54:07,099 - WARNING - GNN failed on rep 42: PyTorch not installed. Cannot use GNN method.
2026-10-09 02:54:08,134 - WARNING - GNN failed on rep 43: PyTorch not installed. Cannot use GNN method.
2026-10-09 02:54:09,165 - WARNING - GNN failed on rep 44: PyTorch not installed. Cannot use GNN method.
2026-10-09 02:54:10,222 - WARNING - GNN failed on rep 45: PyTorch not installed. Cannot use GNN method.
2026-10-09 02:54:11,264 - WARNING - GNN failed on rep 46: PyTorch not installed. Cannot use GNN method.
2026-10-09 02:54:12,464 - WARNING - GNN failed on rep 47: PyTorch not installed. Cannot use GNN method.
2026-10-09 02:54:13,509 - WARNING - GNN failed on rep 48: PyTorch not installed. Cannot use GNN method.
2026-10-09 02:54:14,541 - WARNING - GNN failed on rep 49: PyTorch not installed. Cannot use GNN method.
2026-10-09 02:54:15,597 - WARNING - GNN failed on rep 50: PyTorch not installed. Cannot use GNN method.
2026-10-09 02:54:16,621 - WARNING - GNN failed on rep 51: PyTorch not installed. Cannot use GNN method.
2026-10-09 02:54:17,731 - WARNING - GNN failed on rep 52: PyTorch not installed. Cannot use GNN method.
2026-10-09 02:54:18,787 - WARNING - GNN failed on rep 53: PyTorch not installed. Cannot use GNN method.
2026-10-09 02:54:19,822 - WARNING - GNN failed on rep 54: PyTorch not installed. Cannot use GNN method.
2026-10-09 02:54:20,930 - WARNING - GNN failed on rep 55: PyTorch not installed. Cannot use GNN method.
2026-10-09 02:54:21,984 - WARNING - GNN failed on rep 56: PyTorch not installed. Cannot use GNN method.
2026-10-09 02:54:23,028 - WARNING - GNN failed on rep 57: PyTorch not installed. Cannot use GNN method.
2026-10-09 02:54:24,063 - WARNING - GNN failed on rep 58: PyTorch not installed. Cannot use GNN method.
2026-10-09 02:54:25,129 - WARNING - GNN failed on rep 59: PyTorch not installed. Cannot use GNN method.
2026-10-09 02:54:26,154 - WARNING - GNN failed on rep 60: PyTorch not installed. Cannot use GNN method.
2026-10-09 02:54:27,174 - WARNING - GNN failed on rep 61: PyTorch not installed. Cannot use GNN method.
2026-10-09 02:54:28,739 - WARNING - GNN failed on rep 62: PyTorch not installed. Cannot use GNN method.
2026-10-09 02:54:29,811 - WARNING - GNN failed on rep 63: PyTorch not installed. Cannot use GNN method.
2026-10-09 02:54:30,968 - WARNING - GNN failed on rep 64: PyTorch not installed. Cannot use GNN method.
2026-10-09 02:54:32,006 - WARNING - GNN failed on rep 65: PyTorch not installed. Cannot use GNN method.
2026-10-09 02:54:33,101 - WARNING - GNN failed on rep 66: PyTorch not installed. Cannot use GNN method.
2026-10-09 02:54:34,166 - WARNING - GNN failed on rep 67: PyTorch not installed. Cannot use GNN method.
2026-10-09 02:54:35,226 - WARNING - GNN failed on rep 68: PyTorch not installed. Cannot use GNN method.
2026-10-09 02:54:36,272 - WARNING - GNN failed on rep 69: PyTorch not installed. Cannot use GNN method.
2026-10-09 02:54:37,345 - WARNING - GNN failed on rep 70: PyTorch not installed. Cannot use GNN method.
2026-10-09 02:54:38,400 - WARNING - GNN failed on rep 71: PyTorch not installed. Cannot use GNN method.
2026-10-09 02:54:39,435 - WARNING - GNN failed on rep 72: PyTorch not installed. Cannot use GNN method.
2026-10-09 02:54:40,560 - WARNING - GNN failed on rep 73: PyTorch not installed. Cannot use GNN method.
2026-10-09 02:54:41,587 - WARNING - GNN failed on rep 74: PyTorch not installed. Cannot use GNN method.
2026-10-09 02:54:42,634 - WARNING - GNN failed on rep 75: PyTorch not installed. Cannot use GNN method.
2026-10-09 02:54:43,764 - WARNING - GNN failed on rep 76: PyTorch not installed. Cannot use GNN method.
2026-10-09 02:54:44,807 - WARNING - GNN failed on rep 77: PyTorch not installed. Cannot use GNN method.
2026-10-09 02:54:45,865 - WARNING - GNN failed on rep 78: PyTorch not installed. Cannot use GNN method.
2026-10-09 02:54:46,912 - WARNING - GNN failed on rep 79: PyTorch not installed. Cannot use GNN method.
2026-10-09 02:54:47,982 - WARNING - GNN failed on rep 80: PyTorch not installed. Cannot use GNN method.
2026-10-09 02:54:49,007 - WARNING - GNN failed on rep 81: PyTorch not installed. Cannot use GNN method.
2026-10-09 02:54:50,181 - WARNING - GNN failed on rep 82: PyTorch not installed. Cannot use GNN method.
2026-10-09 02:54:51,237 - WARNING - GNN failed on rep 83: PyTorch not installed. Cannot use GNN method.
2026-10-09 02:54:52,278 - WARNING - GNN failed on rep 84: PyTorch not installed. Cannot use GNN method.
2026-10-09 02:54:53,308 - WARNING - GNN failed on rep 85: PyTorch not installed. Cannot use GNN method.
2026-10-09 02:54:54,344 - WARNING - GNN failed on rep 86: PyTorch not installed. Cannot use GNN method.
2026-10-09 02:54:55,409 - WARNING - GNN failed on rep 87: PyTorch not installed. Cannot use GNN method.
2026-10-09 02:54:56,422 - WARNING - GNN failed on rep 88: PyTorch not installed. Cannot use GNN method.
2026-10-09 02:54:57,471 - WARNING - GNN failed on rep 89: PyTorch not installed. Cannot use GNN method.
2026-10-09 02:54:58,498 - WARNING - GNN failed on rep 90: PyTorch not installed. Cannot use GNN method.
2026-10-09 02:54:59,538 - WARNING - GNN failed on rep 91: PyTorch not installed. Cannot use GNN method.
2026-10-09 02:55:01,024 - WARNING - GNN failed on rep 92: PyTorch not installed. Cannot use GNN method.
2026-10-09 02:55:02,267 - WARNING - GNN failed on rep 93: PyTorch not installed. Cannot use GNN method.
2026-10-09 02:55:03,350 - WARNING - GNN failed on rep 94: PyTorch not installed. Cannot use GNN method.
2026-10-09 02:55:04,408 - WARNING - GNN failed on rep 95: PyTorch not installed. Cannot use GNN method.
2026-10-09 02:55:05,530 - WARNING - GNN failed on rep 96: PyTorch not installed. Cannot use GNN method.
2026-10-09 02:55:06,570 - WARNING - GNN failed on rep 97: PyTorch not installed. Cannot use GNN method.
2026-10-09 02:55:07,621 - WARNING - GNN failed on rep 98: PyTorch not installed. Cannot use GNN method.
2026-10-09 02:55:08,666 - WARNING - GNN failed on rep 99: PyTorch not installed. Cannot use GNN method.
2026-10-09 02:55:08,674 - INFO - Completed: T100_N0.1_D4_DF10
2026-10-09 02:55:08,678 - INFO - Configuration 25/90
2026-10-09 02:55:08,680 - INFO - Starting configuration: T100_N0.3_D2_DF3
2026-10-09 02:55:10,232 - WARNING - GNN failed on rep 0: PyTorch not installed. Cannot use GNN method.
2026-10-09 02:55:11,352 - WARNING - GNN failed on rep 1: PyTorch not installed. Cannot use GNN method.
2026-10-09 02:55:12,457 - WARNING - GNN failed on rep 2: PyTorch not installed. Cannot use GNN method.
2026-10-09 02:55:13,623 - WARNING - GNN failed on rep 3: PyTorch not installed. Cannot use GNN method.
2026-10-09 02:55:14,824 - WARNING - GNN failed on rep 4: PyTorch not installed. Cannot use GNN method.
2026-10-09 02:55:15,922 - WARNING - GNN failed on rep 5: PyTorch not installed. Cannot use GNN method.
2026-10-09 02:55:17,007 - WARNING - GNN failed on rep 6: PyTorch not installed. Cannot use GNN method.
2026-10-09 02:55:18,109 - WARNING - GNN failed on rep 7: PyTorch not installed. Cannot use GNN method.
2026-10-09 02:55:19,133 - WARNING - GNN failed on rep 8: PyTorch not installed. Cannot use GNN method.
2026-10-09 02:55:20,193 - WARNING - GNN failed on rep 9: PyTorch not installed. Cannot use GNN method.
2026-10-09 02:55:21,245 - WARNING - GNN failed on rep 10: PyTorch not installed. Cannot use GNN method.
2026-10-09 02:55:22,331 - WARNING - GNN failed on rep 11: PyTorch not installed. Cannot use GNN method.
2026-10-09 02:55:23,331 - WARNING - GNN failed on rep 12: PyTorch not installed. Cannot use GNN method.
2026-10-09 02:55:24,411 - WARNING - GNN failed on rep 13: PyTorch not installed. Cannot use GNN method.
2026-10-09 02:55:25,450 - WARNING - GNN failed on rep 14: PyTorch not installed. Cannot use GNN method.
2026-10-09 02:55:26,504 - WARNING - GNN failed on rep 15: PyTorch not installed. Cannot use GNN method.
2026-10-09 02:55:27,525 - WARNING - GNN failed on rep 16: PyTorch not installed. Cannot use GNN method.
2026-10-09 02:55:29,605 - WARNING - GNN failed on rep 17: PyTorch not installed. Cannot use GNN method.
2026-10-09 02:55:30,691 - WARNING - GNN failed on rep 18: PyTorch not installed. Cannot use GNN method.
2026-10-09 02:55:31,739 - WARNING - GNN failed on rep 19: PyTorch not installed. Cannot use GNN method.
2026-10-09 02:55:32,773 - WARNING - GNN failed on rep 20: PyTorch not installed. Cannot use GNN method.
2026-10-09 02:55:33,826 - WARNING - GNN failed on rep 21: PyTorch not installed. Cannot use GNN method.
2026-10-09 02:55:34,850 - WARNING - GNN failed on rep 22: PyTorch not installed. Cannot use GNN method.
2026-10-09 02:55:35,911 - WARNING - GNN failed on rep 23: PyTorch not installed. Cannot use GNN method.
2026-10-09 02:55:36,958 - WARNING - GNN failed on rep 24: PyTorch not installed. Cannot use GNN method.
2026-10-09 02:55:37,986 - WARNING - GNN failed on rep 25: PyTorch not installed. Cannot use GNN method.
2026-10-09 02:55:39,027 - WARNING - GNN failed on rep 26: PyTorch not installed. Cannot use GNN method.
2026-10-09 02:55:40,076 - WARNING - GNN failed on rep 27: PyTorch not installed. Cannot use GNN method.
2026-10-09 02:55:41,108 - WARNING - GNN failed on rep 28: PyTorch not installed. Cannot use GNN method.
2026-10-09 02:55:42,131 - WARNING - GNN failed on rep 29: PyTorch not installed. Cannot use GNN method.
2026-10-09 02:55:43,153 - WARNING - GNN failed on rep 30: PyTorch not installed. Cannot use GNN method.
2026-10-09 02:55:44,190 - WARNING - GNN failed on rep 31: PyTorch not installed. Cannot use GNN method.
2026-10-09 02:55:45,253 - WARNING - GNN failed on rep 32: PyTorch not installed. Cannot use GNN method.
2026-10-09 02:55:46,304 - WARNING - GNN failed on rep 33: PyTorch not installed. Cannot use GNN method.
2026-10-09 02:55:47,547 - WARNING - GNN failed on rep 34: PyTorch not installed. Cannot use GNN method.
2026-10-09 02:55:48,599 - WARNING - GNN failed on rep 35: PyTorch not installed. Cannot use GNN method.
2026-10-09 02:55:49,699 - WARNING - GNN failed on rep 36: PyTorch not installed. Cannot use GNN method.
2026-10-09 02:55:50,756 - WARNING - GNN failed on rep 37: PyTorch not installed. Cannot use GNN method.
2026-10-09 02:55:51,796 - WARNING - GNN failed on rep 38: PyTorch not installed. Cannot use GNN method.
2026-10-09 02:55:52,824 - WARNING - GNN failed on rep 39: PyTorch not installed. Cannot use GNN method.
2026-10-09 02:55:53,833 - WARNING - GNN failed on rep 40: PyTorch not installed. Cannot use GNN method.
2026-10-09 02:55:54,912 - WARNING - GNN failed on rep 41: PyTorch not installed. Cannot use GNN method.
2026-10-09 02:55:55,943 - WARNING - GNN failed on rep 42: PyTorch not installed. Cannot use GNN method.
2026-10-09 02:55:56,995 - WARNING - GNN failed on rep 43: PyTorch not installed. Cannot use GNN method.
2026-10-09 02:55:58,032 - WARNING - GNN failed on rep 44: PyTorch not installed. Cannot use GNN method.
2026-10-09 02:55:59,124 - WARNING - GNN failed on rep 45: PyTorch not installed. Cannot use GNN method.
2026-10-09 02:56:00,181 - WARNING - GNN failed on rep 46: PyTorch not installed. Cannot use GNN method.
2026-10-09 02:56:01,216 - WARNING - GNN failed on rep 47: PyTorch not installed. Cannot use GNN method.
2026-10-09 02:56:02,276 - WARNING - GNN failed on rep 48: PyTorch not installed. Cannot use GNN method.
2026-10-09 02:56:03,344 - WARNING - GNN failed on rep 49: PyTorch not installed. Cannot use GNN method.
2026-10-09 02:56:04,402 - WARNING - GNN failed on rep 50: PyTorch not installed. Cannot use GNN method.
2026-10-09 02:56:05,449 - WARNING - GNN failed on rep 51: PyTorch not installed. Cannot use GNN method.
2026-10-09 02:56:06,577 - WARNING - GNN failed on rep 52: PyTorch not installed. Cannot use GNN method.
2026-10-09 02:56:07,643 - WARNING - GNN failed on rep 53: PyTorch not installed. Cannot use GNN method.
2026-10-09 02:56:08,672 - WARNING - GNN failed on rep 54: PyTorch not installed. Cannot use GNN method.
2026-10-09 02:56:09,750 - WARNING - GNN failed on rep 55: PyTorch not installed. Cannot use GNN method.
2026-10-09 02:56:11,024 - WARNING - GNN failed on rep 56: PyTorch not installed. Cannot use GNN method.
2026-10-09 02:56:12,124 - WARNING - GNN failed on rep 57: PyTorch not installed. Cannot use GNN method.
2026-10-09 02:56:13,155 - WARNING - GNN failed on rep 58: PyTorch not installed. Cannot use GNN method.
2026-10-09 02:56:14,216 - WARNING - GNN failed on rep 59: PyTorch not installed. Cannot use GNN method.
2026-10-09 02:56:15,343 - WARNING - GNN failed on rep 60: PyTorch not installed. Cannot use GNN method.
2026-10-09 02:56:16,384 - WARNING - GNN failed on rep 61: PyTorch not installed. Cannot use GNN method.
2026-10-09 02:56:17,414 - WARNING - GNN failed on rep 62: PyTorch not installed. Cannot use GNN method.
2026-10-09 02:56:18,444 - WARNING - GNN failed on rep 63: PyTorch not installed. Cannot use GNN method.
2026-10-09 02:56:19,490 - WARNING - GNN failed on rep 64: PyTorch not installed. Cannot use GNN method.
2026-10-09 02:56:20,524 - WARNING - GNN failed on rep 65: PyTorch not installed. Cannot use GNN method.
2026-10-09 02:56:21,541 - WARNING - GNN failed on rep 66: PyTorch not installed. Cannot use GNN method.
2026-10-09 02:56:22,578 - WARNING - GNN failed on rep 67: PyTorch not installed. Cannot use GNN method.
2026-10-09 02:56:23,599 - WARNING - GNN failed on rep 68: PyTorch not installed. Cannot use GNN method.
2026-10-09 02:56:24,658 - WARNING - GNN failed on rep 69: PyTorch not installed. Cannot use GNN method.
2026-10-09 02:56:25,850 - WARNING - GNN failed on rep 70: PyTorch not installed. Cannot use GNN method.
2026-10-09 02:56:26,895 - WARNING - GNN failed on rep 71: PyTorch not installed. Cannot use GNN method.
2026-10-09 02:56:28,423 - WARNING - GNN failed on rep 72: PyTorch not installed. Cannot use GNN method.
2026-10-09 02:56:29,521 - WARNING - GNN failed on rep 73: PyTorch not installed. Cannot use GNN method.
2026-10-09 02:56:30,527 - WARNING - GNN failed on rep 74: PyTorch not installed. Cannot use GNN method.
2026-10-09 02:56:31,557 - WARNING - GNN failed on rep 75: PyTorch not installed. Cannot use GNN method.
2026-10-09 02:56:32,588 - WARNING - GNN failed on rep 76: PyTorch not installed. Cannot use GNN method.
2026-10-09 02:56:33,648 - WARNING - GNN failed on rep 77: PyTorch not installed. Cannot use GNN method.
2026-10-09 02:56:34,659 - WARNING - GNN failed on rep 78: PyTorch not installed. Cannot use GNN method.
2026-10-09 02:56:35,689 - WARNING - GNN failed on rep 79: PyTorch not installed. Cannot use GNN method.
2026-10-09 02:56:36,766 - WARNING - GNN failed on rep 80: PyTorch not installed. Cannot use GNN method.
2026-10-09 02:56:37,788 - WARNING - GNN failed on rep 81: PyTorch not installed. Cannot use GNN method.
2026-10-09 02:56:38,865 - WARNING - GNN failed on rep 82: PyTorch not installed. Cannot use GNN method.
2026-10-09 02:56:39,900 - WARNING - GNN failed on rep 83: PyTorch not installed. Cannot use GNN method.
2026-10-09 02:56:41,002 - WARNING - GNN failed on rep 84: PyTorch not installed. Cannot use GNN method.
2026-10-09 02:56:42,075 - WARNING - GNN failed on rep 85: PyTorch not installed. Cannot use GNN method.
2026-10-09 02:56:43,255 - WARNING - GNN failed on rep 86: PyTorch not installed. Cannot use GNN method.
2026-10-09 02:56:44,288 - WARNING - GNN failed on rep 87: PyTorch not installed. Cannot use GNN method.
2026-10-09 02:56:45,339 - WARNING - GNN failed on rep 88: PyTorch not installed. Cannot use GNN method.
2026-10-09 02:56:46,415 - WARNING - GNN failed on rep 89: PyTorch not installed. Cannot use GNN method.
2026-10-09 02:56:47,420 - WARNING - GNN failed on rep 90: PyTorch not installed. Cannot use GNN method.
2026-10-09 02:56:48,439 - WARNING - GNN failed on rep 91: PyTorch not installed. Cannot use GNN method.
2026-10-09 02:56:49,540 - WARNING - GNN failed on rep 92: PyTorch not installed. Cannot use GNN method.
2026-10-09 02:56:50,573 - WARNING - GNN failed on rep 93: PyTorch not installed. Cannot use GNN method.
2026-10-09 02:56:51,678 - WARNING - GNN failed on rep 94: PyTorch not installed. Cannot use GNN method.
2026-10-09 02:56:52,704 - WARNING - GNN failed on rep 95: PyTorch not installed. Cannot use GNN method.
2026-10-09 02:56:53,736 - WARNING - GNN failed on rep 96: PyTorch not installed. Cannot use GNN method.
2026-10-09 02:56:54,799 - WARNING - GNN failed on rep 97: PyTorch not installed. Cannot use GNN method.
2026-10-09 02:56:55,861 - WARNING - GNN failed on rep 98: PyTorch not installed. Cannot use GNN method.
2026-10-09 02:56:57,001 - WARNING - GNN failed on rep 99: PyTorch not installed. Cannot use GNN method.
2026-10-09 02:56:57,012 - INFO - Completed: T100_N0.3_D2_DF3
2026-10-09 02:56:57,018 - INFO - Configuration 26/90
2026-10-09 02:56:57,018 - INFO - Starting configuration: T100_N0.3_D4_DF3
2026-10-09 02:56:58,496 - WARNING - GNN failed on rep 0: PyTorch not installed. Cannot use GNN method.
2026-10-09 02:56:59,651 - WARNING - GNN failed on rep 1: PyTorch not installed. Cannot use GNN method.
2026-10-09 02:57:00,871 - WARNING - GNN failed on rep 2: PyTorch not installed. Cannot use GNN method.
2026-10-09 02:57:01,906 - WARNING - GNN failed on rep 3: PyTorch not installed. Cannot use GNN method.
2026-10-09 02:57:02,963 - WARNING - GNN failed on rep 4: PyTorch not installed. Cannot use GNN method.
2026-10-09 02:57:03,987 - WARNING - GNN failed on rep 5: PyTorch not installed. Cannot use GNN method.
2026-10-09 02:57:05,046 - WARNING - GNN failed on rep 6: PyTorch not installed. Cannot use GNN method.
2026-10-09 02:57:06,107 - WARNING - GNN failed on rep 7: PyTorch not installed. Cannot use GNN method.
2026-10-09 02:57:07,143 - WARNING - GNN failed on rep 8: PyTorch not installed. Cannot use GNN method.
2026-10-09 02:57:08,153 - WARNING - GNN failed on rep 9: PyTorch not installed. Cannot use GNN method.
2026-10-09 02:57:09,221 - WARNING - GNN failed on rep 10: PyTorch not installed. Cannot use GNN method.
2026-10-09 02:57:10,277 - WARNING - GNN failed on rep 11: PyTorch not installed. Cannot use GNN method.
2026-10-09 02:57:11,343 - WARNING - GNN failed on rep 12: PyTorch not installed. Cannot use GNN method.
2026-10-09 02:57:12,384 - WARNING - GNN failed on rep 13: PyTorch not installed. Cannot use GNN method.
2026-10-09 02:57:13,425 - WARNING - GNN failed on rep 14: PyTorch not installed. Cannot use GNN method.
2026-10-09 02:57:14,490 - WARNING - GNN failed on rep 15: PyTorch not installed. Cannot use GNN method.
2026-10-09 02:57:15,504 - WARNING - GNN failed on rep 16: PyTorch not installed. Cannot use GNN method.
2026-10-09 02:57:16,506 - WARNING - GNN failed on rep 17: PyTorch not installed. Cannot use GNN method.
2026-10-09 02:57:17,572 - WARNING - GNN failed on rep 18: PyTorch not installed. Cannot use GNN method.
2026-10-09 02:57:18,588 - WARNING - GNN failed on rep 19: PyTorch not installed. Cannot use GNN method.
2026-10-09 02:57:19,783 - WARNING - GNN failed on rep 20: PyTorch not installed. Cannot use GNN method.
2026-10-09 02:57:20,836 - WARNING - GNN failed on rep 21: PyTorch not installed. Cannot use GNN method.
2026-10-09 02:57:21,933 - WARNING - GNN failed on rep 22: PyTorch not installed. Cannot use GNN method.
2026-10-09 02:57:22,934 - WARNING - GNN failed on rep 23: PyTorch not installed. Cannot use GNN method.
2026-10-09 02:57:23,953 - WARNING - GNN failed on rep 24: PyTorch not installed. Cannot use GNN method.
2026-10-09 02:57:25,007 - WARNING - GNN failed on rep 25: PyTorch not installed. Cannot use GNN method.
2026-10-09 02:57:26,010 - WARNING - GNN failed on rep 26: PyTorch not installed. Cannot use GNN method.
2026-10-09 02:57:27,051 - WARNING - GNN failed on rep 27: PyTorch not installed. Cannot use GNN method.
2026-10-09 02:57:28,589 - WARNING - GNN failed on rep 28: PyTorch not installed. Cannot use GNN method.
2026-10-09 02:57:29,650 - WARNING - GNN failed on rep 29: PyTorch not installed. Cannot use GNN method.
2026-10-09 02:57:30,698 - WARNING - GNN failed on rep 30: PyTorch not installed. Cannot use GNN method.
2026-10-09 02:57:31,817 - WARNING - GNN failed on rep 31: PyTorch not installed. Cannot use GNN method.
2026-10-09 02:57:33,033 - WARNING - GNN failed on rep 32: PyTorch not installed. Cannot use GNN method.
2026-10-09 02:57:35,878 - WARNING - GNN failed on rep 33: PyTorch not installed. Cannot use GNN method.
2026-10-09 02:57:37,570 - WARNING - GNN failed on rep 34: PyTorch not installed. Cannot use GNN method.
2026-10-09 02:57:39,682 - WARNING - GNN failed on rep 35: PyTorch not installed. Cannot use GNN method.
2026-10-09 02:57:42,109 - WARNING - GNN failed on rep 36: PyTorch not installed. Cannot use GNN method.
2026-10-09 02:57:43,924 - WARNING - GNN failed on rep 37: PyTorch not installed. Cannot use GNN method.
2026-10-09 02:57:45,564 - WARNING - GNN failed on rep 38: PyTorch not installed. Cannot use GNN method.
2026-10-09 02:57:46,716 - WARNING - GNN failed on rep 39: PyTorch not installed. Cannot use GNN method.
2026-10-09 02:57:49,005 - WARNING - GNN failed on rep 40: PyTorch not installed. Cannot use GNN method.
2026-10-09 02:57:51,228 - WARNING - GNN failed on rep 41: PyTorch not installed. Cannot use GNN method.
2026-10-09 02:57:53,394 - WARNING - GNN failed on rep 42: PyTorch not installed. Cannot use GNN method.
2026-10-09 02:57:55,642 - WARNING - GNN failed on rep 43: PyTorch not installed. Cannot use GNN method.
2026-10-09 02:57:57,028 - WARNING - GNN failed on rep 44: PyTorch not installed. Cannot use GNN method.
2026-10-09 02:57:58,088 - WARNING - GNN failed on rep 45: PyTorch not installed. Cannot use GNN method.
2026-10-09 02:57:59,142 - WARNING - GNN failed on rep 46: PyTorch not installed. Cannot use GNN method.
2026-10-09 02:58:00,220 - WARNING - GNN failed on rep 47: PyTorch not installed. Cannot use GNN method.
2026-10-09 02:58:01,283 - WARNING - GNN failed on rep 48: PyTorch not installed. Cannot use GNN method.
2026-10-09 02:58:02,412 - WARNING - GNN failed on rep 49: PyTorch not installed. Cannot use GNN method.
2026-10-09 02:58:03,469 - WARNING - GNN failed on rep 50: PyTorch not installed. Cannot use GNN method.
2026-10-09 02:58:04,523 - WARNING - GNN failed on rep 51: PyTorch not installed. Cannot use GNN method.
2026-10-09 02:58:05,603 - WARNING - GNN failed on rep 52: PyTorch not installed. Cannot use GNN method.
2026-10-09 02:58:06,831 - WARNING - GNN failed on rep 53: PyTorch not installed. Cannot use GNN method.
2026-10-09 02:58:07,870 - WARNING - GNN failed on rep 54: PyTorch not installed. Cannot use GNN method.
2026-10-09 02:58:08,928 - WARNING - GNN failed on rep 55: PyTorch not installed. Cannot use GNN method.
2026-10-09 02:58:10,007 - WARNING - GNN failed on rep 56: PyTorch not installed. Cannot use GNN method.
2026-10-09 02:58:11,045 - WARNING - GNN failed on rep 57: PyTorch not installed. Cannot use GNN method.
2026-10-09 02:58:12,147 - WARNING - GNN failed on rep 58: PyTorch not installed. Cannot use GNN method.
2026-10-09 02:58:13,215 - WARNING - GNN failed on rep 59: PyTorch not installed. Cannot use GNN method.
2026-10-09 02:58:14,282 - WARNING - GNN failed on rep 60: PyTorch not installed. Cannot use GNN method.
2026-10-09 02:58:15,324 - WARNING - GNN failed on rep 61: PyTorch not installed. Cannot use GNN method.
2026-10-09 02:58:16,401 - WARNING - GNN failed on rep 62: PyTorch not installed. Cannot use GNN method.
2026-10-09 02:58:17,509 - WARNING - GNN failed on rep 63: PyTorch not installed. Cannot use GNN method.
2026-10-09 02:58:18,710 - WARNING - GNN failed on rep 64: PyTorch not installed. Cannot use GNN method.
2026-10-09 02:58:19,791 - WARNING - GNN failed on rep 65: PyTorch not installed. Cannot use GNN method.
2026-10-09 02:58:20,860 - WARNING - GNN failed on rep 66: PyTorch not installed. Cannot use GNN method.
2026-10-09 02:58:21,914 - WARNING - GNN failed on rep 67: PyTorch not installed. Cannot use GNN method.
2026-10-09 02:58:22,995 - WARNING - GNN failed on rep 68: PyTorch not installed. Cannot use GNN method.
2026-10-09 02:58:24,025 - WARNING - GNN failed on rep 69: PyTorch not installed. Cannot use GNN method.
2026-10-09 02:58:25,086 - WARNING - GNN failed on rep 70: PyTorch not installed. Cannot use GNN method.
2026-10-09 02:58:26,130 - WARNING - GNN failed on rep 71: PyTorch not installed. Cannot use GNN method.
2026-10-09 02:58:27,174 - WARNING - GNN failed on rep 72: PyTorch not installed. Cannot use GNN method.
2026-10-09 02:58:28,965 - WARNING - GNN failed on rep 73: PyTorch not installed. Cannot use GNN method.
2026-10-09 02:58:30,211 - WARNING - GNN failed on rep 74: PyTorch not installed. Cannot use GNN method.
2026-10-09 02:58:31,396 - WARNING - GNN failed on rep 75: PyTorch not installed. Cannot use GNN method.
2026-10-09 02:58:32,452 - WARNING - GNN failed on rep 76: PyTorch not installed. Cannot use GNN method.
2026-10-09 02:58:33,540 - WARNING - GNN failed on rep 77: PyTorch not installed. Cannot use GNN method.
2026-10-09 02:58:34,627 - WARNING - GNN failed on rep 78: PyTorch not installed. Cannot use GNN method.
2026-10-09 02:58:35,707 - WARNING - GNN failed on rep 79: PyTorch not installed. Cannot use GNN method.
2026-10-09 02:58:36,742 - WARNING - GNN failed on rep 80: PyTorch not installed. Cannot use GNN method.
2026-10-09 02:58:37,818 - WARNING - GNN failed on rep 81: PyTorch not installed. Cannot use GNN method.
2026-10-09 02:58:38,860 - WARNING - GNN failed on rep 82: PyTorch not installed. Cannot use GNN method.
2026-10-09 02:58:39,910 - WARNING - GNN failed on rep 83: PyTorch not installed. Cannot use GNN method.
2026-10-09 02:58:40,976 - WARNING - GNN failed on rep 84: PyTorch not installed. Cannot use GNN method.
2026-10-09 02:58:42,016 - WARNING - GNN failed on rep 85: PyTorch not installed. Cannot use GNN method.
2026-10-09 02:58:43,200 - WARNING - GNN failed on rep 86: PyTorch not installed. Cannot use GNN method.
2026-10-09 02:58:44,258 - WARNING - GNN failed on rep 87: PyTorch not installed. Cannot use GNN method.
2026-10-09 02:58:45,330 - WARNING - GNN failed on rep 88: PyTorch not installed. Cannot use GNN method.
2026-10-09 02:58:46,413 - WARNING - GNN failed on rep 89: PyTorch not installed. Cannot use GNN method.
2026-10-09 02:58:47,445 - WARNING - GNN failed on rep 90: PyTorch not installed. Cannot use GNN method.
2026-10-09 02:58:48,463 - WARNING - GNN failed on rep 91: PyTorch not installed. Cannot use GNN method.
2026-10-09 02:58:49,533 - WARNING - GNN failed on rep 92: PyTorch not installed. Cannot use GNN method.
2026-10-09 02:58:50,587 - WARNING - GNN failed on rep 93: PyTorch not installed. Cannot use GNN method.
2026-10-09 02:58:51,648 - WARNING - GNN failed on rep 94: PyTorch not installed. Cannot use GNN method.
2026-10-09 02:58:52,672 - WARNING - GNN failed on rep 95: PyTorch not installed. Cannot use GNN method.
2026-10-09 02:58:53,688 - WARNING - GNN failed on rep 96: PyTorch not installed. Cannot use GNN method.
2026-10-09 02:58:54,879 - WARNING - GNN failed on rep 97: PyTorch not installed. Cannot use GNN method.
2026-10-09 02:58:55,920 - WARNING - GNN failed on rep 98: PyTorch not installed. Cannot use GNN method.
2026-10-09 02:58:57,031 - WARNING - GNN failed on rep 99: PyTorch not installed. Cannot use GNN method.
2026-10-09 02:58:57,040 - INFO - Completed: T100_N0.3_D4_DF3
2026-10-09 02:58:57,043 - INFO - Configuration 27/90
2026-10-09 02:58:57,043 - INFO - Starting configuration: T100_N0.3_D2_DF5
2026-10-09 02:58:58,498 - WARNING - GNN failed on rep 0: PyTorch not installed. Cannot use GNN method.
2026-10-09 02:58:59,564 - WARNING - GNN failed on rep 1: PyTorch not installed. Cannot use GNN method.
2026-10-09 02:59:00,620 - WARNING - GNN failed on rep 2: PyTorch not installed. Cannot use GNN method.
2026-10-09 02:59:01,676 - WARNING - GNN failed on rep 3: PyTorch not installed. Cannot use GNN method.
2026-10-09 02:59:02,704 - WARNING - GNN failed on rep 4: PyTorch not installed. Cannot use GNN method.
2026-10-09 02:59:03,764 - WARNING - GNN failed on rep 5: PyTorch not installed. Cannot use GNN method.
2026-10-09 02:59:04,790 - WARNING - GNN failed on rep 6: PyTorch not installed. Cannot use GNN method.
2026-10-09 02:59:05,837 - WARNING - GNN failed on rep 7: PyTorch not installed. Cannot use GNN method.
2026-10-09 02:59:07,024 - WARNING - GNN failed on rep 8: PyTorch not installed. Cannot use GNN method.
2026-10-09 02:59:08,078 - WARNING - GNN failed on rep 9: PyTorch not installed. Cannot use GNN method.
2026-10-09 02:59:09,116 - WARNING - GNN failed on rep 10: PyTorch not installed. Cannot use GNN method.
2026-10-09 02:59:10,187 - WARNING - GNN failed on rep 11: PyTorch not installed. Cannot use GNN method.
2026-10-09 02:59:11,214 - WARNING - GNN failed on rep 12: PyTorch not installed. Cannot use GNN method.
2026-10-09 02:59:12,279 - WARNING - GNN failed on rep 13: PyTorch not installed. Cannot use GNN method.
2026-10-09 02:59:13,279 - WARNING - GNN failed on rep 14: PyTorch not installed. Cannot use GNN method.
2026-10-09 02:59:14,328 - WARNING - GNN failed on rep 15: PyTorch not installed. Cannot use GNN method.
2026-10-09 02:59:15,460 - WARNING - GNN failed on rep 16: PyTorch not installed. Cannot use GNN method.
2026-10-09 02:59:16,454 - WARNING - GNN failed on rep 17: PyTorch not installed. Cannot use GNN method.
2026-10-09 02:59:17,518 - WARNING - GNN failed on rep 18: PyTorch not installed. Cannot use GNN method.
2026-10-09 02:59:18,660 - WARNING - GNN failed on rep 19: PyTorch not installed. Cannot use GNN method.
2026-10-09 02:59:19,724 - WARNING - GNN failed on rep 20: PyTorch not installed. Cannot use GNN method.
2026-10-09 02:59:20,786 - WARNING - GNN failed on rep 21: PyTorch not installed. Cannot use GNN method.
2026-10-09 02:59:21,839 - WARNING - GNN failed on rep 22: PyTorch not installed. Cannot use GNN method.
2026-10-09 02:59:22,890 - WARNING - GNN failed on rep 23: PyTorch not installed. Cannot use GNN method.
2026-10-09 02:59:23,900 - WARNING - GNN failed on rep 24: PyTorch not installed. Cannot use GNN method.
2026-10-09 02:59:24,908 - WARNING - GNN failed on rep 25: PyTorch not installed. Cannot use GNN method.
2026-10-09 02:59:25,952 - WARNING - GNN failed on rep 26: PyTorch not installed. Cannot use GNN method.
2026-10-09 02:59:27,014 - WARNING - GNN failed on rep 27: PyTorch not installed. Cannot use GNN method.
2026-10-09 02:59:28,572 - WARNING - GNN failed on rep 28: PyTorch not installed. Cannot use GNN method.
2026-10-09 02:59:29,633 - WARNING - GNN failed on rep 29: PyTorch not installed. Cannot use GNN method.
2026-10-09 02:59:30,650 - WARNING - GNN failed on rep 30: PyTorch not installed. Cannot use GNN method.
2026-10-09 02:59:31,673 - WARNING - GNN failed on rep 31: PyTorch not installed. Cannot use GNN method.
2026-10-09 02:59:32,845 - WARNING - GNN failed on rep 32: PyTorch not installed. Cannot use GNN method.
2026-10-09 02:59:33,938 - WARNING - GNN failed on rep 33: PyTorch not installed. Cannot use GNN method.
2026-10-09 02:59:34,969 - WARNING - GNN failed on rep 34: PyTorch not installed. Cannot use GNN method.
2026-10-09 02:59:36,006 - WARNING - GNN failed on rep 35: PyTorch not installed. Cannot use GNN method.
2026-10-09 02:59:37,071 - WARNING - GNN failed on rep 36: PyTorch not installed. Cannot use GNN method.
2026-10-09 02:59:38,099 - WARNING - GNN failed on rep 37: PyTorch not installed. Cannot use GNN method.
2026-10-09 02:59:39,149 - WARNING - GNN failed on rep 38: PyTorch not installed. Cannot use GNN method.
2026-10-09 02:59:40,205 - WARNING - GNN failed on rep 39: PyTorch not installed. Cannot use GNN method.
2026-10-09 02:59:41,248 - WARNING - GNN failed on rep 40: PyTorch not installed. Cannot use GNN method.
2026-10-09 02:59:42,314 - WARNING - GNN failed on rep 41: PyTorch not installed. Cannot use GNN method.
2026-10-09 02:59:43,371 - WARNING - GNN failed on rep 42: PyTorch not installed. Cannot use GNN method.
2026-10-09 02:59:44,433 - WARNING - GNN failed on rep 43: PyTorch not installed. Cannot use GNN method.
2026-10-09 02:59:45,480 - WARNING - GNN failed on rep 44: PyTorch not installed. Cannot use GNN method.
2026-10-09 02:59:46,584 - WARNING - GNN failed on rep 45: PyTorch not installed. Cannot use GNN method.
2026-10-09 02:59:47,615 - WARNING - GNN failed on rep 46: PyTorch not installed. Cannot use GNN method.
2026-10-09 02:59:48,677 - WARNING - GNN failed on rep 47: PyTorch not installed. Cannot use GNN method.
2026-10-09 02:59:49,707 - WARNING - GNN failed on rep 48: PyTorch not installed. Cannot use GNN method.
2026-10-09 02:59:50,726 - WARNING - GNN failed on rep 49: PyTorch not installed. Cannot use GNN method.
2026-10-09 02:59:51,898 - WARNING - GNN failed on rep 50: PyTorch not installed. Cannot use GNN method.
2026-10-09 02:59:52,929 - WARNING - GNN failed on rep 51: PyTorch not installed. Cannot use GNN method.
2026-10-09 02:59:53,999 - WARNING - GNN failed on rep 52: PyTorch not installed. Cannot use GNN method.
2026-10-09 02:59:55,027 - WARNING - GNN failed on rep 53: PyTorch not installed. Cannot use GNN method.
2026-10-09 02:59:56,055 - WARNING - GNN failed on rep 54: PyTorch not installed. Cannot use GNN method.
2026-10-09 02:59:57,169 - WARNING - GNN failed on rep 55: PyTorch not installed. Cannot use GNN method.
2026-10-09 02:59:58,208 - WARNING - GNN failed on rep 56: PyTorch not installed. Cannot use GNN method.
2026-10-09 02:59:59,227 - WARNING - GNN failed on rep 57: PyTorch not installed. Cannot use GNN method.
2026-10-09 03:00:00,247 - WARNING - GNN failed on rep 58: PyTorch not installed. Cannot use GNN method.
2026-10-09 03:00:01,270 - WARNING - GNN failed on rep 59: PyTorch not installed. Cannot use GNN method.
2026-10-09 03:00:02,294 - WARNING - GNN failed on rep 60: PyTorch not installed. Cannot use GNN method.
2026-10-09 03:00:03,329 - WARNING - GNN failed on rep 61: PyTorch not installed. Cannot use GNN method.
2026-10-09 03:00:04,342 - WARNING - GNN failed on rep 62: PyTorch not installed. Cannot use GNN method.
2026-10-09 03:00:05,357 - WARNING - GNN failed on rep 63: PyTorch not installed. Cannot use GNN method.
2026-10-09 03:00:06,376 - WARNING - GNN failed on rep 64: PyTorch not installed. Cannot use GNN method.
2026-10-09 03:00:07,380 - WARNING - GNN failed on rep 65: PyTorch not installed. Cannot use GNN method.
2026-10-09 03:00:08,372 - WARNING - GNN failed on rep 66: PyTorch not installed. Cannot use GNN method.
2026-10-09 03:00:09,396 - WARNING - GNN failed on rep 67: PyTorch not installed. Cannot use GNN method.
2026-10-09 03:00:10,667 - WARNING - GNN failed on rep 68: PyTorch not installed. Cannot use GNN method.
2026-10-09 03:00:11,758 - WARNING - GNN failed on rep 69: PyTorch not installed. Cannot use GNN method.
2026-10-09 03:00:12,790 - WARNING - GNN failed on rep 70: PyTorch not installed. Cannot use GNN method.
2026-10-09 03:00:14,032 - WARNING - GNN failed on rep 71: PyTorch not installed. Cannot use GNN method.
2026-10-09 03:00:15,234 - WARNING - GNN failed on rep 72: PyTorch not installed. Cannot use GNN method.
2026-10-09 03:00:16,260 - WARNING - GNN failed on rep 73: PyTorch not installed. Cannot use GNN method.
2026-10-09 03:00:17,334 - WARNING - GNN failed on rep 74: PyTorch not installed. Cannot use GNN method.
2026-10-09 03:00:18,343 - WARNING - GNN failed on rep 75: PyTorch not installed. Cannot use GNN method.
2026-10-09 03:00:19,347 - WARNING - GNN failed on rep 76: PyTorch not installed. Cannot use GNN method.
2026-10-09 03:00:20,367 - WARNING - GNN failed on rep 77: PyTorch not installed. Cannot use GNN method.
2026-10-09 03:00:21,394 - WARNING - GNN failed on rep 78: PyTorch not installed. Cannot use GNN method.
2026-10-09 03:00:22,447 - WARNING - GNN failed on rep 79: PyTorch not installed. Cannot use GNN method.
2026-10-09 03:00:23,549 - WARNING - GNN failed on rep 80: PyTorch not installed. Cannot use GNN method.
2026-10-09 03:00:24,659 - WARNING - GNN failed on rep 81: PyTorch not installed. Cannot use GNN method.
2026-10-09 03:00:25,744 - WARNING - GNN failed on rep 82: PyTorch not installed. Cannot use GNN method.
2026-10-09 03:00:26,771 - WARNING - GNN failed on rep 83: PyTorch not installed. Cannot use GNN method.
2026-10-09 03:00:28,092 - WARNING - GNN failed on rep 84: PyTorch not installed. Cannot use GNN method.
2026-10-09 03:00:29,442 - WARNING - GNN failed on rep 85: PyTorch not installed. Cannot use GNN method.
2026-10-09 03:00:30,465 - WARNING - GNN failed on rep 86: PyTorch not installed. Cannot use GNN method.
2026-10-09 03:00:31,494 - WARNING - GNN failed on rep 87: PyTorch not installed. Cannot use GNN method.
2026-10-09 03:00:32,525 - WARNING - GNN failed on rep 88: PyTorch not installed. Cannot use GNN method.
2026-10-09 03:00:33,837 - WARNING - GNN failed on rep 89: PyTorch not installed. Cannot use GNN method.
2026-10-09 03:00:34,903 - WARNING - GNN failed on rep 90: PyTorch not installed. Cannot use GNN method.
2026-10-09 03:00:36,047 - WARNING - GNN failed on rep 91: PyTorch not installed. Cannot use GNN method.
2026-10-09 03:00:37,079 - WARNING - GNN failed on rep 92: PyTorch not installed. Cannot use GNN method.
2026-10-09 03:00:38,134 - WARNING - GNN failed on rep 93: PyTorch not installed. Cannot use GNN method.
2026-10-09 03:00:39,165 - WARNING - GNN failed on rep 94: PyTorch not installed. Cannot use GNN method.
2026-10-09 03:00:40,204 - WARNING - GNN failed on rep 95: PyTorch not installed. Cannot use GNN method.
2026-10-09 03:00:41,229 - WARNING - GNN failed on rep 96: PyTorch not installed. Cannot use GNN method.
2026-10-09 03:00:42,246 - WARNING - GNN failed on rep 97: PyTorch not installed. Cannot use GNN method.
2026-10-09 03:00:43,279 - WARNING - GNN failed on rep 98: PyTorch not installed. Cannot use GNN method.
2026-10-09 03:00:44,321 - WARNING - GNN failed on rep 99: PyTorch not installed. Cannot use GNN method.
2026-10-09 03:00:44,329 - INFO - Completed: T100_N0.3_D2_DF5
2026-10-09 03:00:44,332 - INFO - Configuration 28/90
2026-10-09 03:00:44,333 - INFO - Starting configuration: T100_N0.3_D4_DF5
2026-10-09 03:00:45,757 - WARNING - GNN failed on rep 0: PyTorch not installed. Cannot use GNN method.
2026-10-09 03:00:46,921 - WARNING - GNN failed on rep 1: PyTorch not installed. Cannot use GNN method.
2026-10-09 03:00:47,954 - WARNING - GNN failed on rep 2: PyTorch not installed. Cannot use GNN method.
2026-10-09 03:00:48,975 - WARNING - GNN failed on rep 3: PyTorch not installed. Cannot use GNN method.
2026-10-09 03:00:49,995 - WARNING - GNN failed on rep 4: PyTorch not installed. Cannot use GNN method.
2026-10-09 03:00:51,038 - WARNING - GNN failed on rep 5: PyTorch not installed. Cannot use GNN method.
2026-10-09 03:00:52,059 - WARNING - GNN failed on rep 6: PyTorch not installed. Cannot use GNN method.
2026-10-09 03:00:53,077 - WARNING - GNN failed on rep 7: PyTorch not installed. Cannot use GNN method.
2026-10-09 03:00:54,125 - WARNING - GNN failed on rep 8: PyTorch not installed. Cannot use GNN method.
2026-10-09 03:00:55,158 - WARNING - GNN failed on rep 9: PyTorch not installed. Cannot use GNN method.
2026-10-09 03:00:56,189 - WARNING - GNN failed on rep 10: PyTorch not installed. Cannot use GNN method.
2026-10-09 03:00:57,213 - WARNING - GNN failed on rep 11: PyTorch not installed. Cannot use GNN method.
2026-10-09 03:00:58,221 - WARNING - GNN failed on rep 12: PyTorch not installed. Cannot use GNN method.
2026-10-09 03:00:59,265 - WARNING - GNN failed on rep 13: PyTorch not installed. Cannot use GNN method.
2026-10-09 03:01:00,306 - WARNING - GNN failed on rep 14: PyTorch not installed. Cannot use GNN method.
2026-10-09 03:01:01,411 - WARNING - GNN failed on rep 15: PyTorch not installed. Cannot use GNN method.
2026-10-09 03:01:02,448 - WARNING - GNN failed on rep 16: PyTorch not installed. Cannot use GNN method.
2026-10-09 03:01:03,511 - WARNING - GNN failed on rep 17: PyTorch not installed. Cannot use GNN method.
2026-10-09 03:01:04,602 - WARNING - GNN failed on rep 18: PyTorch not installed. Cannot use GNN method.
2026-10-09 03:01:05,801 - WARNING - GNN failed on rep 19: PyTorch not installed. Cannot use GNN method.
2026-10-09 03:01:06,871 - WARNING - GNN failed on rep 20: PyTorch not installed. Cannot use GNN method.
2026-10-09 03:01:07,931 - WARNING - GNN failed on rep 21: PyTorch not installed. Cannot use GNN method.
2026-10-09 03:01:08,994 - WARNING - GNN failed on rep 22: PyTorch not installed. Cannot use GNN method.
2026-10-09 03:01:10,059 - WARNING - GNN failed on rep 23: PyTorch not installed. Cannot use GNN method.
2026-10-09 03:01:11,105 - WARNING - GNN failed on rep 24: PyTorch not installed. Cannot use GNN method.
2026-10-09 03:01:12,166 - WARNING - GNN failed on rep 25: PyTorch not installed. Cannot use GNN method.
2026-10-09 03:01:13,194 - WARNING - GNN failed on rep 26: PyTorch not installed. Cannot use GNN method.
2026-10-09 03:01:14,231 - WARNING - GNN failed on rep 27: PyTorch not installed. Cannot use GNN method.
2026-10-09 03:01:15,584 - WARNING - GNN failed on rep 28: PyTorch not installed. Cannot use GNN method.
2026-10-09 03:01:17,025 - WARNING - GNN failed on rep 29: PyTorch not installed. Cannot use GNN method.
2026-10-09 03:01:18,092 - WARNING - GNN failed on rep 30: PyTorch not installed. Cannot use GNN method.
2026-10-09 03:01:19,216 - WARNING - GNN failed on rep 31: PyTorch not installed. Cannot use GNN method.
2026-10-09 03:01:20,317 - WARNING - GNN failed on rep 32: PyTorch not installed. Cannot use GNN method.
2026-10-09 03:01:21,353 - WARNING - GNN failed on rep 33: PyTorch not installed. Cannot use GNN method.
2026-10-09 03:01:22,395 - WARNING - GNN failed on rep 34: PyTorch not installed. Cannot use GNN method.
2026-10-09 03:01:23,447 - WARNING - GNN failed on rep 35: PyTorch not installed. Cannot use GNN method.
2026-10-09 03:01:24,491 - WARNING - GNN failed on rep 36: PyTorch not installed. Cannot use GNN method.
2026-10-09 03:01:25,644 - WARNING - GNN failed on rep 37: PyTorch not installed. Cannot use GNN method.
2026-10-09 03:01:26,699 - WARNING - GNN failed on rep 38: PyTorch not installed. Cannot use GNN method.
2026-10-09 03:01:27,982 - WARNING - GNN failed on rep 39: PyTorch not installed. Cannot use GNN method.
2026-10-09 03:01:29,674 - WARNING - GNN failed on rep 40: PyTorch not installed. Cannot use GNN method.
2026-10-09 03:01:30,785 - WARNING - GNN failed on rep 41: PyTorch not installed. Cannot use GNN method.
2026-10-09 03:01:31,832 - WARNING - GNN failed on rep 42: PyTorch not installed. Cannot use GNN method.
2026-10-09 03:01:32,906 - WARNING - GNN failed on rep 43: PyTorch not installed. Cannot use GNN method.
2026-10-09 03:01:33,936 - WARNING - GNN failed on rep 44: PyTorch not installed. Cannot use GNN method.
2026-10-09 03:01:34,960 - WARNING - GNN failed on rep 45: PyTorch not installed. Cannot use GNN method.
2026-10-09 03:01:36,044 - WARNING - GNN failed on rep 46: PyTorch not installed. Cannot use GNN method.
2026-10-09 03:01:37,081 - WARNING - GNN failed on rep 47: PyTorch not installed. Cannot use GNN method.
2026-10-09 03:01:38,140 - WARNING - GNN failed on rep 48: PyTorch not installed. Cannot use GNN method.
2026-10-09 03:01:39,190 - WARNING - GNN failed on rep 49: PyTorch not installed. Cannot use GNN method.
2026-10-09 03:01:40,232 - WARNING - GNN failed on rep 50: PyTorch not installed. Cannot use GNN method.
2026-10-09 03:01:41,285 - WARNING - GNN failed on rep 51: PyTorch not installed. Cannot use GNN method.
2026-10-09 03:01:42,324 - WARNING - GNN failed on rep 52: PyTorch not installed. Cannot use GNN method.
2026-10-09 03:01:43,359 - WARNING - GNN failed on rep 53: PyTorch not installed. Cannot use GNN method.
2026-10-09 03:01:44,496 - WARNING - GNN failed on rep 54: PyTorch not installed. Cannot use GNN method.
2026-10-09 03:01:45,504 - WARNING - GNN failed on rep 55: PyTorch not installed. Cannot use GNN method.
2026-10-09 03:01:46,538 - WARNING - GNN failed on rep 56: PyTorch not installed. Cannot use GNN method.
2026-10-09 03:01:47,637 - WARNING - GNN failed on rep 57: PyTorch not installed. Cannot use GNN method.
2026-10-09 03:01:48,686 - WARNING - GNN failed on rep 58: PyTorch not installed. Cannot use GNN method.
2026-10-09 03:01:49,733 - WARNING - GNN failed on rep 59: PyTorch not installed. Cannot use GNN method.
2026-10-09 03:01:50,804 - WARNING - GNN failed on rep 60: PyTorch not installed. Cannot use GNN method.
2026-10-09 03:01:51,812 - WARNING - GNN failed on rep 61: PyTorch not installed. Cannot use GNN method.
2026-10-09 03:01:52,829 - WARNING - GNN failed on rep 62: PyTorch not installed. Cannot use GNN method.
2026-10-09 03:01:53,936 - WARNING - GNN failed on rep 63: PyTorch not installed. Cannot use GNN method.
2026-10-09 03:01:55,014 - WARNING - GNN failed on rep 64: PyTorch not installed. Cannot use GNN method.
2026-10-09 03:01:56,076 - WARNING - GNN failed on rep 65: PyTorch not installed. Cannot use GNN method.
2026-10-09 03:01:57,106 - WARNING - GNN failed on rep 66: PyTorch not installed. Cannot use GNN method.
2026-10-09 03:01:58,131 - WARNING - GNN failed on rep 67: PyTorch not installed. Cannot use GNN method.
2026-10-09 03:01:59,191 - WARNING - GNN failed on rep 68: PyTorch not installed. Cannot use GNN method.
2026-10-09 03:02:00,238 - WARNING - GNN failed on rep 69: PyTorch not installed. Cannot use GNN method.
2026-10-09 03:02:01,327 - WARNING - GNN failed on rep 70: PyTorch not installed. Cannot use GNN method.
2026-10-09 03:02:02,495 - WARNING - GNN failed on rep 71: PyTorch not installed. Cannot use GNN method.
2026-10-09 03:02:03,552 - WARNING - GNN failed on rep 72: PyTorch not installed. Cannot use GNN method.
2026-10-09 03:02:04,599 - WARNING - GNN failed on rep 73: PyTorch not installed. Cannot use GNN method.
2026-10-09 03:02:05,656 - WARNING - GNN failed on rep 74: PyTorch not installed. Cannot use GNN method.
2026-10-09 03:02:06,680 - WARNING - GNN failed on rep 75: PyTorch not installed. Cannot use GNN method.
2026-10-09 03:02:07,717 - WARNING - GNN failed on rep 76: PyTorch not installed. Cannot use GNN method.
2026-10-09 03:02:08,767 - WARNING - GNN failed on rep 77: PyTorch not installed. Cannot use GNN method.
2026-10-09 03:02:09,845 - WARNING - GNN failed on rep 78: PyTorch not installed. Cannot use GNN method.
2026-10-09 03:02:10,867 - WARNING - GNN failed on rep 79: PyTorch not installed. Cannot use GNN method.
2026-10-09 03:02:11,907 - WARNING - GNN failed on rep 80: PyTorch not installed. Cannot use GNN method.
2026-10-09 03:02:12,934 - WARNING - GNN failed on rep 81: PyTorch not installed. Cannot use GNN method.
2026-10-09 03:02:13,962 - WARNING - GNN failed on rep 82: PyTorch not installed. Cannot use GNN method.
2026-10-09 03:02:15,029 - WARNING - GNN failed on rep 83: PyTorch not installed. Cannot use GNN method.
2026-10-09 03:02:16,077 - WARNING - GNN failed on rep 84: PyTorch not installed. Cannot use GNN method.
2026-10-09 03:02:17,131 - WARNING - GNN failed on rep 85: PyTorch not installed. Cannot use GNN method.
2026-10-09 03:02:18,184 - WARNING - GNN failed on rep 86: PyTorch not installed. Cannot use GNN method.
2026-10-09 03:02:19,361 - WARNING - GNN failed on rep 87: PyTorch not installed. Cannot use GNN method.
2026-10-09 03:02:20,401 - WARNING - GNN failed on rep 88: PyTorch not installed. Cannot use GNN method.
2026-10-09 03:02:21,575 - WARNING - GNN failed on rep 89: PyTorch not installed. Cannot use GNN method.
2026-10-09 03:02:22,656 - WARNING - GNN failed on rep 90: PyTorch not installed. Cannot use GNN method.
2026-10-09 03:02:23,696 - WARNING - GNN failed on rep 91: PyTorch not installed. Cannot use GNN method.
2026-10-09 03:02:24,722 - WARNING - GNN failed on rep 92: PyTorch not installed. Cannot use GNN method.
2026-10-09 03:02:25,808 - WARNING - GNN failed on rep 93: PyTorch not installed. Cannot use GNN method.
2026-10-09 03:02:26,862 - WARNING - GNN failed on rep 94: PyTorch not installed. Cannot use GNN method.
2026-10-09 03:02:28,342 - WARNING - GNN failed on rep 95: PyTorch not installed. Cannot use GNN method.
2026-10-09 03:02:29,425 - WARNING - GNN failed on rep 96: PyTorch not installed. Cannot use GNN method.
2026-10-09 03:02:30,491 - WARNING - GNN failed on rep 97: PyTorch not installed. Cannot use GNN method.
2026-10-09 03:02:31,523 - WARNING - GNN failed on rep 98: PyTorch not installed. Cannot use GNN method.
2026-10-09 03:02:32,619 - WARNING - GNN failed on rep 99: PyTorch not installed. Cannot use GNN method.
2026-10-09 03:02:32,629 - INFO - Completed: T100_N0.3_D4_DF5
2026-10-09 03:02:32,633 - INFO - Configuration 29/90
2026-10-09 03:02:32,634 - INFO - Starting configuration: T100_N0.3_D2_DF10
2026-10-09 03:02:34,095 - WARNING - GNN failed on rep 0: PyTorch not installed. Cannot use GNN method.
2026-10-09 03:02:35,195 - WARNING - GNN failed on rep 1: PyTorch not installed. Cannot use GNN method.
2026-10-09 03:02:36,210 - WARNING - GNN failed on rep 2: PyTorch not installed. Cannot use GNN method.
2026-10-09 03:02:37,260 - WARNING - GNN failed on rep 3: PyTorch not installed. Cannot use GNN method.
2026-10-09 03:02:38,294 - WARNING - GNN failed on rep 4: PyTorch not installed. Cannot use GNN method.
2026-10-09 03:02:39,455 - WARNING - GNN failed on rep 5: PyTorch not installed. Cannot use GNN method.
2026-10-09 03:02:40,491 - WARNING - GNN failed on rep 6: PyTorch not installed. Cannot use GNN method.
2026-10-09 03:02:41,527 - WARNING - GNN failed on rep 7: PyTorch not installed. Cannot use GNN method.
2026-10-09 03:02:42,567 - WARNING - GNN failed on rep 8: PyTorch not installed. Cannot use GNN method.
2026-10-09 03:02:43,692 - WARNING - GNN failed on rep 9: PyTorch not installed. Cannot use GNN method.
2026-10-09 03:02:44,698 - WARNING - GNN failed on rep 10: PyTorch not installed. Cannot use GNN method.
2026-10-09 03:02:45,747 - WARNING - GNN failed on rep 11: PyTorch not installed. Cannot use GNN method.
2026-10-09 03:02:46,750 - WARNING - GNN failed on rep 12: PyTorch not installed. Cannot use GNN method.
2026-10-09 03:02:47,745 - WARNING - GNN failed on rep 13: PyTorch not installed. Cannot use GNN method.
2026-10-09 03:02:48,743 - WARNING - GNN failed on rep 14: PyTorch not installed. Cannot use GNN method.
2026-10-09 03:02:49,734 - WARNING - GNN failed on rep 15: PyTorch not installed. Cannot use GNN method.
2026-10-09 03:02:50,757 - WARNING - GNN failed on rep 16: PyTorch not installed. Cannot use GNN method.
2026-10-09 03:02:51,780 - WARNING - GNN failed on rep 17: PyTorch not installed. Cannot use GNN method.
2026-10-09 03:02:52,802 - WARNING - GNN failed on rep 18: PyTorch not installed. Cannot use GNN method.
2026-10-09 03:02:53,809 - WARNING - GNN failed on rep 19: PyTorch not installed. Cannot use GNN method.
2026-10-09 03:02:54,813 - WARNING - GNN failed on rep 20: PyTorch not installed. Cannot use GNN method.
2026-10-09 03:02:55,835 - WARNING - GNN failed on rep 21: PyTorch not installed. Cannot use GNN method.
2026-10-09 03:02:56,970 - WARNING - GNN failed on rep 22: PyTorch not installed. Cannot use GNN method.
2026-10-09 03:02:57,959 - WARNING - GNN failed on rep 23: PyTorch not installed. Cannot use GNN method.
2026-10-09 03:02:59,033 - WARNING - GNN failed on rep 24: PyTorch not installed. Cannot use GNN method.
2026-10-09 03:03:00,039 - WARNING - GNN failed on rep 25: PyTorch not installed. Cannot use GNN method.
2026-10-09 03:03:01,057 - WARNING - GNN failed on rep 26: PyTorch not installed. Cannot use GNN method.
2026-10-09 03:03:02,061 - WARNING - GNN failed on rep 27: PyTorch not installed. Cannot use GNN method.
2026-10-09 03:03:03,042 - WARNING - GNN failed on rep 28: PyTorch not installed. Cannot use GNN method.
2026-10-09 03:03:04,083 - WARNING - GNN failed on rep 29: PyTorch not installed. Cannot use GNN method.
2026-10-09 03:03:05,085 - WARNING - GNN failed on rep 30: PyTorch not installed. Cannot use GNN method.
2026-10-09 03:03:06,305 - WARNING - GNN failed on rep 31: PyTorch not installed. Cannot use GNN method.
2026-10-09 03:03:07,646 - WARNING - GNN failed on rep 32: PyTorch not installed. Cannot use GNN method.
2026-10-09 03:03:08,717 - WARNING - GNN failed on rep 33: PyTorch not installed. Cannot use GNN method.
2026-10-09 03:03:09,886 - WARNING - GNN failed on rep 34: PyTorch not installed. Cannot use GNN method.
2026-10-09 03:03:10,936 - WARNING - GNN failed on rep 35: PyTorch not installed. Cannot use GNN method.
2026-10-09 03:03:11,958 - WARNING - GNN failed on rep 36: PyTorch not installed. Cannot use GNN method.
2026-10-09 03:03:13,056 - WARNING - GNN failed on rep 37: PyTorch not installed. Cannot use GNN method.
2026-10-09 03:03:14,056 - WARNING - GNN failed on rep 38: PyTorch not installed. Cannot use GNN method.
2026-10-09 03:03:15,226 - WARNING - GNN failed on rep 39: PyTorch not installed. Cannot use GNN method.
2026-10-09 03:03:16,235 - WARNING - GNN failed on rep 40: PyTorch not installed. Cannot use GNN method.
2026-10-09 03:03:17,265 - WARNING - GNN failed on rep 41: PyTorch not installed. Cannot use GNN method.
2026-10-09 03:03:18,302 - WARNING - GNN failed on rep 42: PyTorch not installed. Cannot use GNN method.
2026-10-09 03:03:19,305 - WARNING - GNN failed on rep 43: PyTorch not installed. Cannot use GNN method.
2026-10-09 03:03:20,346 - WARNING - GNN failed on rep 44: PyTorch not installed. Cannot use GNN method.
2026-10-09 03:03:21,367 - WARNING - GNN failed on rep 45: PyTorch not installed. Cannot use GNN method.
2026-10-09 03:03:22,419 - WARNING - GNN failed on rep 46: PyTorch not installed. Cannot use GNN method.
2026-10-09 03:03:23,449 - WARNING - GNN failed on rep 47: PyTorch not installed. Cannot use GNN method.
2026-10-09 03:03:24,463 - WARNING - GNN failed on rep 48: PyTorch not installed. Cannot use GNN method.
2026-10-09 03:03:25,519 - WARNING - GNN failed on rep 49: PyTorch not installed. Cannot use GNN method.
2026-10-09 03:03:26,541 - WARNING - GNN failed on rep 50: PyTorch not installed. Cannot use GNN method.
2026-10-09 03:03:27,552 - WARNING - GNN failed on rep 51: PyTorch not installed. Cannot use GNN method.
2026-10-09 03:03:29,205 - WARNING - GNN failed on rep 52: PyTorch not installed. Cannot use GNN method.
2026-10-09 03:03:30,498 - WARNING - GNN failed on rep 53: PyTorch not installed. Cannot use GNN method.
2026-10-09 03:03:31,520 - WARNING - GNN failed on rep 54: PyTorch not installed. Cannot use GNN method.
2026-10-09 03:03:32,561 - WARNING - GNN failed on rep 55: PyTorch not installed. Cannot use GNN method.
2026-10-09 03:03:33,616 - WARNING - GNN failed on rep 56: PyTorch not installed. Cannot use GNN method.
2026-10-09 03:03:34,748 - WARNING - GNN failed on rep 57: PyTorch not installed. Cannot use GNN method.
2026-10-09 03:03:35,774 - WARNING - GNN failed on rep 58: PyTorch not installed. Cannot use GNN method.
2026-10-09 03:03:36,829 - WARNING - GNN failed on rep 59: PyTorch not installed. Cannot use GNN method.
2026-10-09 03:03:37,871 - WARNING - GNN failed on rep 60: PyTorch not installed. Cannot use GNN method.
2026-10-09 03:03:38,889 - WARNING - GNN failed on rep 61: PyTorch not installed. Cannot use GNN method.
2026-10-09 03:03:39,899 - WARNING - GNN failed on rep 62: PyTorch not installed. Cannot use GNN method.
2026-10-09 03:03:40,920 - WARNING - GNN failed on rep 63: PyTorch not installed. Cannot use GNN method.
2026-10-09 03:03:42,124 - WARNING - GNN failed on rep 64: PyTorch not installed. Cannot use GNN method.
2026-10-09 03:03:43,157 - WARNING - GNN failed on rep 65: PyTorch not installed. Cannot use GNN method.
2026-10-09 03:03:44,185 - WARNING - GNN failed on rep 66: PyTorch not installed. Cannot use GNN method.
2026-10-09 03:03:45,270 - WARNING - GNN failed on rep 67: PyTorch not installed. Cannot use GNN method.
2026-10-09 03:03:46,291 - WARNING - GNN failed on rep 68: PyTorch not installed. Cannot use GNN method.
2026-10-09 03:03:47,314 - WARNING - GNN failed on rep 69: PyTorch not installed. Cannot use GNN method.
2026-10-09 03:03:48,360 - WARNING - GNN failed on rep 70: PyTorch not installed. Cannot use GNN method.
2026-10-09 03:03:49,392 - WARNING - GNN failed on rep 71: PyTorch not installed. Cannot use GNN method.
2026-10-09 03:03:50,441 - WARNING - GNN failed on rep 72: PyTorch not installed. Cannot use GNN method.
2026-10-09 03:03:51,473 - WARNING - GNN failed on rep 73: PyTorch not installed. Cannot use GNN method.
2026-10-09 03:03:52,490 - WARNING - GNN failed on rep 74: PyTorch not installed. Cannot use GNN method.
2026-10-09 03:03:53,642 - WARNING - GNN failed on rep 75: PyTorch not installed. Cannot use GNN method.
2026-10-09 03:03:54,687 - WARNING - GNN failed on rep 76: PyTorch not installed. Cannot use GNN method.
2026-10-09 03:03:55,707 - WARNING - GNN failed on rep 77: PyTorch not installed. Cannot use GNN method.
2026-10-09 03:03:56,753 - WARNING - GNN failed on rep 78: PyTorch not installed. Cannot use GNN method.
2026-10-09 03:03:57,778 - WARNING - GNN failed on rep 79: PyTorch not installed. Cannot use GNN method.
2026-10-09 03:03:58,805 - WARNING - GNN failed on rep 80: PyTorch not installed. Cannot use GNN method.
2026-10-09 03:03:59,884 - WARNING - GNN failed on rep 81: PyTorch not installed. Cannot use GNN method.
2026-10-09 03:04:00,913 - WARNING - GNN failed on rep 82: PyTorch not installed. Cannot use GNN method.
2026-10-09 03:04:02,012 - WARNING - GNN failed on rep 83: PyTorch not installed. Cannot use GNN method.
2026-10-09 03:04:03,092 - WARNING - GNN failed on rep 84: PyTorch not installed. Cannot use GNN method.
2026-10-09 03:04:04,145 - WARNING - GNN failed on rep 85: PyTorch not installed. Cannot use GNN method.
2026-10-09 03:04:05,285 - WARNING - GNN failed on rep 86: PyTorch not installed. Cannot use GNN method.
2026-10-09 03:04:06,358 - WARNING - GNN failed on rep 87: PyTorch not installed. Cannot use GNN method.
2026-10-09 03:04:07,390 - WARNING - GNN failed on rep 88: PyTorch not installed. Cannot use GNN method.
2026-10-09 03:04:08,420 - WARNING - GNN failed on rep 89: PyTorch not installed. Cannot use GNN method.
2026-10-09 03:04:09,451 - WARNING - GNN failed on rep 90: PyTorch not installed. Cannot use GNN method.
2026-10-09 03:04:10,480 - WARNING - GNN failed on rep 91: PyTorch not installed. Cannot use GNN method.
2026-10-09 03:04:11,507 - WARNING - GNN failed on rep 92: PyTorch not installed. Cannot use GNN method.
2026-10-09 03:04:12,682 - WARNING - GNN failed on rep 93: PyTorch not installed. Cannot use GNN method.
2026-10-09 03:04:13,722 - WARNING - GNN failed on rep 94: PyTorch not installed. Cannot use GNN method.
2026-10-09 03:04:14,753 - WARNING - GNN failed on rep 95: PyTorch not installed. Cannot use GNN method.
2026-10-09 03:04:15,783 - WARNING - GNN failed on rep 96: PyTorch not installed. Cannot use GNN method.
2026-10-09 03:04:16,796 - WARNING - GNN failed on rep 97: PyTorch not installed. Cannot use GNN method.
2026-10-09 03:04:17,826 - WARNING - GNN failed on rep 98: PyTorch not installed. Cannot use GNN method.
2026-10-09 03:04:18,843 - WARNING - GNN failed on rep 99: PyTorch not installed. Cannot use GNN method.
2026-10-09 03:04:18,850 - INFO - Completed: T100_N0.3_D2_DF10
2026-10-09 03:04:18,855 - INFO - Configuration 30/90
2026-10-09 03:04:18,855 - INFO - Starting configuration: T100_N0.3_D4_DF10
2026-10-09 03:04:20,251 - WARNING - GNN failed on rep 0: PyTorch not installed. Cannot use GNN method.
2026-10-09 03:04:21,253 - WARNING - GNN failed on rep 1: PyTorch not installed. Cannot use GNN method.
2026-10-09 03:04:22,305 - WARNING - GNN failed on rep 2: PyTorch not installed. Cannot use GNN method.
2026-10-09 03:04:23,311 - WARNING - GNN failed on rep 3: PyTorch not installed. Cannot use GNN method.
2026-10-09 03:04:24,329 - WARNING - GNN failed on rep 4: PyTorch not installed. Cannot use GNN method.
2026-10-09 03:04:25,361 - WARNING - GNN failed on rep 5: PyTorch not installed. Cannot use GNN method.
2026-10-09 03:04:26,408 - WARNING - GNN failed on rep 6: PyTorch not installed. Cannot use GNN method.
2026-10-09 03:04:27,429 - WARNING - GNN failed on rep 7: PyTorch not installed. Cannot use GNN method.
2026-10-09 03:04:29,066 - WARNING - GNN failed on rep 8: PyTorch not installed. Cannot use GNN method.
2026-10-09 03:04:30,229 - WARNING - GNN failed on rep 9: PyTorch not installed. Cannot use GNN method.
2026-10-09 03:04:31,248 - WARNING - GNN failed on rep 10: PyTorch not installed. Cannot use GNN method.
2026-10-09 03:04:32,278 - WARNING - GNN failed on rep 11: PyTorch not installed. Cannot use GNN method.
2026-10-09 03:04:33,307 - WARNING - GNN failed on rep 12: PyTorch not installed. Cannot use GNN method.
2026-10-09 03:04:34,343 - WARNING - GNN failed on rep 13: PyTorch not installed. Cannot use GNN method.
2026-10-09 03:04:35,365 - WARNING - GNN failed on rep 14: PyTorch not installed. Cannot use GNN method.
2026-10-09 03:04:36,415 - WARNING - GNN failed on rep 15: PyTorch not installed. Cannot use GNN method.
2026-10-09 03:04:37,442 - WARNING - GNN failed on rep 16: PyTorch not installed. Cannot use GNN method.
2026-10-09 03:04:38,462 - WARNING - GNN failed on rep 17: PyTorch not installed. Cannot use GNN method.
2026-10-09 03:04:39,474 - WARNING - GNN failed on rep 18: PyTorch not installed. Cannot use GNN method.
2026-10-09 03:04:40,503 - WARNING - GNN failed on rep 19: PyTorch not installed. Cannot use GNN method.
2026-10-09 03:04:41,579 - WARNING - GNN failed on rep 20: PyTorch not installed. Cannot use GNN method.
2026-10-09 03:04:42,603 - WARNING - GNN failed on rep 21: PyTorch not installed. Cannot use GNN method.
2026-10-09 03:04:43,632 - WARNING - GNN failed on rep 22: PyTorch not installed. Cannot use GNN method.
2026-10-09 03:04:44,682 - WARNING - GNN failed on rep 23: PyTorch not installed. Cannot use GNN method.
2026-10-09 03:04:45,725 - WARNING - GNN failed on rep 24: PyTorch not installed. Cannot use GNN method.
2026-10-09 03:04:46,779 - WARNING - GNN failed on rep 25: PyTorch not installed. Cannot use GNN method.
2026-10-09 03:04:47,809 - WARNING - GNN failed on rep 26: PyTorch not installed. Cannot use GNN method.
2026-10-09 03:04:48,965 - WARNING - GNN failed on rep 27: PyTorch not installed. Cannot use GNN method.
2026-10-09 03:04:50,063 - WARNING - GNN failed on rep 28: PyTorch not installed. Cannot use GNN method.
2026-10-09 03:04:51,077 - WARNING - GNN failed on rep 29: PyTorch not installed. Cannot use GNN method.
2026-10-09 03:04:52,103 - WARNING - GNN failed on rep 30: PyTorch not installed. Cannot use GNN method.
2026-10-09 03:04:53,173 - WARNING - GNN failed on rep 31: PyTorch not installed. Cannot use GNN method.
2026-10-09 03:04:54,182 - WARNING - GNN failed on rep 32: PyTorch not installed. Cannot use GNN method.
2026-10-09 03:04:55,267 - WARNING - GNN failed on rep 33: PyTorch not installed. Cannot use GNN method.
2026-10-09 03:04:56,319 - WARNING - GNN failed on rep 34: PyTorch not installed. Cannot use GNN method.
2026-10-09 03:04:57,355 - WARNING - GNN failed on rep 35: PyTorch not installed. Cannot use GNN method.
2026-10-09 03:04:58,406 - WARNING - GNN failed on rep 36: PyTorch not installed. Cannot use GNN method.
2026-10-09 03:04:59,436 - WARNING - GNN failed on rep 37: PyTorch not installed. Cannot use GNN method.
2026-10-09 03:05:00,450 - WARNING - GNN failed on rep 38: PyTorch not installed. Cannot use GNN method.
2026-10-09 03:05:01,495 - WARNING - GNN failed on rep 39: PyTorch not installed. Cannot use GNN method.
2026-10-09 03:05:02,530 - WARNING - GNN failed on rep 40: PyTorch not installed. Cannot use GNN method.
2026-10-09 03:05:03,564 - WARNING - GNN failed on rep 41: PyTorch not installed. Cannot use GNN method.
2026-10-09 03:05:04,642 - WARNING - GNN failed on rep 42: PyTorch not installed. Cannot use GNN method.
2026-10-09 03:05:05,694 - WARNING - GNN failed on rep 43: PyTorch not installed. Cannot use GNN method.
2026-10-09 03:05:06,884 - WARNING - GNN failed on rep 44: PyTorch not installed. Cannot use GNN method.
2026-10-09 03:05:08,087 - WARNING - GNN failed on rep 45: PyTorch not installed. Cannot use GNN method.
2026-10-09 03:05:09,126 - WARNING - GNN failed on rep 46: PyTorch not installed. Cannot use GNN method.
2026-10-09 03:05:10,188 - WARNING - GNN failed on rep 47: PyTorch not installed. Cannot use GNN method.
2026-10-09 03:05:11,266 - WARNING - GNN failed on rep 48: PyTorch not installed. Cannot use GNN method.
2026-10-09 03:05:12,341 - WARNING - GNN failed on rep 49: PyTorch not installed. Cannot use GNN method.
2026-10-09 03:05:13,381 - WARNING - GNN failed on rep 50: PyTorch not installed. Cannot use GNN method.
2026-10-09 03:05:14,619 - WARNING - GNN failed on rep 51: PyTorch not installed. Cannot use GNN method.
2026-10-09 03:05:15,640 - WARNING - GNN failed on rep 52: PyTorch not installed. Cannot use GNN method.
2026-10-09 03:05:16,853 - WARNING - GNN failed on rep 53: PyTorch not installed. Cannot use GNN method.
2026-10-09 03:05:17,909 - WARNING - GNN failed on rep 54: PyTorch not installed. Cannot use GNN method.
2026-10-09 03:05:19,006 - WARNING - GNN failed on rep 55: PyTorch not installed. Cannot use GNN method.
2026-10-09 03:05:20,053 - WARNING - GNN failed on rep 56: PyTorch not installed. Cannot use GNN method.
2026-10-09 03:05:21,136 - WARNING - GNN failed on rep 57: PyTorch not installed. Cannot use GNN method.
2026-10-09 03:05:22,197 - WARNING - GNN failed on rep 58: PyTorch not installed. Cannot use GNN method.
2026-10-09 03:05:23,273 - WARNING - GNN failed on rep 59: PyTorch not installed. Cannot use GNN method.
2026-10-09 03:05:24,294 - WARNING - GNN failed on rep 60: PyTorch not installed. Cannot use GNN method.
2026-10-09 03:05:25,353 - WARNING - GNN failed on rep 61: PyTorch not installed. Cannot use GNN method.
2026-10-09 03:05:26,525 - WARNING - GNN failed on rep 62: PyTorch not installed. Cannot use GNN method.
2026-10-09 03:05:27,584 - WARNING - GNN failed on rep 63: PyTorch not installed. Cannot use GNN method.
2026-10-09 03:05:29,305 - WARNING - GNN failed on rep 64: PyTorch not installed. Cannot use GNN method.
2026-10-09 03:05:30,368 - WARNING - GNN failed on rep 65: PyTorch not installed. Cannot use GNN method.
2026-10-09 03:05:31,380 - WARNING - GNN failed on rep 66: PyTorch not installed. Cannot use GNN method.
2026-10-09 03:05:32,444 - WARNING - GNN failed on rep 67: PyTorch not installed. Cannot use GNN method.
2026-10-09 03:05:33,507 - WARNING - GNN failed on rep 68: PyTorch not installed. Cannot use GNN method.
2026-10-09 03:05:34,522 - WARNING - GNN failed on rep 69: PyTorch not installed. Cannot use GNN method.
2026-10-09 03:05:35,574 - WARNING - GNN failed on rep 70: PyTorch not installed. Cannot use GNN method.
2026-10-09 03:05:36,671 - WARNING - GNN failed on rep 71: PyTorch not installed. Cannot use GNN method.
2026-10-09 03:05:37,693 - WARNING - GNN failed on rep 72: PyTorch not installed. Cannot use GNN method.
2026-10-09 03:05:38,752 - WARNING - GNN failed on rep 73: PyTorch not installed. Cannot use GNN method.
2026-10-09 03:05:39,790 - WARNING - GNN failed on rep 74: PyTorch not installed. Cannot use GNN method.
2026-10-09 03:05:40,825 - WARNING - GNN failed on rep 75: PyTorch not installed. Cannot use GNN method.
2026-10-09 03:05:41,848 - WARNING - GNN failed on rep 76: PyTorch not installed. Cannot use GNN method.
2026-10-09 03:05:42,873 - WARNING - GNN failed on rep 77: PyTorch not installed. Cannot use GNN method.
2026-10-09 03:05:43,897 - WARNING - GNN failed on rep 78: PyTorch not installed. Cannot use GNN method.
2026-10-09 03:05:45,056 - WARNING - GNN failed on rep 79: PyTorch not installed. Cannot use GNN method.
2026-10-09 03:05:46,082 - WARNING - GNN failed on rep 80: PyTorch not installed. Cannot use GNN method.
2026-10-09 03:05:47,146 - WARNING - GNN failed on rep 81: PyTorch not installed. Cannot use GNN method.
2026-10-09 03:05:48,199 - WARNING - GNN failed on rep 82: PyTorch not installed. Cannot use GNN method.
2026-10-09 03:05:49,211 - WARNING - GNN failed on rep 83: PyTorch not installed. Cannot use GNN method.
2026-10-09 03:05:50,239 - WARNING - GNN failed on rep 84: PyTorch not installed. Cannot use GNN method.
2026-10-09 03:05:51,248 - WARNING - GNN failed on rep 85: PyTorch not installed. Cannot use GNN method.
2026-10-09 03:05:52,273 - WARNING - GNN failed on rep 86: PyTorch not installed. Cannot use GNN method.
2026-10-09 03:05:53,301 - WARNING - GNN failed on rep 87: PyTorch not installed. Cannot use GNN method.
2026-10-09 03:05:54,332 - WARNING - GNN failed on rep 88: PyTorch not installed. Cannot use GNN method.
2026-10-09 03:05:55,349 - WARNING - GNN failed on rep 89: PyTorch not installed. Cannot use GNN method.
2026-10-09 03:05:56,386 - WARNING - GNN failed on rep 90: PyTorch not installed. Cannot use GNN method.
2026-10-09 03:05:57,419 - WARNING - GNN failed on rep 91: PyTorch not installed. Cannot use GNN method.
2026-10-09 03:05:58,437 - WARNING - GNN failed on rep 92: PyTorch not installed. Cannot use GNN method.
2026-10-09 03:05:59,456 - WARNING - GNN failed on rep 93: PyTorch not installed. Cannot use GNN method.
2026-10-09 03:06:00,489 - WARNING - GNN failed on rep 94: PyTorch not installed. Cannot use GNN method.
2026-10-09 03:06:01,507 - WARNING - GNN failed on rep 95: PyTorch not installed. Cannot use GNN method.
2026-10-09 03:06:02,522 - WARNING - GNN failed on rep 96: PyTorch not installed. Cannot use GNN method.
2026-10-09 03:06:03,651 - WARNING - GNN failed on rep 97: PyTorch not installed. Cannot use GNN method.
2026-10-09 03:06:04,661 - WARNING - GNN failed on rep 98: PyTorch not installed. Cannot use GNN method.
2026-10-09 03:06:05,682 - WARNING - GNN failed on rep 99: PyTorch not installed. Cannot use GNN method.
2026-10-09 03:06:05,689 - INFO - Completed: T100_N0.3_D4_DF10
2026-10-09 03:06:05,692 - INFO - Configuration 31/90
2026-10-09 03:06:05,692 - INFO - Starting configuration: T100_N0.5_D2_DF3
2026-10-09 03:06:07,054 - WARNING - GNN failed on rep 0: PyTorch not installed. Cannot use GNN method.
2026-10-09 03:06:08,075 - WARNING - GNN failed on rep 1: PyTorch not installed. Cannot use GNN method.
2026-10-09 03:06:09,127 - WARNING - GNN failed on rep 2: PyTorch not installed. Cannot use GNN method.
2026-10-09 03:06:10,165 - WARNING - GNN failed on rep 3: PyTorch not installed. Cannot use GNN method.
2026-10-09 03:06:11,237 - WARNING - GNN failed on rep 4: PyTorch not installed. Cannot use GNN method.
2026-10-09 03:06:12,263 - WARNING - GNN failed on rep 5: PyTorch not installed. Cannot use GNN method.
2026-10-09 03:06:13,285 - WARNING - GNN failed on rep 6: PyTorch not installed. Cannot use GNN method.
2026-10-09 03:06:14,307 - WARNING - GNN failed on rep 7: PyTorch not installed. Cannot use GNN method.
2026-10-09 03:06:15,345 - WARNING - GNN failed on rep 8: PyTorch not installed. Cannot use GNN method.
2026-10-09 03:06:16,369 - WARNING - GNN failed on rep 9: PyTorch not installed. Cannot use GNN method.
2026-10-09 03:06:17,397 - WARNING - GNN failed on rep 10: PyTorch not installed. Cannot use GNN method.
2026-10-09 03:06:18,404 - WARNING - GNN failed on rep 11: PyTorch not installed. Cannot use GNN method.
2026-10-09 03:06:19,446 - WARNING - GNN failed on rep 12: PyTorch not installed. Cannot use GNN method.
2026-10-09 03:06:20,597 - WARNING - GNN failed on rep 13: PyTorch not installed. Cannot use GNN method.
2026-10-09 03:06:21,618 - WARNING - GNN failed on rep 14: PyTorch not installed. Cannot use GNN method.
2026-10-09 03:06:22,637 - WARNING - GNN failed on rep 15: PyTorch not installed. Cannot use GNN method.
2026-10-09 03:06:23,706 - WARNING - GNN failed on rep 16: PyTorch not installed. Cannot use GNN method.
2026-10-09 03:06:24,770 - WARNING - GNN failed on rep 17: PyTorch not installed. Cannot use GNN method.
2026-10-09 03:06:25,846 - WARNING - GNN failed on rep 18: PyTorch not installed. Cannot use GNN method.
2026-10-09 03:06:26,913 - WARNING - GNN failed on rep 19: PyTorch not installed. Cannot use GNN method.
2026-10-09 03:06:28,379 - WARNING - GNN failed on rep 20: PyTorch not installed. Cannot use GNN method.
2026-10-09 03:06:29,555 - WARNING - GNN failed on rep 21: PyTorch not installed. Cannot use GNN method.
2026-10-09 03:06:30,588 - WARNING - GNN failed on rep 22: PyTorch not installed. Cannot use GNN method.
2026-10-09 03:06:31,671 - WARNING - GNN failed on rep 23: PyTorch not installed. Cannot use GNN method.
2026-10-09 03:06:32,712 - WARNING - GNN failed on rep 24: PyTorch not installed. Cannot use GNN method.
2026-10-09 03:06:33,730 - WARNING - GNN failed on rep 25: PyTorch not installed. Cannot use GNN method.
2026-10-09 03:06:34,760 - WARNING - GNN failed on rep 26: PyTorch not installed. Cannot use GNN method.
2026-10-09 03:06:35,845 - WARNING - GNN failed on rep 27: PyTorch not installed. Cannot use GNN method.
2026-10-09 03:06:36,906 - WARNING - GNN failed on rep 28: PyTorch not installed. Cannot use GNN method.
2026-10-09 03:06:37,945 - WARNING - GNN failed on rep 29: PyTorch not installed. Cannot use GNN method.
2026-10-09 03:06:38,978 - WARNING - GNN failed on rep 30: PyTorch not installed. Cannot use GNN method.
2026-10-09 03:06:40,116 - WARNING - GNN failed on rep 31: PyTorch not installed. Cannot use GNN method.
2026-10-09 03:06:41,139 - WARNING - GNN failed on rep 32: PyTorch not installed. Cannot use GNN method.
2026-10-09 03:06:42,177 - WARNING - GNN failed on rep 33: PyTorch not installed. Cannot use GNN method.
2026-10-09 03:06:43,196 - WARNING - GNN failed on rep 34: PyTorch not installed. Cannot use GNN method.
2026-10-09 03:06:44,231 - WARNING - GNN failed on rep 35: PyTorch not installed. Cannot use GNN method.
2026-10-09 03:06:45,263 - WARNING - GNN failed on rep 36: PyTorch not installed. Cannot use GNN method.
2026-10-09 03:06:46,313 - WARNING - GNN failed on rep 37: PyTorch not installed. Cannot use GNN method.
2026-10-09 03:06:47,335 - WARNING - GNN failed on rep 38: PyTorch not installed. Cannot use GNN method.
2026-10-09 03:06:48,352 - WARNING - GNN failed on rep 39: PyTorch not installed. Cannot use GNN method.
2026-10-09 03:06:49,446 - WARNING - GNN failed on rep 40: PyTorch not installed. Cannot use GNN method.
2026-10-09 03:06:50,473 - WARNING - GNN failed on rep 41: PyTorch not installed. Cannot use GNN method.
2026-10-09 03:06:51,488 - WARNING - GNN failed on rep 42: PyTorch not installed. Cannot use GNN method.
2026-10-09 03:06:52,543 - WARNING - GNN failed on rep 43: PyTorch not installed. Cannot use GNN method.
2026-10-09 03:06:53,583 - WARNING - GNN failed on rep 44: PyTorch not installed. Cannot use GNN method.
2026-10-09 03:06:54,608 - WARNING - GNN failed on rep 45: PyTorch not installed. Cannot use GNN method.
2026-10-09 03:06:55,626 - WARNING - GNN failed on rep 46: PyTorch not installed. Cannot use GNN method.
2026-10-09 03:06:56,690 - WARNING - GNN failed on rep 47: PyTorch not installed. Cannot use GNN method.
2026-10-09 03:06:57,845 - WARNING - GNN failed on rep 48: PyTorch not installed. Cannot use GNN method.
2026-10-09 03:06:58,902 - WARNING - GNN failed on rep 49: PyTorch not installed. Cannot use GNN method.
2026-10-09 03:06:59,956 - WARNING - GNN failed on rep 50: PyTorch not installed. Cannot use GNN method.
2026-10-09 03:07:01,020 - WARNING - GNN failed on rep 51: PyTorch not installed. Cannot use GNN method.
2026-10-09 03:07:02,071 - WARNING - GNN failed on rep 52: PyTorch not installed. Cannot use GNN method.
2026-10-09 03:07:03,079 - WARNING - GNN failed on rep 53: PyTorch not installed. Cannot use GNN method.
2026-10-09 03:07:04,124 - WARNING - GNN failed on rep 54: PyTorch not installed. Cannot use GNN method.
2026-10-09 03:07:05,219 - WARNING - GNN failed on rep 55: PyTorch not installed. Cannot use GNN method.
2026-10-09 03:07:06,265 - WARNING - GNN failed on rep 56: PyTorch not installed. Cannot use GNN method.
2026-10-09 03:07:07,288 - WARNING - GNN failed on rep 57: PyTorch not installed. Cannot use GNN method.
2026-10-09 03:07:08,426 - WARNING - GNN failed on rep 58: PyTorch not installed. Cannot use GNN method.
2026-10-09 03:07:09,431 - WARNING - GNN failed on rep 59: PyTorch not installed. Cannot use GNN method.
2026-10-09 03:07:10,504 - WARNING - GNN failed on rep 60: PyTorch not installed. Cannot use GNN method.
2026-10-09 03:07:11,780 - WARNING - GNN failed on rep 61: PyTorch not installed. Cannot use GNN method.
2026-10-09 03:07:12,830 - WARNING - GNN failed on rep 62: PyTorch not installed. Cannot use GNN method.
2026-10-09 03:07:13,897 - WARNING - GNN failed on rep 63: PyTorch not installed. Cannot use GNN method.
2026-10-09 03:07:14,906 - WARNING - GNN failed on rep 64: PyTorch not installed. Cannot use GNN method.
2026-10-09 03:07:15,935 - WARNING - GNN failed on rep 65: PyTorch not installed. Cannot use GNN method.
2026-10-09 03:07:17,141 - WARNING - GNN failed on rep 66: PyTorch not installed. Cannot use GNN method.
2026-10-09 03:07:18,177 - WARNING - GNN failed on rep 67: PyTorch not installed. Cannot use GNN method.
2026-10-09 03:07:19,220 - WARNING - GNN failed on rep 68: PyTorch not installed. Cannot use GNN method.
2026-10-09 03:07:20,290 - WARNING - GNN failed on rep 69: PyTorch not installed. Cannot use GNN method.
2026-10-09 03:07:21,320 - WARNING - GNN failed on rep 70: PyTorch not installed. Cannot use GNN method.
2026-10-09 03:07:22,349 - WARNING - GNN failed on rep 71: PyTorch not installed. Cannot use GNN method.
2026-10-09 03:07:23,361 - WARNING - GNN failed on rep 72: PyTorch not installed. Cannot use GNN method.
2026-10-09 03:07:24,419 - WARNING - GNN failed on rep 73: PyTorch not installed. Cannot use GNN method.
2026-10-09 03:07:25,423 - WARNING - GNN failed on rep 74: PyTorch not installed. Cannot use GNN method.
2026-10-09 03:07:26,456 - WARNING - GNN failed on rep 75: PyTorch not installed. Cannot use GNN method.
2026-10-09 03:07:27,519 - WARNING - GNN failed on rep 76: PyTorch not installed. Cannot use GNN method.
2026-10-09 03:07:29,014 - WARNING - GNN failed on rep 77: PyTorch not installed. Cannot use GNN method.
2026-10-09 03:07:30,061 - WARNING - GNN failed on rep 78: PyTorch not installed. Cannot use GNN method.
2026-10-09 03:07:31,140 - WARNING - GNN failed on rep 79: PyTorch not installed. Cannot use GNN method.
2026-10-09 03:07:32,165 - WARNING - GNN failed on rep 80: PyTorch not installed. Cannot use GNN method.
2026-10-09 03:07:33,188 - WARNING - GNN failed on rep 81: PyTorch not installed. Cannot use GNN method.
2026-10-09 03:07:34,247 - WARNING - GNN failed on rep 82: PyTorch not installed. Cannot use GNN method.
2026-10-09 03:07:35,290 - WARNING - GNN failed on rep 83: PyTorch not installed. Cannot use GNN method.
2026-10-09 03:07:36,436 - WARNING - GNN failed on rep 84: PyTorch not installed. Cannot use GNN method.
2026-10-09 03:07:37,464 - WARNING - GNN failed on rep 85: PyTorch not installed. Cannot use GNN method.
2026-10-09 03:07:38,490 - WARNING - GNN failed on rep 86: PyTorch not installed. Cannot use GNN method.
2026-10-09 03:07:39,518 - WARNING - GNN failed on rep 87: PyTorch not installed. Cannot use GNN method.
2026-10-09 03:07:40,551 - WARNING - GNN failed on rep 88: PyTorch not installed. Cannot use GNN method.
2026-10-09 03:07:41,626 - WARNING - GNN failed on rep 89: PyTorch not installed. Cannot use GNN method.
2026-10-09 03:07:42,683 - WARNING - GNN failed on rep 90: PyTorch not installed. Cannot use GNN method.
2026-10-09 03:07:43,725 - WARNING - GNN failed on rep 91: PyTorch not installed. Cannot use GNN method.
2026-10-09 03:07:44,814 - WARNING - GNN failed on rep 92: PyTorch not installed. Cannot use GNN method.
2026-10-09 03:07:45,855 - WARNING - GNN failed on rep 93: PyTorch not installed. Cannot use GNN method.
2026-10-09 03:07:46,923 - WARNING - GNN failed on rep 94: PyTorch not installed. Cannot use GNN method.
2026-10-09 03:07:47,970 - WARNING - GNN failed on rep 95: PyTorch not installed. Cannot use GNN method.
2026-10-09 03:07:48,989 - WARNING - GNN failed on rep 96: PyTorch not installed. Cannot use GNN method.
2026-10-09 03:07:50,006 - WARNING - GNN failed on rep 97: PyTorch not installed. Cannot use GNN method.
2026-10-09 03:07:51,063 - WARNING - GNN failed on rep 98: PyTorch not installed. Cannot use GNN method.
2026-10-09 03:07:52,105 - WARNING - GNN failed on rep 99: PyTorch not installed. Cannot use GNN method.
2026-10-09 03:07:52,115 - INFO - Completed: T100_N0.5_D2_DF3
2026-10-09 03:07:52,118 - INFO - Configuration 32/90
2026-10-09 03:07:52,118 - INFO - Starting configuration: T100_N0.5_D4_DF3
2026-10-09 03:07:53,692 - WARNING - GNN failed on rep 0: PyTorch not installed. Cannot use GNN method.
2026-10-09 03:07:54,730 - WARNING - GNN failed on rep 1: PyTorch not installed. Cannot use GNN method.
2026-10-09 03:07:55,816 - WARNING - GNN failed on rep 2: PyTorch not installed. Cannot use GNN method.
2026-10-09 03:07:56,816 - WARNING - GNN failed on rep 3: PyTorch not installed. Cannot use GNN method.
2026-10-09 03:07:57,862 - WARNING - GNN failed on rep 4: PyTorch not installed. Cannot use GNN method.
2026-10-09 03:07:58,903 - WARNING - GNN failed on rep 5: PyTorch not installed. Cannot use GNN method.
2026-10-09 03:07:59,977 - WARNING - GNN failed on rep 6: PyTorch not installed. Cannot use GNN method.
2026-10-09 03:08:01,024 - WARNING - GNN failed on rep 7: PyTorch not installed. Cannot use GNN method.
2026-10-09 03:08:02,019 - WARNING - GNN failed on rep 8: PyTorch not installed. Cannot use GNN method.
2026-10-09 03:08:03,017 - WARNING - GNN failed on rep 9: PyTorch not installed. Cannot use GNN method.
2026-10-09 03:08:04,073 - WARNING - GNN failed on rep 10: PyTorch not installed. Cannot use GNN method.
2026-10-09 03:08:05,110 - WARNING - GNN failed on rep 11: PyTorch not installed. Cannot use GNN method.
2026-10-09 03:08:06,152 - WARNING - GNN failed on rep 12: PyTorch not installed. Cannot use GNN method.
2026-10-09 03:08:07,177 - WARNING - GNN failed on rep 13: PyTorch not installed. Cannot use GNN method.
2026-10-09 03:08:08,230 - WARNING - GNN failed on rep 14: PyTorch not installed. Cannot use GNN method.
2026-10-09 03:08:09,246 - WARNING - GNN failed on rep 15: PyTorch not installed. Cannot use GNN method.
2026-10-09 03:08:10,267 - WARNING - GNN failed on rep 16: PyTorch not installed. Cannot use GNN method.
2026-10-09 03:08:11,355 - WARNING - GNN failed on rep 17: PyTorch not installed. Cannot use GNN method.
2026-10-09 03:08:12,478 - WARNING - GNN failed on rep 18: PyTorch not installed. Cannot use GNN method.
2026-10-09 03:08:13,487 - WARNING - GNN failed on rep 19: PyTorch not installed. Cannot use GNN method.
2026-10-09 03:08:14,499 - WARNING - GNN failed on rep 20: PyTorch not installed. Cannot use GNN method.
2026-10-09 03:08:15,554 - WARNING - GNN failed on rep 21: PyTorch not installed. Cannot use GNN method.
2026-10-09 03:08:16,599 - WARNING - GNN failed on rep 22: PyTorch not installed. Cannot use GNN method.
2026-10-09 03:08:17,669 - WARNING - GNN failed on rep 23: PyTorch not installed. Cannot use GNN method.
2026-10-09 03:08:18,685 - WARNING - GNN failed on rep 24: PyTorch not installed. Cannot use GNN method.
2026-10-09 03:08:19,771 - WARNING - GNN failed on rep 25: PyTorch not installed. Cannot use GNN method.
2026-10-09 03:08:20,770 - WARNING - GNN failed on rep 26: PyTorch not installed. Cannot use GNN method.
2026-10-09 03:08:21,829 - WARNING - GNN failed on rep 27: PyTorch not installed. Cannot use GNN method.
2026-10-09 03:08:22,886 - WARNING - GNN failed on rep 28: PyTorch not installed. Cannot use GNN method.
2026-10-09 03:08:24,031 - WARNING - GNN failed on rep 29: PyTorch not installed. Cannot use GNN method.
2026-10-09 03:08:25,171 - WARNING - GNN failed on rep 30: PyTorch not installed. Cannot use GNN method.
2026-10-09 03:08:26,225 - WARNING - GNN failed on rep 31: PyTorch not installed. Cannot use GNN method.
2026-10-09 03:08:27,247 - WARNING - GNN failed on rep 32: PyTorch not installed. Cannot use GNN method.
2026-10-09 03:08:28,818 - WARNING - GNN failed on rep 33: PyTorch not installed. Cannot use GNN method.
2026-10-09 03:08:29,852 - WARNING - GNN failed on rep 34: PyTorch not installed. Cannot use GNN method.
2026-10-09 03:08:30,874 - WARNING - GNN failed on rep 35: PyTorch not installed. Cannot use GNN method.
2026-10-09 03:08:32,068 - WARNING - GNN failed on rep 36: PyTorch not installed. Cannot use GNN method.
2026-10-09 03:08:33,126 - WARNING - GNN failed on rep 37: PyTorch not installed. Cannot use GNN method.
2026-10-09 03:08:34,503 - WARNING - GNN failed on rep 38: PyTorch not installed. Cannot use GNN method.
2026-10-09 03:08:35,578 - WARNING - GNN failed on rep 39: PyTorch not installed. Cannot use GNN method.
2026-10-09 03:08:36,627 - WARNING - GNN failed on rep 40: PyTorch not installed. Cannot use GNN method.
2026-10-09 03:08:37,689 - WARNING - GNN failed on rep 41: PyTorch not installed. Cannot use GNN method.
2026-10-09 03:08:38,734 - WARNING - GNN failed on rep 42: PyTorch not installed. Cannot use GNN method.
2026-10-09 03:08:39,751 - WARNING - GNN failed on rep 43: PyTorch not installed. Cannot use GNN method.
2026-10-09 03:08:40,778 - WARNING - GNN failed on rep 44: PyTorch not installed. Cannot use GNN method.
2026-10-09 03:08:41,810 - WARNING - GNN failed on rep 45: PyTorch not installed. Cannot use GNN method.
2026-10-09 03:08:42,827 - WARNING - GNN failed on rep 46: PyTorch not installed. Cannot use GNN method.
2026-10-09 03:08:43,864 - WARNING - GNN failed on rep 47: PyTorch not installed. Cannot use GNN method.
2026-10-09 03:08:44,929 - WARNING - GNN failed on rep 48: PyTorch not installed. Cannot use GNN method.
2026-10-09 03:08:45,937 - WARNING - GNN failed on rep 49: PyTorch not installed. Cannot use GNN method.
2026-10-09 03:08:46,952 - WARNING - GNN failed on rep 50: PyTorch not installed. Cannot use GNN method.
2026-10-09 03:08:47,991 - WARNING - GNN failed on rep 51: PyTorch not installed. Cannot use GNN method.
2026-10-09 03:08:49,019 - WARNING - GNN failed on rep 52: PyTorch not installed. Cannot use GNN method.
2026-10-09 03:08:50,071 - WARNING - GNN failed on rep 53: PyTorch not installed. Cannot use GNN method.
2026-10-09 03:08:51,251 - WARNING - GNN failed on rep 54: PyTorch not installed. Cannot use GNN method.
2026-10-09 03:08:52,300 - WARNING - GNN failed on rep 55: PyTorch not installed. Cannot use GNN method.
2026-10-09 03:08:53,332 - WARNING - GNN failed on rep 56: PyTorch not installed. Cannot use GNN method.
2026-10-09 03:08:54,347 - WARNING - GNN failed on rep 57: PyTorch not installed. Cannot use GNN method.
2026-10-09 03:08:55,392 - WARNING - GNN failed on rep 58: PyTorch not installed. Cannot use GNN method.
2026-10-09 03:08:56,435 - WARNING - GNN failed on rep 59: PyTorch not installed. Cannot use GNN method.
2026-10-09 03:08:57,500 - WARNING - GNN failed on rep 60: PyTorch not installed. Cannot use GNN method.
2026-10-09 03:08:58,525 - WARNING - GNN failed on rep 61: PyTorch not installed. Cannot use GNN method.
2026-10-09 03:08:59,541 - WARNING - GNN failed on rep 62: PyTorch not installed. Cannot use GNN method.
2026-10-09 03:09:00,554 - WARNING - GNN failed on rep 63: PyTorch not installed. Cannot use GNN method.
2026-10-09 03:09:01,616 - WARNING - GNN failed on rep 64: PyTorch not installed. Cannot use GNN method.
2026-10-09 03:09:02,905 - WARNING - GNN failed on rep 65: PyTorch not installed. Cannot use GNN method.
2026-10-09 03:09:03,964 - WARNING - GNN failed on rep 66: PyTorch not installed. Cannot use GNN method.
2026-10-09 03:09:05,049 - WARNING - GNN failed on rep 67: PyTorch not installed. Cannot use GNN method.
2026-10-09 03:09:06,272 - WARNING - GNN failed on rep 68: PyTorch not installed. Cannot use GNN method.
2026-10-09 03:09:07,506 - WARNING - GNN failed on rep 69: PyTorch not installed. Cannot use GNN method.
2026-10-09 03:09:08,675 - WARNING - GNN failed on rep 70: PyTorch not installed. Cannot use GNN method.
2026-10-09 03:09:09,969 - WARNING - GNN failed on rep 71: PyTorch not installed. Cannot use GNN method.
2026-10-09 03:09:10,994 - WARNING - GNN failed on rep 72: PyTorch not installed. Cannot use GNN method.
2026-10-09 03:09:12,125 - WARNING - GNN failed on rep 73: PyTorch not installed. Cannot use GNN method.
2026-10-09 03:09:13,204 - WARNING - GNN failed on rep 74: PyTorch not installed. Cannot use GNN method.
2026-10-09 03:09:14,239 - WARNING - GNN failed on rep 75: PyTorch not installed. Cannot use GNN method.
2026-10-09 03:09:15,285 - WARNING - GNN failed on rep 76: PyTorch not installed. Cannot use GNN method.
2026-10-09 03:09:16,321 - WARNING - GNN failed on rep 77: PyTorch not installed. Cannot use GNN method.
2026-10-09 03:09:17,463 - WARNING - GNN failed on rep 78: PyTorch not installed. Cannot use GNN method.
2026-10-09 03:09:18,505 - WARNING - GNN failed on rep 79: PyTorch not installed. Cannot use GNN method.
2026-10-09 03:09:19,595 - WARNING - GNN failed on rep 80: PyTorch not installed. Cannot use GNN method.
2026-10-09 03:09:20,663 - WARNING - GNN failed on rep 81: PyTorch not installed. Cannot use GNN method.
2026-10-09 03:09:21,704 - WARNING - GNN failed on rep 82: PyTorch not installed. Cannot use GNN method.
2026-10-09 03:09:22,756 - WARNING - GNN failed on rep 83: PyTorch not installed. Cannot use GNN method.
2026-10-09 03:09:23,784 - WARNING - GNN failed on rep 84: PyTorch not installed. Cannot use GNN method.
2026-10-09 03:09:24,833 - WARNING - GNN failed on rep 85: PyTorch not installed. Cannot use GNN method.
2026-10-09 03:09:25,858 - WARNING - GNN failed on rep 86: PyTorch not installed. Cannot use GNN method.
2026-10-09 03:09:26,881 - WARNING - GNN failed on rep 87: PyTorch not installed. Cannot use GNN method.
2026-10-09 03:09:28,343 - WARNING - GNN failed on rep 88: PyTorch not installed. Cannot use GNN method.
2026-10-09 03:09:29,872 - WARNING - GNN failed on rep 89: PyTorch not installed. Cannot use GNN method.
2026-10-09 03:09:30,927 - WARNING - GNN failed on rep 90: PyTorch not installed. Cannot use GNN method.
2026-10-09 03:09:32,032 - WARNING - GNN failed on rep 91: PyTorch not installed. Cannot use GNN method.
2026-10-09 03:09:33,102 - WARNING - GNN failed on rep 92: PyTorch not installed. Cannot use GNN method.
2026-10-09 03:09:34,152 - WARNING - GNN failed on rep 93: PyTorch not installed. Cannot use GNN method.
2026-10-09 03:09:35,229 - WARNING - GNN failed on rep 94: PyTorch not installed. Cannot use GNN method.
2026-10-09 03:09:36,247 - WARNING - GNN failed on rep 95: PyTorch not installed. Cannot use GNN method.
2026-10-09 03:09:37,293 - WARNING - GNN failed on rep 96: PyTorch not installed. Cannot use GNN method.
2026-10-09 03:09:38,291 - WARNING - GNN failed on rep 97: PyTorch not installed. Cannot use GNN method.
2026-10-09 03:09:39,392 - WARNING - GNN failed on rep 98: PyTorch not installed. Cannot use GNN method.
2026-10-09 03:09:40,401 - WARNING - GNN failed on rep 99: PyTorch not installed. Cannot use GNN method.
2026-10-09 03:09:40,409 - INFO - Completed: T100_N0.5_D4_DF3
2026-10-09 03:09:40,413 - INFO - Configuration 33/90
2026-10-09 03:09:40,413 - INFO - Starting configuration: T100_N0.5_D2_DF5
2026-10-09 03:09:41,850 - WARNING - GNN failed on rep 0: PyTorch not installed. Cannot use GNN method.
2026-10-09 03:09:42,861 - WARNING - GNN failed on rep 1: PyTorch not installed. Cannot use GNN method.
2026-10-09 03:09:43,877 - WARNING - GNN failed on rep 2: PyTorch not installed. Cannot use GNN method.
2026-10-09 03:09:44,941 - WARNING - GNN failed on rep 3: PyTorch not installed. Cannot use GNN method.
2026-10-09 03:09:46,121 - WARNING - GNN failed on rep 4: PyTorch not installed. Cannot use GNN method.
2026-10-09 03:09:47,180 - WARNING - GNN failed on rep 5: PyTorch not installed. Cannot use GNN method.
2026-10-09 03:09:48,220 - WARNING - GNN failed on rep 6: PyTorch not installed. Cannot use GNN method.
2026-10-09 03:09:49,294 - WARNING - GNN failed on rep 7: PyTorch not installed. Cannot use GNN method.
2026-10-09 03:09:50,385 - WARNING - GNN failed on rep 8: PyTorch not installed. Cannot use GNN method.
2026-10-09 03:09:51,443 - WARNING - GNN failed on rep 9: PyTorch not installed. Cannot use GNN method.
2026-10-09 03:09:52,500 - WARNING - GNN failed on rep 10: PyTorch not installed. Cannot use GNN method.
2026-10-09 03:09:53,533 - WARNING - GNN failed on rep 11: PyTorch not installed. Cannot use GNN method.
2026-10-09 03:09:54,584 - WARNING - GNN failed on rep 12: PyTorch not installed. Cannot use GNN method.
2026-10-09 03:09:55,631 - WARNING - GNN failed on rep 13: PyTorch not installed. Cannot use GNN method.
2026-10-09 03:09:56,707 - WARNING - GNN failed on rep 14: PyTorch not installed. Cannot use GNN method.
2026-10-09 03:09:57,721 - WARNING - GNN failed on rep 15: PyTorch not installed. Cannot use GNN method.
2026-10-09 03:09:58,771 - WARNING - GNN failed on rep 16: PyTorch not installed. Cannot use GNN method.
2026-10-09 03:09:59,811 - WARNING - GNN failed on rep 17: PyTorch not installed. Cannot use GNN method.
2026-10-09 03:10:00,847 - WARNING - GNN failed on rep 18: PyTorch not installed. Cannot use GNN method.
2026-10-09 03:10:01,882 - WARNING - GNN failed on rep 19: PyTorch not installed. Cannot use GNN method.
2026-10-09 03:10:02,942 - WARNING - GNN failed on rep 20: PyTorch not installed. Cannot use GNN method.
2026-10-09 03:10:03,968 - WARNING - GNN failed on rep 21: PyTorch not installed. Cannot use GNN method.
2026-10-09 03:10:05,099 - WARNING - GNN failed on rep 22: PyTorch not installed. Cannot use GNN method.
2026-10-09 03:10:06,176 - WARNING - GNN failed on rep 23: PyTorch not installed. Cannot use GNN method.
2026-10-09 03:10:07,192 - WARNING - GNN failed on rep 24: PyTorch not installed. Cannot use GNN method.
2026-10-09 03:10:08,210 - WARNING - GNN failed on rep 25: PyTorch not installed. Cannot use GNN method.
2026-10-09 03:10:09,223 - WARNING - GNN failed on rep 26: PyTorch not installed. Cannot use GNN method.
2026-10-09 03:10:10,284 - WARNING - GNN failed on rep 27: PyTorch not installed. Cannot use GNN method.
2026-10-09 03:10:11,350 - WARNING - GNN failed on rep 28: PyTorch not installed. Cannot use GNN method.
2026-10-09 03:10:12,430 - WARNING - GNN failed on rep 29: PyTorch not installed. Cannot use GNN method.
2026-10-09 03:10:13,577 - WARNING - GNN failed on rep 30: PyTorch not installed. Cannot use GNN method.
2026-10-09 03:10:14,704 - WARNING - GNN failed on rep 31: PyTorch not installed. Cannot use GNN method.
2026-10-09 03:10:15,974 - WARNING - GNN failed on rep 32: PyTorch not installed. Cannot use GNN method.
2026-10-09 03:10:17,038 - WARNING - GNN failed on rep 33: PyTorch not installed. Cannot use GNN method.
2026-10-09 03:10:18,206 - WARNING - GNN failed on rep 34: PyTorch not installed. Cannot use GNN method.
2026-10-09 03:10:19,400 - WARNING - GNN failed on rep 35: PyTorch not installed. Cannot use GNN method.
2026-10-09 03:10:20,438 - WARNING - GNN failed on rep 36: PyTorch not installed. Cannot use GNN method.
2026-10-09 03:10:21,477 - WARNING - GNN failed on rep 37: PyTorch not installed. Cannot use GNN method.
2026-10-09 03:10:22,492 - WARNING - GNN failed on rep 38: PyTorch not installed. Cannot use GNN method.
2026-10-09 03:10:23,504 - WARNING - GNN failed on rep 39: PyTorch not installed. Cannot use GNN method.
2026-10-09 03:10:24,664 - WARNING - GNN failed on rep 40: PyTorch not installed. Cannot use GNN method.
2026-10-09 03:10:25,688 - WARNING - GNN failed on rep 41: PyTorch not installed. Cannot use GNN method.
2026-10-09 03:10:26,736 - WARNING - GNN failed on rep 42: PyTorch not installed. Cannot use GNN method.
2026-10-09 03:10:27,843 - WARNING - GNN failed on rep 43: PyTorch not installed. Cannot use GNN method.
2026-10-09 03:10:29,352 - WARNING - GNN failed on rep 44: PyTorch not installed. Cannot use GNN method.
2026-10-09 03:10:30,398 - WARNING - GNN failed on rep 45: PyTorch not installed. Cannot use GNN method.
2026-10-09 03:10:31,491 - WARNING - GNN failed on rep 46: PyTorch not installed. Cannot use GNN method.
2026-10-09 03:10:32,574 - WARNING - GNN failed on rep 47: PyTorch not installed. Cannot use GNN method.
2026-10-09 03:10:33,664 - WARNING - GNN failed on rep 48: PyTorch not installed. Cannot use GNN method.
2026-10-09 03:10:34,700 - WARNING - GNN failed on rep 49: PyTorch not installed. Cannot use GNN method.
2026-10-09 03:10:35,766 - WARNING - GNN failed on rep 50: PyTorch not installed. Cannot use GNN method.
2026-10-09 03:10:36,815 - WARNING - GNN failed on rep 51: PyTorch not installed. Cannot use GNN method.
2026-10-09 03:10:37,840 - WARNING - GNN failed on rep 52: PyTorch not installed. Cannot use GNN method.
2026-10-09 03:10:38,861 - WARNING - GNN failed on rep 53: PyTorch not installed. Cannot use GNN method.
2026-10-09 03:10:39,929 - WARNING - GNN failed on rep 54: PyTorch not installed. Cannot use GNN method.
2026-10-09 03:10:41,104 - WARNING - GNN failed on rep 55: PyTorch not installed. Cannot use GNN method.
2026-10-09 03:10:42,150 - WARNING - GNN failed on rep 56: PyTorch not installed. Cannot use GNN method.
2026-10-09 03:10:43,197 - WARNING - GNN failed on rep 57: PyTorch not installed. Cannot use GNN method.
2026-10-09 03:10:44,252 - WARNING - GNN failed on rep 58: PyTorch not installed. Cannot use GNN method.
2026-10-09 03:10:45,371 - WARNING - GNN failed on rep 59: PyTorch not installed. Cannot use GNN method.
2026-10-09 03:10:46,432 - WARNING - GNN failed on rep 60: PyTorch not installed. Cannot use GNN method.
2026-10-09 03:10:47,490 - WARNING - GNN failed on rep 61: PyTorch not installed. Cannot use GNN method.
2026-10-09 03:10:48,520 - WARNING - GNN failed on rep 62: PyTorch not installed. Cannot use GNN method.
2026-10-09 03:10:49,544 - WARNING - GNN failed on rep 63: PyTorch not installed. Cannot use GNN method.
2026-10-09 03:10:50,579 - WARNING - GNN failed on rep 64: PyTorch not installed. Cannot use GNN method.
2026-10-09 03:10:51,632 - WARNING - GNN failed on rep 65: PyTorch not installed. Cannot use GNN method.
2026-10-09 03:10:52,643 - WARNING - GNN failed on rep 66: PyTorch not installed. Cannot use GNN method.
2026-10-09 03:10:53,709 - WARNING - GNN failed on rep 67: PyTorch not installed. Cannot use GNN method.
2026-10-09 03:10:54,744 - WARNING - GNN failed on rep 68: PyTorch not installed. Cannot use GNN method.
2026-10-09 03:10:55,814 - WARNING - GNN failed on rep 69: PyTorch not installed. Cannot use GNN method.
2026-10-09 03:10:56,867 - WARNING - GNN failed on rep 70: PyTorch not installed. Cannot use GNN method.
2026-10-09 03:10:57,888 - WARNING - GNN failed on rep 71: PyTorch not installed. Cannot use GNN method.
2026-10-09 03:10:58,905 - WARNING - GNN failed on rep 72: PyTorch not installed. Cannot use GNN method.
2026-10-09 03:11:00,070 - WARNING - GNN failed on rep 73: PyTorch not installed. Cannot use GNN method.
2026-10-09 03:11:01,111 - WARNING - GNN failed on rep 74: PyTorch not installed. Cannot use GNN method.
2026-10-09 03:11:02,180 - WARNING - GNN failed on rep 75: PyTorch not installed. Cannot use GNN method.
2026-10-09 03:11:03,248 - WARNING - GNN failed on rep 76: PyTorch not installed. Cannot use GNN method.
2026-10-09 03:11:04,271 - WARNING - GNN failed on rep 77: PyTorch not installed. Cannot use GNN method.
2026-10-09 03:11:05,349 - WARNING - GNN failed on rep 78: PyTorch not installed. Cannot use GNN method.
2026-10-09 03:11:06,372 - WARNING - GNN failed on rep 79: PyTorch not installed. Cannot use GNN method.
2026-10-09 03:11:07,433 - WARNING - GNN failed on rep 80: PyTorch not installed. Cannot use GNN method.
2026-10-09 03:11:08,488 - WARNING - GNN failed on rep 81: PyTorch not installed. Cannot use GNN method.
2026-10-09 03:11:09,530 - WARNING - GNN failed on rep 82: PyTorch not installed. Cannot use GNN method.
2026-10-09 03:11:10,619 - WARNING - GNN failed on rep 83: PyTorch not installed. Cannot use GNN method.
2026-10-09 03:11:11,673 - WARNING - GNN failed on rep 84: PyTorch not installed. Cannot use GNN method.
2026-10-09 03:11:12,905 - WARNING - GNN failed on rep 85: PyTorch not installed. Cannot use GNN method.
2026-10-09 03:11:13,994 - WARNING - GNN failed on rep 86: PyTorch not installed. Cannot use GNN method.
2026-10-09 03:11:15,030 - WARNING - GNN failed on rep 87: PyTorch not installed. Cannot use GNN method.
2026-10-09 03:11:16,121 - WARNING - GNN failed on rep 88: PyTorch not installed. Cannot use GNN method.
2026-10-09 03:11:17,158 - WARNING - GNN failed on rep 89: PyTorch not installed. Cannot use GNN method.
2026-10-09 03:11:18,239 - WARNING - GNN failed on rep 90: PyTorch not installed. Cannot use GNN method.
2026-10-09 03:11:19,455 - WARNING - GNN failed on rep 91: PyTorch not installed. Cannot use GNN method.
2026-10-09 03:11:20,474 - WARNING - GNN failed on rep 92: PyTorch not installed. Cannot use GNN method.
2026-10-09 03:11:21,498 - WARNING - GNN failed on rep 93: PyTorch not installed. Cannot use GNN method.
2026-10-09 03:11:22,519 - WARNING - GNN failed on rep 94: PyTorch not installed. Cannot use GNN method.
2026-10-09 03:11:23,597 - WARNING - GNN failed on rep 95: PyTorch not installed. Cannot use GNN method.
2026-10-09 03:11:24,660 - WARNING - GNN failed on rep 96: PyTorch not installed. Cannot use GNN method.
2026-10-09 03:11:25,704 - WARNING - GNN failed on rep 97: PyTorch not installed. Cannot use GNN method.
2026-10-09 03:11:26,722 - WARNING - GNN failed on rep 98: PyTorch not installed. Cannot use GNN method.
2026-10-09 03:11:27,767 - WARNING - GNN failed on rep 99: PyTorch not installed. Cannot use GNN method.
2026-10-09 03:11:27,784 - INFO - Completed: T100_N0.5_D2_DF5
2026-10-09 03:11:27,811 - INFO - Configuration 34/90
2026-10-09 03:11:27,815 - INFO - Starting configuration: T100_N0.5_D4_DF5
2026-10-09 03:11:29,667 - WARNING - GNN failed on rep 0: PyTorch not installed. Cannot use GNN method.
2026-10-09 03:11:30,731 - WARNING - GNN failed on rep 1: PyTorch not installed. Cannot use GNN method.
2026-10-09 03:11:31,801 - WARNING - GNN failed on rep 2: PyTorch not installed. Cannot use GNN method.
2026-10-09 03:11:32,863 - WARNING - GNN failed on rep 3: PyTorch not installed. Cannot use GNN method.
2026-10-09 03:11:33,899 - WARNING - GNN failed on rep 4: PyTorch not installed. Cannot use GNN method.
2026-10-09 03:11:34,934 - WARNING - GNN failed on rep 5: PyTorch not installed. Cannot use GNN method.
2026-10-09 03:11:36,144 - WARNING - GNN failed on rep 6: PyTorch not installed. Cannot use GNN method.
2026-10-09 03:11:37,200 - WARNING - GNN failed on rep 7: PyTorch not installed. Cannot use GNN method.
2026-10-09 03:11:38,232 - WARNING - GNN failed on rep 8: PyTorch not installed. Cannot use GNN method.
2026-10-09 03:11:39,272 - WARNING - GNN failed on rep 9: PyTorch not installed. Cannot use GNN method.
2026-10-09 03:11:40,284 - WARNING - GNN failed on rep 10: PyTorch not installed. Cannot use GNN method.
2026-10-09 03:11:41,335 - WARNING - GNN failed on rep 11: PyTorch not installed. Cannot use GNN method.
2026-10-09 03:11:42,424 - WARNING - GNN failed on rep 12: PyTorch not installed. Cannot use GNN method.
2026-10-09 03:11:43,461 - WARNING - GNN failed on rep 13: PyTorch not installed. Cannot use GNN method.
2026-10-09 03:11:44,477 - WARNING - GNN failed on rep 14: PyTorch not installed. Cannot use GNN method.
2026-10-09 03:11:45,564 - WARNING - GNN failed on rep 15: PyTorch not installed. Cannot use GNN method.
2026-10-09 03:11:46,604 - WARNING - GNN failed on rep 16: PyTorch not installed. Cannot use GNN method.
2026-10-09 03:11:47,671 - WARNING - GNN failed on rep 17: PyTorch not installed. Cannot use GNN method.
2026-10-09 03:11:48,706 - WARNING - GNN failed on rep 18: PyTorch not installed. Cannot use GNN method.
2026-10-09 03:11:49,747 - WARNING - GNN failed on rep 19: PyTorch not installed. Cannot use GNN method.
2026-10-09 03:11:50,814 - WARNING - GNN failed on rep 20: PyTorch not installed. Cannot use GNN method.
2026-10-09 03:11:51,852 - WARNING - GNN failed on rep 21: PyTorch not installed. Cannot use GNN method.
2026-10-09 03:11:52,877 - WARNING - GNN failed on rep 22: PyTorch not installed. Cannot use GNN method.
2026-10-09 03:11:54,004 - WARNING - GNN failed on rep 23: PyTorch not installed. Cannot use GNN method.
2026-10-09 03:11:55,116 - WARNING - GNN failed on rep 24: PyTorch not installed. Cannot use GNN method.
2026-10-09 03:11:56,207 - WARNING - GNN failed on rep 25: PyTorch not installed. Cannot use GNN method.
2026-10-09 03:11:57,219 - WARNING - GNN failed on rep 26: PyTorch not installed. Cannot use GNN method.
2026-10-09 03:11:58,242 - WARNING - GNN failed on rep 27: PyTorch not installed. Cannot use GNN method.
2026-10-09 03:11:59,360 - WARNING - GNN failed on rep 28: PyTorch not installed. Cannot use GNN method.
2026-10-09 03:12:00,375 - WARNING - GNN failed on rep 29: PyTorch not installed. Cannot use GNN method.
2026-10-09 03:12:01,457 - WARNING - GNN failed on rep 30: PyTorch not installed. Cannot use GNN method.
2026-10-09 03:12:02,547 - WARNING - GNN failed on rep 31: PyTorch not installed. Cannot use GNN method.
2026-10-09 03:12:03,608 - WARNING - GNN failed on rep 32: PyTorch not installed. Cannot use GNN method.
2026-10-09 03:12:04,624 - WARNING - GNN failed on rep 33: PyTorch not installed. Cannot use GNN method.
2026-10-09 03:12:05,704 - WARNING - GNN failed on rep 34: PyTorch not installed. Cannot use GNN method.
2026-10-09 03:12:06,716 - WARNING - GNN failed on rep 35: PyTorch not installed. Cannot use GNN method.
2026-10-09 03:12:07,716 - WARNING - GNN failed on rep 36: PyTorch not installed. Cannot use GNN method.
2026-10-09 03:12:08,757 - WARNING - GNN failed on rep 37: PyTorch not installed. Cannot use GNN method.
2026-10-09 03:12:09,769 - WARNING - GNN failed on rep 38: PyTorch not installed. Cannot use GNN method.
2026-10-09 03:12:10,781 - WARNING - GNN failed on rep 39: PyTorch not installed. Cannot use GNN method.
2026-10-09 03:12:11,777 - WARNING - GNN failed on rep 40: PyTorch not installed. Cannot use GNN method.
2026-10-09 03:12:12,889 - WARNING - GNN failed on rep 41: PyTorch not installed. Cannot use GNN method.
2026-10-09 03:12:13,894 - WARNING - GNN failed on rep 42: PyTorch not installed. Cannot use GNN method.
2026-10-09 03:12:14,920 - WARNING - GNN failed on rep 43: PyTorch not installed. Cannot use GNN method.
2026-10-09 03:12:15,942 - WARNING - GNN failed on rep 44: PyTorch not installed. Cannot use GNN method.
2026-10-09 03:12:16,975 - WARNING - GNN failed on rep 45: PyTorch not installed. Cannot use GNN method.
2026-10-09 03:12:17,977 - WARNING - GNN failed on rep 46: PyTorch not installed. Cannot use GNN method.
2026-10-09 03:12:18,968 - WARNING - GNN failed on rep 47: PyTorch not installed. Cannot use GNN method.
2026-10-09 03:12:19,960 - WARNING - GNN failed on rep 48: PyTorch not installed. Cannot use GNN method.
2026-10-09 03:12:21,000 - WARNING - GNN failed on rep 49: PyTorch not installed. Cannot use GNN method.
2026-10-09 03:12:22,013 - WARNING - GNN failed on rep 50: PyTorch not installed. Cannot use GNN method.
2026-10-09 03:12:23,007 - WARNING - GNN failed on rep 51: PyTorch not installed. Cannot use GNN method.
2026-10-09 03:12:24,013 - WARNING - GNN failed on rep 52: PyTorch not installed. Cannot use GNN method.
2026-10-09 03:12:25,014 - WARNING - GNN failed on rep 53: PyTorch not installed. Cannot use GNN method.
2026-10-09 03:12:26,024 - WARNING - GNN failed on rep 54: PyTorch not installed. Cannot use GNN method.
2026-10-09 03:12:27,047 - WARNING - GNN failed on rep 55: PyTorch not installed. Cannot use GNN method.
2026-10-09 03:12:28,540 - WARNING - GNN failed on rep 56: PyTorch not installed. Cannot use GNN method.
2026-10-09 03:12:29,565 - WARNING - GNN failed on rep 57: PyTorch not installed. Cannot use GNN method.
2026-10-09 03:12:30,575 - WARNING - GNN failed on rep 58: PyTorch not installed. Cannot use GNN method.
2026-10-09 03:12:31,709 - WARNING - GNN failed on rep 59: PyTorch not installed. Cannot use GNN method.
2026-10-09 03:12:32,733 - WARNING - GNN failed on rep 60: PyTorch not installed. Cannot use GNN method.
2026-10-09 03:12:34,183 - WARNING - GNN failed on rep 61: PyTorch not installed. Cannot use GNN method.
2026-10-09 03:12:36,523 - WARNING - GNN failed on rep 62: PyTorch not installed. Cannot use GNN method.
2026-10-09 03:12:38,457 - WARNING - GNN failed on rep 63: PyTorch not installed. Cannot use GNN method.
2026-10-09 03:12:40,585 - WARNING - GNN failed on rep 64: PyTorch not installed. Cannot use GNN method.
2026-10-09 03:12:42,906 - WARNING - GNN failed on rep 65: PyTorch not installed. Cannot use GNN method.
2026-10-09 03:12:45,183 - WARNING - GNN failed on rep 66: PyTorch not installed. Cannot use GNN method.
2026-10-09 03:12:47,211 - WARNING - GNN failed on rep 67: PyTorch not installed. Cannot use GNN method.
2026-10-09 03:12:48,523 - WARNING - GNN failed on rep 68: PyTorch not installed. Cannot use GNN method.
2026-10-09 03:12:49,804 - WARNING - GNN failed on rep 69: PyTorch not installed. Cannot use GNN method.
2026-10-09 03:12:52,070 - WARNING - GNN failed on rep 70: PyTorch not installed. Cannot use GNN method.
2026-10-09 03:12:54,265 - WARNING - GNN failed on rep 71: PyTorch not installed. Cannot use GNN method.
2026-10-09 03:12:56,008 - WARNING - GNN failed on rep 72: PyTorch not installed. Cannot use GNN method.
2026-10-09 03:12:57,070 - WARNING - GNN failed on rep 73: PyTorch not installed. Cannot use GNN method.
2026-10-09 03:12:58,126 - WARNING - GNN failed on rep 74: PyTorch not installed. Cannot use GNN method.
2026-10-09 03:12:59,145 - WARNING - GNN failed on rep 75: PyTorch not installed. Cannot use GNN method.
2026-10-09 03:13:00,201 - WARNING - GNN failed on rep 76: PyTorch not installed. Cannot use GNN method.
2026-10-09 03:13:01,251 - WARNING - GNN failed on rep 77: PyTorch not installed. Cannot use GNN method.
2026-10-09 03:13:02,287 - WARNING - GNN failed on rep 78: PyTorch not installed. Cannot use GNN method.
2026-10-09 03:13:03,432 - WARNING - GNN failed on rep 79: PyTorch not installed. Cannot use GNN method.
2026-10-09 03:13:04,471 - WARNING - GNN failed on rep 80: PyTorch not installed. Cannot use GNN method.
2026-10-09 03:13:05,564 - WARNING - GNN failed on rep 81: PyTorch not installed. Cannot use GNN method.
2026-10-09 03:13:06,811 - WARNING - GNN failed on rep 82: PyTorch not installed. Cannot use GNN method.
2026-10-09 03:13:07,857 - WARNING - GNN failed on rep 83: PyTorch not installed. Cannot use GNN method.
2026-10-09 03:13:08,895 - WARNING - GNN failed on rep 84: PyTorch not installed. Cannot use GNN method.
2026-10-09 03:13:09,946 - WARNING - GNN failed on rep 85: PyTorch not installed. Cannot use GNN method.
2026-10-09 03:13:10,989 - WARNING - GNN failed on rep 86: PyTorch not installed. Cannot use GNN method.
2026-10-09 03:13:12,019 - WARNING - GNN failed on rep 87: PyTorch not installed. Cannot use GNN method.
2026-10-09 03:13:13,070 - WARNING - GNN failed on rep 88: PyTorch not installed. Cannot use GNN method.
2026-10-09 03:13:14,097 - WARNING - GNN failed on rep 89: PyTorch not installed. Cannot use GNN method.
2026-10-09 03:13:15,259 - WARNING - GNN failed on rep 90: PyTorch not installed. Cannot use GNN method.
2026-10-09 03:13:16,311 - WARNING - GNN failed on rep 91: PyTorch not installed. Cannot use GNN method.
2026-10-09 03:13:18,180 - WARNING - GNN failed on rep 92: PyTorch not installed. Cannot use GNN method.
2026-10-09 03:13:19,532 - WARNING - GNN failed on rep 93: PyTorch not installed. Cannot use GNN method.
2026-10-09 03:13:20,676 - WARNING - GNN failed on rep 94: PyTorch not installed. Cannot use GNN method.
2026-10-09 03:13:21,810 - WARNING - GNN failed on rep 95: PyTorch not installed. Cannot use GNN method.
2026-10-09 03:13:22,924 - WARNING - GNN failed on rep 96: PyTorch not installed. Cannot use GNN method.
2026-10-09 03:13:23,962 - WARNING - GNN failed on rep 97: PyTorch not installed. Cannot use GNN method.
2026-10-09 03:13:24,997 - WARNING - GNN failed on rep 98: PyTorch not installed. Cannot use GNN method.
2026-10-09 03:13:26,022 - WARNING - GNN failed on rep 99: PyTorch not installed. Cannot use GNN method.
2026-10-09 03:13:26,030 - INFO - Completed: T100_N0.5_D4_DF5
2026-10-09 03:13:26,033 - INFO - Configuration 35/90
2026-10-09 03:13:26,034 - INFO - Starting configuration: T100_N0.5_D2_DF10
2026-10-09 03:13:27,413 - WARNING - GNN failed on rep 0: PyTorch not installed. Cannot use GNN method.
2026-10-09 03:13:29,336 - WARNING - GNN failed on rep 1: PyTorch not installed. Cannot use GNN method.
2026-10-09 03:13:30,395 - WARNING - GNN failed on rep 2: PyTorch not installed. Cannot use GNN method.
2026-10-09 03:13:31,418 - WARNING - GNN failed on rep 3: PyTorch not installed. Cannot use GNN method.
2026-10-09 03:13:32,455 - WARNING - GNN failed on rep 4: PyTorch not installed. Cannot use GNN method.
2026-10-09 03:13:33,488 - WARNING - GNN failed on rep 5: PyTorch not installed. Cannot use GNN method.
2026-10-09 03:13:34,711 - WARNING - GNN failed on rep 6: PyTorch not installed. Cannot use GNN method.
2026-10-09 03:13:35,764 - WARNING - GNN failed on rep 7: PyTorch not installed. Cannot use GNN method.
2026-10-09 03:13:36,798 - WARNING - GNN failed on rep 8: PyTorch not installed. Cannot use GNN method.
2026-10-09 03:13:37,856 - WARNING - GNN failed on rep 9: PyTorch not installed. Cannot use GNN method.
2026-10-09 03:13:38,886 - WARNING - GNN failed on rep 10: PyTorch not installed. Cannot use GNN method.
2026-10-09 03:13:39,894 - WARNING - GNN failed on rep 11: PyTorch not installed. Cannot use GNN method.
2026-10-09 03:13:40,926 - WARNING - GNN failed on rep 12: PyTorch not installed. Cannot use GNN method.
2026-10-09 03:13:41,934 - WARNING - GNN failed on rep 13: PyTorch not installed. Cannot use GNN method.
2026-10-09 03:13:42,966 - WARNING - GNN failed on rep 14: PyTorch not installed. Cannot use GNN method.
2026-10-09 03:13:44,006 - WARNING - GNN failed on rep 15: PyTorch not installed. Cannot use GNN method.
2026-10-09 03:13:45,038 - WARNING - GNN failed on rep 16: PyTorch not installed. Cannot use GNN method.
2026-10-09 03:13:46,070 - WARNING - GNN failed on rep 17: PyTorch not installed. Cannot use GNN method.
2026-10-09 03:13:47,089 - WARNING - GNN failed on rep 18: PyTorch not installed. Cannot use GNN method.
2026-10-09 03:13:48,142 - WARNING - GNN failed on rep 19: PyTorch not installed. Cannot use GNN method.
2026-10-09 03:13:49,191 - WARNING - GNN failed on rep 20: PyTorch not installed. Cannot use GNN method.
2026-10-09 03:13:50,192 - WARNING - GNN failed on rep 21: PyTorch not installed. Cannot use GNN method.
2026-10-09 03:13:51,224 - WARNING - GNN failed on rep 22: PyTorch not installed. Cannot use GNN method.
2026-10-09 03:13:52,382 - WARNING - GNN failed on rep 23: PyTorch not installed. Cannot use GNN method.
2026-10-09 03:13:53,431 - WARNING - GNN failed on rep 24: PyTorch not installed. Cannot use GNN method.
2026-10-09 03:13:54,456 - WARNING - GNN failed on rep 25: PyTorch not installed. Cannot use GNN method.
2026-10-09 03:13:55,505 - WARNING - GNN failed on rep 26: PyTorch not installed. Cannot use GNN method.
2026-10-09 03:13:56,555 - WARNING - GNN failed on rep 27: PyTorch not installed. Cannot use GNN method.
2026-10-09 03:13:57,620 - WARNING - GNN failed on rep 28: PyTorch not installed. Cannot use GNN method.
2026-10-09 03:13:58,648 - WARNING - GNN failed on rep 29: PyTorch not installed. Cannot use GNN method.
2026-10-09 03:13:59,659 - WARNING - GNN failed on rep 30: PyTorch not installed. Cannot use GNN method.
2026-10-09 03:14:00,708 - WARNING - GNN failed on rep 31: PyTorch not installed. Cannot use GNN method.
2026-10-09 03:14:01,737 - WARNING - GNN failed on rep 32: PyTorch not installed. Cannot use GNN method.
2026-10-09 03:14:02,752 - WARNING - GNN failed on rep 33: PyTorch not installed. Cannot use GNN method.
2026-10-09 03:14:03,800 - WARNING - GNN failed on rep 34: PyTorch not installed. Cannot use GNN method.
2026-10-09 03:14:04,822 - WARNING - GNN failed on rep 35: PyTorch not installed. Cannot use GNN method.
2026-10-09 03:14:05,866 - WARNING - GNN failed on rep 36: PyTorch not installed. Cannot use GNN method.
2026-10-09 03:14:06,894 - WARNING - GNN failed on rep 37: PyTorch not installed. Cannot use GNN method.
2026-10-09 03:14:07,917 - WARNING - GNN failed on rep 38: PyTorch not installed. Cannot use GNN method.
2026-10-09 03:14:08,955 - WARNING - GNN failed on rep 39: PyTorch not installed. Cannot use GNN method.
2026-10-09 03:14:09,994 - WARNING - GNN failed on rep 40: PyTorch not installed. Cannot use GNN method.
2026-10-09 03:14:11,126 - WARNING - GNN failed on rep 41: PyTorch not installed. Cannot use GNN method.
2026-10-09 03:14:12,138 - WARNING - GNN failed on rep 42: PyTorch not installed. Cannot use GNN method.
2026-10-09 03:14:13,158 - WARNING - GNN failed on rep 43: PyTorch not installed. Cannot use GNN method.
2026-10-09 03:14:14,183 - WARNING - GNN failed on rep 44: PyTorch not installed. Cannot use GNN method.
2026-10-09 03:14:15,197 - WARNING - GNN failed on rep 45: PyTorch not installed. Cannot use GNN method.
2026-10-09 03:14:16,244 - WARNING - GNN failed on rep 46: PyTorch not installed. Cannot use GNN method.
2026-10-09 03:14:17,255 - WARNING - GNN failed on rep 47: PyTorch not installed. Cannot use GNN method.
2026-10-09 03:14:18,315 - WARNING - GNN failed on rep 48: PyTorch not installed. Cannot use GNN method.
2026-10-09 03:14:19,358 - WARNING - GNN failed on rep 49: PyTorch not installed. Cannot use GNN method.
2026-10-09 03:14:20,394 - WARNING - GNN failed on rep 50: PyTorch not installed. Cannot use GNN method.
2026-10-09 03:14:21,429 - WARNING - GNN failed on rep 51: PyTorch not installed. Cannot use GNN method.
2026-10-09 03:14:22,475 - WARNING - GNN failed on rep 52: PyTorch not installed. Cannot use GNN method.
2026-10-09 03:14:23,553 - WARNING - GNN failed on rep 53: PyTorch not installed. Cannot use GNN method.
2026-10-09 03:14:24,594 - WARNING - GNN failed on rep 54: PyTorch not installed. Cannot use GNN method.
2026-10-09 03:14:25,630 - WARNING - GNN failed on rep 55: PyTorch not installed. Cannot use GNN method.
2026-10-09 03:14:26,666 - WARNING - GNN failed on rep 56: PyTorch not installed. Cannot use GNN method.
2026-10-09 03:14:27,712 - WARNING - GNN failed on rep 57: PyTorch not installed. Cannot use GNN method.
2026-10-09 03:14:29,241 - WARNING - GNN failed on rep 58: PyTorch not installed. Cannot use GNN method.
2026-10-09 03:14:30,438 - WARNING - GNN failed on rep 59: PyTorch not installed. Cannot use GNN method.
2026-10-09 03:14:31,532 - WARNING - GNN failed on rep 60: PyTorch not installed. Cannot use GNN method.
2026-10-09 03:14:32,560 - WARNING - GNN failed on rep 61: PyTorch not installed. Cannot use GNN method.
2026-10-09 03:14:33,598 - WARNING - GNN failed on rep 62: PyTorch not installed. Cannot use GNN method.
2026-10-09 03:14:34,676 - WARNING - GNN failed on rep 63: PyTorch not installed. Cannot use GNN method.
2026-10-09 03:14:35,742 - WARNING - GNN failed on rep 64: PyTorch not installed. Cannot use GNN method.
2026-10-09 03:14:36,784 - WARNING - GNN failed on rep 65: PyTorch not installed. Cannot use GNN method.
2026-10-09 03:14:37,854 - WARNING - GNN failed on rep 66: PyTorch not installed. Cannot use GNN method.
2026-10-09 03:14:38,908 - WARNING - GNN failed on rep 67: PyTorch not installed. Cannot use GNN method.
2026-10-09 03:14:39,957 - WARNING - GNN failed on rep 68: PyTorch not installed. Cannot use GNN method.
2026-10-09 03:14:40,998 - WARNING - GNN failed on rep 69: PyTorch not installed. Cannot use GNN method.
2026-10-09 03:14:42,059 - WARNING - GNN failed on rep 70: PyTorch not installed. Cannot use GNN method.
2026-10-09 03:14:43,115 - WARNING - GNN failed on rep 71: PyTorch not installed. Cannot use GNN method.
2026-10-09 03:14:44,146 - WARNING - GNN failed on rep 72: PyTorch not installed. Cannot use GNN method.
2026-10-09 03:14:45,205 - WARNING - GNN failed on rep 73: PyTorch not installed. Cannot use GNN method.
2026-10-09 03:14:46,236 - WARNING - GNN failed on rep 74: PyTorch not installed. Cannot use GNN method.
2026-10-09 03:14:47,270 - WARNING - GNN failed on rep 75: PyTorch not installed. Cannot use GNN method.
2026-10-09 03:14:48,360 - WARNING - GNN failed on rep 76: PyTorch not installed. Cannot use GNN method.
2026-10-09 03:14:49,524 - WARNING - GNN failed on rep 77: PyTorch not installed. Cannot use GNN method.
2026-10-09 03:14:50,577 - WARNING - GNN failed on rep 78: PyTorch not installed. Cannot use GNN method.
2026-10-09 03:14:51,600 - WARNING - GNN failed on rep 79: PyTorch not installed. Cannot use GNN method.
2026-10-09 03:14:52,619 - WARNING - GNN failed on rep 80: PyTorch not installed. Cannot use GNN method.
2026-10-09 03:14:53,990 - WARNING - GNN failed on rep 81: PyTorch not installed. Cannot use GNN method.
2026-10-09 03:14:55,206 - WARNING - GNN failed on rep 82: PyTorch not installed. Cannot use GNN method.
2026-10-09 03:14:56,421 - WARNING - GNN failed on rep 83: PyTorch not installed. Cannot use GNN method.
2026-10-09 03:14:57,489 - WARNING - GNN failed on rep 84: PyTorch not installed. Cannot use GNN method.
2026-10-09 03:14:58,526 - WARNING - GNN failed on rep 85: PyTorch not installed. Cannot use GNN method.
2026-10-09 03:14:59,649 - WARNING - GNN failed on rep 86: PyTorch not installed. Cannot use GNN method.
2026-10-09 03:15:00,710 - WARNING - GNN failed on rep 87: PyTorch not installed. Cannot use GNN method.
2026-10-09 03:15:01,815 - WARNING - GNN failed on rep 88: PyTorch not installed. Cannot use GNN method.
2026-10-09 03:15:02,849 - WARNING - GNN failed on rep 89: PyTorch not installed. Cannot use GNN method.
2026-10-09 03:15:03,895 - WARNING - GNN failed on rep 90: PyTorch not installed. Cannot use GNN method.
2026-10-09 03:15:04,954 - WARNING - GNN failed on rep 91: PyTorch not installed. Cannot use GNN method.
2026-10-09 03:15:06,122 - WARNING - GNN failed on rep 92: PyTorch not installed. Cannot use GNN method.
2026-10-09 03:15:07,182 - WARNING - GNN failed on rep 93: PyTorch not installed. Cannot use GNN method.
2026-10-09 03:15:08,196 - WARNING - GNN failed on rep 94: PyTorch not installed. Cannot use GNN method.
2026-10-09 03:15:09,241 - WARNING - GNN failed on rep 95: PyTorch not installed. Cannot use GNN method.
2026-10-09 03:15:10,312 - WARNING - GNN failed on rep 96: PyTorch not installed. Cannot use GNN method.
2026-10-09 03:15:11,527 - WARNING - GNN failed on rep 97: PyTorch not installed. Cannot use GNN method.
2026-10-09 03:15:12,640 - WARNING - GNN failed on rep 98: PyTorch not installed. Cannot use GNN method.
2026-10-09 03:15:13,862 - WARNING - GNN failed on rep 99: PyTorch not installed. Cannot use GNN method.
2026-10-09 03:15:13,870 - INFO - Completed: T100_N0.5_D2_DF10
2026-10-09 03:15:13,874 - INFO - Configuration 36/90
2026-10-09 03:15:13,874 - INFO - Starting configuration: T100_N0.5_D4_DF10
2026-10-09 03:15:15,333 - WARNING - GNN failed on rep 0: PyTorch not installed. Cannot use GNN method.
2026-10-09 03:15:16,388 - WARNING - GNN failed on rep 1: PyTorch not installed. Cannot use GNN method.
2026-10-09 03:15:17,475 - WARNING - GNN failed on rep 2: PyTorch not installed. Cannot use GNN method.
2026-10-09 03:15:18,512 - WARNING - GNN failed on rep 3: PyTorch not installed. Cannot use GNN method.
2026-10-09 03:15:19,536 - WARNING - GNN failed on rep 4: PyTorch not installed. Cannot use GNN method.
2026-10-09 03:15:20,616 - WARNING - GNN failed on rep 5: PyTorch not installed. Cannot use GNN method.
2026-10-09 03:15:21,660 - WARNING - GNN failed on rep 6: PyTorch not installed. Cannot use GNN method.
2026-10-09 03:15:22,701 - WARNING - GNN failed on rep 7: PyTorch not installed. Cannot use GNN method.
2026-10-09 03:15:23,895 - WARNING - GNN failed on rep 8: PyTorch not installed. Cannot use GNN method.
2026-10-09 03:15:24,998 - WARNING - GNN failed on rep 9: PyTorch not installed. Cannot use GNN method.
2026-10-09 03:15:26,074 - WARNING - GNN failed on rep 10: PyTorch not installed. Cannot use GNN method.
2026-10-09 03:15:27,145 - WARNING - GNN failed on rep 11: PyTorch not installed. Cannot use GNN method.
2026-10-09 03:15:28,648 - WARNING - GNN failed on rep 12: PyTorch not installed. Cannot use GNN method.
2026-10-09 03:15:30,072 - WARNING - GNN failed on rep 13: PyTorch not installed. Cannot use GNN method.
2026-10-09 03:15:31,118 - WARNING - GNN failed on rep 14: PyTorch not installed. Cannot use GNN method.
2026-10-09 03:15:32,186 - WARNING - GNN failed on rep 15: PyTorch not installed. Cannot use GNN method.
2026-10-09 03:15:33,227 - WARNING - GNN failed on rep 16: PyTorch not installed. Cannot use GNN method.
2026-10-09 03:15:34,293 - WARNING - GNN failed on rep 17: PyTorch not installed. Cannot use GNN method.
2026-10-09 03:15:35,366 - WARNING - GNN failed on rep 18: PyTorch not installed. Cannot use GNN method.
2026-10-09 03:15:36,402 - WARNING - GNN failed on rep 19: PyTorch not installed. Cannot use GNN method.
2026-10-09 03:15:37,441 - WARNING - GNN failed on rep 20: PyTorch not installed. Cannot use GNN method.
2026-10-09 03:15:38,474 - WARNING - GNN failed on rep 21: PyTorch not installed. Cannot use GNN method.
2026-10-09 03:15:39,569 - WARNING - GNN failed on rep 22: PyTorch not installed. Cannot use GNN method.
2026-10-09 03:15:40,664 - WARNING - GNN failed on rep 23: PyTorch not installed. Cannot use GNN method.
2026-10-09 03:15:41,752 - WARNING - GNN failed on rep 24: PyTorch not installed. Cannot use GNN method.
2026-10-09 03:15:42,788 - WARNING - GNN failed on rep 25: PyTorch not installed. Cannot use GNN method.
2026-10-09 03:15:43,964 - WARNING - GNN failed on rep 26: PyTorch not installed. Cannot use GNN method.
2026-10-09 03:15:45,068 - WARNING - GNN failed on rep 27: PyTorch not installed. Cannot use GNN method.
2026-10-09 03:15:46,152 - WARNING - GNN failed on rep 28: PyTorch not installed. Cannot use GNN method.
2026-10-09 03:15:47,193 - WARNING - GNN failed on rep 29: PyTorch not installed. Cannot use GNN method.
2026-10-09 03:15:48,263 - WARNING - GNN failed on rep 30: PyTorch not installed. Cannot use GNN method.
2026-10-09 03:15:49,310 - WARNING - GNN failed on rep 31: PyTorch not installed. Cannot use GNN method.
2026-10-09 03:15:50,408 - WARNING - GNN failed on rep 32: PyTorch not installed. Cannot use GNN method.
2026-10-09 03:15:51,450 - WARNING - GNN failed on rep 33: PyTorch not installed. Cannot use GNN method.
2026-10-09 03:15:52,504 - WARNING - GNN failed on rep 34: PyTorch not installed. Cannot use GNN method.
2026-10-09 03:15:53,577 - WARNING - GNN failed on rep 35: PyTorch not installed. Cannot use GNN method.
2026-10-09 03:15:54,620 - WARNING - GNN failed on rep 36: PyTorch not installed. Cannot use GNN method.
2026-10-09 03:15:55,665 - WARNING - GNN failed on rep 37: PyTorch not installed. Cannot use GNN method.
2026-10-09 03:15:56,777 - WARNING - GNN failed on rep 38: PyTorch not installed. Cannot use GNN method.
2026-10-09 03:15:57,859 - WARNING - GNN failed on rep 39: PyTorch not installed. Cannot use GNN method.
2026-10-09 03:15:58,917 - WARNING - GNN failed on rep 40: PyTorch not installed. Cannot use GNN method.
2026-10-09 03:15:59,961 - WARNING - GNN failed on rep 41: PyTorch not installed. Cannot use GNN method.
2026-10-09 03:16:01,086 - WARNING - GNN failed on rep 42: PyTorch not installed. Cannot use GNN method.
2026-10-09 03:16:02,150 - WARNING - GNN failed on rep 43: PyTorch not installed. Cannot use GNN method.
2026-10-09 03:16:03,316 - WARNING - GNN failed on rep 44: PyTorch not installed. Cannot use GNN method.
2026-10-09 03:16:04,390 - WARNING - GNN failed on rep 45: PyTorch not installed. Cannot use GNN method.
2026-10-09 03:16:05,425 - WARNING - GNN failed on rep 46: PyTorch not installed. Cannot use GNN method.
2026-10-09 03:16:06,470 - WARNING - GNN failed on rep 47: PyTorch not installed. Cannot use GNN method.
2026-10-09 03:16:07,498 - WARNING - GNN failed on rep 48: PyTorch not installed. Cannot use GNN method.
2026-10-09 03:16:08,550 - WARNING - GNN failed on rep 49: PyTorch not installed. Cannot use GNN method.
2026-10-09 03:16:09,613 - WARNING - GNN failed on rep 50: PyTorch not installed. Cannot use GNN method.
2026-10-09 03:16:10,638 - WARNING - GNN failed on rep 51: PyTorch not installed. Cannot use GNN method.
2026-10-09 03:16:11,737 - WARNING - GNN failed on rep 52: PyTorch not installed. Cannot use GNN method.
2026-10-09 03:16:12,782 - WARNING - GNN failed on rep 53: PyTorch not installed. Cannot use GNN method.
2026-10-09 03:16:13,837 - WARNING - GNN failed on rep 54: PyTorch not installed. Cannot use GNN method.
2026-10-09 03:16:14,895 - WARNING - GNN failed on rep 55: PyTorch not installed. Cannot use GNN method.
2026-10-09 03:16:15,964 - WARNING - GNN failed on rep 56: PyTorch not installed. Cannot use GNN method.
2026-10-09 03:16:17,002 - WARNING - GNN failed on rep 57: PyTorch not installed. Cannot use GNN method.
2026-10-09 03:16:18,037 - WARNING - GNN failed on rep 58: PyTorch not installed. Cannot use GNN method.
2026-10-09 03:16:19,097 - WARNING - GNN failed on rep 59: PyTorch not installed. Cannot use GNN method.
2026-10-09 03:16:20,173 - WARNING - GNN failed on rep 60: PyTorch not installed. Cannot use GNN method.
2026-10-09 03:16:21,183 - WARNING - GNN failed on rep 61: PyTorch not installed. Cannot use GNN method.
2026-10-09 03:16:22,430 - WARNING - GNN failed on rep 62: PyTorch not installed. Cannot use GNN method.
2026-10-09 03:16:23,453 - WARNING - GNN failed on rep 63: PyTorch not installed. Cannot use GNN method.
2026-10-09 03:16:24,524 - WARNING - GNN failed on rep 64: PyTorch not installed. Cannot use GNN method.
2026-10-09 03:16:25,552 - WARNING - GNN failed on rep 65: PyTorch not installed. Cannot use GNN method.
2026-10-09 03:16:26,666 - WARNING - GNN failed on rep 66: PyTorch not installed. Cannot use GNN method.
2026-10-09 03:16:27,750 - WARNING - GNN failed on rep 67: PyTorch not installed. Cannot use GNN method.
2026-10-09 03:16:29,299 - WARNING - GNN failed on rep 68: PyTorch not installed. Cannot use GNN method.
2026-10-09 03:16:30,407 - WARNING - GNN failed on rep 69: PyTorch not installed. Cannot use GNN method.
2026-10-09 03:16:31,516 - WARNING - GNN failed on rep 70: PyTorch not installed. Cannot use GNN method.
2026-10-09 03:16:32,555 - WARNING - GNN failed on rep 71: PyTorch not installed. Cannot use GNN method.
2026-10-09 03:16:33,622 - WARNING - GNN failed on rep 72: PyTorch not installed. Cannot use GNN method.
2026-10-09 03:16:34,676 - WARNING - GNN failed on rep 73: PyTorch not installed. Cannot use GNN method.
2026-10-09 03:16:35,715 - WARNING - GNN failed on rep 74: PyTorch not installed. Cannot use GNN method.
2026-10-09 03:16:36,785 - WARNING - GNN failed on rep 75: PyTorch not installed. Cannot use GNN method.
2026-10-09 03:16:37,840 - WARNING - GNN failed on rep 76: PyTorch not installed. Cannot use GNN method.
2026-10-09 03:16:38,858 - WARNING - GNN failed on rep 77: PyTorch not installed. Cannot use GNN method.
2026-10-09 03:16:39,906 - WARNING - GNN failed on rep 78: PyTorch not installed. Cannot use GNN method.
2026-10-09 03:16:40,964 - WARNING - GNN failed on rep 79: PyTorch not installed. Cannot use GNN method.
2026-10-09 03:16:42,206 - WARNING - GNN failed on rep 80: PyTorch not installed. Cannot use GNN method.
2026-10-09 03:16:43,333 - WARNING - GNN failed on rep 81: PyTorch not installed. Cannot use GNN method.
2026-10-09 03:16:44,595 - WARNING - GNN failed on rep 82: PyTorch not installed. Cannot use GNN method.
2026-10-09 03:16:45,633 - WARNING - GNN failed on rep 83: PyTorch not installed. Cannot use GNN method.
2026-10-09 03:16:46,678 - WARNING - GNN failed on rep 84: PyTorch not installed. Cannot use GNN method.
2026-10-09 03:16:47,742 - WARNING - GNN failed on rep 85: PyTorch not installed. Cannot use GNN method.
2026-10-09 03:16:48,768 - WARNING - GNN failed on rep 86: PyTorch not installed. Cannot use GNN method.
2026-10-09 03:16:49,803 - WARNING - GNN failed on rep 87: PyTorch not installed. Cannot use GNN method.
2026-10-09 03:16:50,846 - WARNING - GNN failed on rep 88: PyTorch not installed. Cannot use GNN method.
2026-10-09 03:16:51,861 - WARNING - GNN failed on rep 89: PyTorch not installed. Cannot use GNN method.
2026-10-09 03:16:52,928 - WARNING - GNN failed on rep 90: PyTorch not installed. Cannot use GNN method.
2026-10-09 03:16:53,979 - WARNING - GNN failed on rep 91: PyTorch not installed. Cannot use GNN method.
2026-10-09 03:16:55,079 - WARNING - GNN failed on rep 92: PyTorch not installed. Cannot use GNN method.
2026-10-09 03:16:56,134 - WARNING - GNN failed on rep 93: PyTorch not installed. Cannot use GNN method.
2026-10-09 03:16:57,147 - WARNING - GNN failed on rep 94: PyTorch not installed. Cannot use GNN method.
2026-10-09 03:16:58,168 - WARNING - GNN failed on rep 95: PyTorch not installed. Cannot use GNN method.
2026-10-09 03:16:59,209 - WARNING - GNN failed on rep 96: PyTorch not installed. Cannot use GNN method.
2026-10-09 03:17:00,257 - WARNING - GNN failed on rep 97: PyTorch not installed. Cannot use GNN method.
2026-10-09 03:17:01,418 - WARNING - GNN failed on rep 98: PyTorch not installed. Cannot use GNN method.
2026-10-09 03:17:02,449 - WARNING - GNN failed on rep 99: PyTorch not installed. Cannot use GNN method.
2026-10-09 03:17:02,456 - INFO - Completed: T100_N0.5_D4_DF10
2026-10-09 03:17:02,459 - INFO - Configuration 37/90
2026-10-09 03:17:02,459 - INFO - Starting configuration: T150_N0.1_D2_DF3
2026-10-09 03:17:03,980 - WARNING - GNN failed on rep 0: PyTorch not installed. Cannot use GNN method.
2026-10-09 03:17:05,071 - WARNING - GNN failed on rep 1: PyTorch not installed. Cannot use GNN method.
2026-10-09 03:17:06,172 - WARNING - GNN failed on rep 2: PyTorch not installed. Cannot use GNN method.
2026-10-09 03:17:07,255 - WARNING - GNN failed on rep 3: PyTorch not installed. Cannot use GNN method.
2026-10-09 03:17:08,343 - WARNING - GNN failed on rep 4: PyTorch not installed. Cannot use GNN method.
2026-10-09 03:17:09,476 - WARNING - GNN failed on rep 5: PyTorch not installed. Cannot use GNN method.
2026-10-09 03:17:10,536 - WARNING - GNN failed on rep 6: PyTorch not installed. Cannot use GNN method.
2026-10-09 03:17:11,621 - WARNING - GNN failed on rep 7: PyTorch not installed. Cannot use GNN method.
2026-10-09 03:17:12,687 - WARNING - GNN failed on rep 8: PyTorch not installed. Cannot use GNN method.
2026-10-09 03:17:13,791 - WARNING - GNN failed on rep 9: PyTorch not installed. Cannot use GNN method.
2026-10-09 03:17:14,871 - WARNING - GNN failed on rep 10: PyTorch not installed. Cannot use GNN method.
2026-10-09 03:17:15,953 - WARNING - GNN failed on rep 11: PyTorch not installed. Cannot use GNN method.
2026-10-09 03:17:17,039 - WARNING - GNN failed on rep 12: PyTorch not installed. Cannot use GNN method.
2026-10-09 03:17:18,232 - WARNING - GNN failed on rep 13: PyTorch not installed. Cannot use GNN method.
2026-10-09 03:17:19,313 - WARNING - GNN failed on rep 14: PyTorch not installed. Cannot use GNN method.
2026-10-09 03:17:20,413 - WARNING - GNN failed on rep 15: PyTorch not installed. Cannot use GNN method.
2026-10-09 03:17:21,681 - WARNING - GNN failed on rep 16: PyTorch not installed. Cannot use GNN method.
2026-10-09 03:17:22,810 - WARNING - GNN failed on rep 17: PyTorch not installed. Cannot use GNN method.
2026-10-09 03:17:23,918 - WARNING - GNN failed on rep 18: PyTorch not installed. Cannot use GNN method.
2026-10-09 03:17:25,044 - WARNING - GNN failed on rep 19: PyTorch not installed. Cannot use GNN method.
2026-10-09 03:17:26,135 - WARNING - GNN failed on rep 20: PyTorch not installed. Cannot use GNN method.
2026-10-09 03:17:27,218 - WARNING - GNN failed on rep 21: PyTorch not installed. Cannot use GNN method.
2026-10-09 03:17:28,890 - WARNING - GNN failed on rep 22: PyTorch not installed. Cannot use GNN method.
2026-10-09 03:17:29,995 - WARNING - GNN failed on rep 23: PyTorch not installed. Cannot use GNN method.
2026-10-09 03:17:31,119 - WARNING - GNN failed on rep 24: PyTorch not installed. Cannot use GNN method.
2026-10-09 03:17:32,279 - WARNING - GNN failed on rep 25: PyTorch not installed. Cannot use GNN method.
2026-10-09 03:17:33,375 - WARNING - GNN failed on rep 26: PyTorch not installed. Cannot use GNN method.
2026-10-09 03:17:34,469 - WARNING - GNN failed on rep 27: PyTorch not installed. Cannot use GNN method.
2026-10-09 03:17:35,568 - WARNING - GNN failed on rep 28: PyTorch not installed. Cannot use GNN method.
2026-10-09 03:17:36,631 - WARNING - GNN failed on rep 29: PyTorch not installed. Cannot use GNN method.
2026-10-09 03:17:37,726 - WARNING - GNN failed on rep 30: PyTorch not installed. Cannot use GNN method.
2026-10-09 03:17:38,929 - WARNING - GNN failed on rep 31: PyTorch not installed. Cannot use GNN method.
2026-10-09 03:17:40,037 - WARNING - GNN failed on rep 32: PyTorch not installed. Cannot use GNN method.
2026-10-09 03:17:41,144 - WARNING - GNN failed on rep 33: PyTorch not installed. Cannot use GNN method.
2026-10-09 03:17:42,272 - WARNING - GNN failed on rep 34: PyTorch not installed. Cannot use GNN method.
2026-10-09 03:17:43,396 - WARNING - GNN failed on rep 35: PyTorch not installed. Cannot use GNN method.
2026-10-09 03:17:44,495 - WARNING - GNN failed on rep 36: PyTorch not installed. Cannot use GNN method.
2026-10-09 03:17:45,624 - WARNING - GNN failed on rep 37: PyTorch not installed. Cannot use GNN method.
2026-10-09 03:17:46,732 - WARNING - GNN failed on rep 38: PyTorch not installed. Cannot use GNN method.
2026-10-09 03:17:47,848 - WARNING - GNN failed on rep 39: PyTorch not installed. Cannot use GNN method.
2026-10-09 03:17:48,920 - WARNING - GNN failed on rep 40: PyTorch not installed. Cannot use GNN method.
2026-10-09 03:17:50,025 - WARNING - GNN failed on rep 41: PyTorch not installed. Cannot use GNN method.
2026-10-09 03:17:51,101 - WARNING - GNN failed on rep 42: PyTorch not installed. Cannot use GNN method.
2026-10-09 03:17:52,193 - WARNING - GNN failed on rep 43: PyTorch not installed. Cannot use GNN method.
2026-10-09 03:17:53,267 - WARNING - GNN failed on rep 44: PyTorch not installed. Cannot use GNN method.
2026-10-09 03:17:54,382 - WARNING - GNN failed on rep 45: PyTorch not installed. Cannot use GNN method.
2026-10-09 03:17:55,466 - WARNING - GNN failed on rep 46: PyTorch not installed. Cannot use GNN method.
2026-10-09 03:17:56,543 - WARNING - GNN failed on rep 47: PyTorch not installed. Cannot use GNN method.
2026-10-09 03:17:57,622 - WARNING - GNN failed on rep 48: PyTorch not installed. Cannot use GNN method.
2026-10-09 03:17:58,822 - WARNING - GNN failed on rep 49: PyTorch not installed. Cannot use GNN method.
2026-10-09 03:17:59,904 - WARNING - GNN failed on rep 50: PyTorch not installed. Cannot use GNN method.
2026-10-09 03:18:00,979 - WARNING - GNN failed on rep 51: PyTorch not installed. Cannot use GNN method.
2026-10-09 03:18:02,122 - WARNING - GNN failed on rep 52: PyTorch not installed. Cannot use GNN method.
2026-10-09 03:18:03,186 - WARNING - GNN failed on rep 53: PyTorch not installed. Cannot use GNN method.
2026-10-09 03:18:04,251 - WARNING - GNN failed on rep 54: PyTorch not installed. Cannot use GNN method.
2026-10-09 03:18:05,469 - WARNING - GNN failed on rep 55: PyTorch not installed. Cannot use GNN method.
2026-10-09 03:18:06,563 - WARNING - GNN failed on rep 56: PyTorch not installed. Cannot use GNN method.
2026-10-09 03:18:07,662 - WARNING - GNN failed on rep 57: PyTorch not installed. Cannot use GNN method.
2026-10-09 03:18:08,740 - WARNING - GNN failed on rep 58: PyTorch not installed. Cannot use GNN method.
2026-10-09 03:18:09,865 - WARNING - GNN failed on rep 59: PyTorch not installed. Cannot use GNN method.
2026-10-09 03:18:11,124 - WARNING - GNN failed on rep 60: PyTorch not installed. Cannot use GNN method.
2026-10-09 03:18:12,320 - WARNING - GNN failed on rep 61: PyTorch not installed. Cannot use GNN method.
2026-10-09 03:18:13,448 - WARNING - GNN failed on rep 62: PyTorch not installed. Cannot use GNN method.
2026-10-09 03:18:14,537 - WARNING - GNN failed on rep 63: PyTorch not installed. Cannot use GNN method.
2026-10-09 03:18:15,675 - WARNING - GNN failed on rep 64: PyTorch not installed. Cannot use GNN method.
2026-10-09 03:18:16,730 - WARNING - GNN failed on rep 65: PyTorch not installed. Cannot use GNN method.
2026-10-09 03:18:17,810 - WARNING - GNN failed on rep 66: PyTorch not installed. Cannot use GNN method.
2026-10-09 03:18:19,042 - WARNING - GNN failed on rep 67: PyTorch not installed. Cannot use GNN method.
2026-10-09 03:18:20,086 - WARNING - GNN failed on rep 68: PyTorch not installed. Cannot use GNN method.
2026-10-09 03:18:21,141 - WARNING - GNN failed on rep 69: PyTorch not installed. Cannot use GNN method.
2026-10-09 03:18:22,246 - WARNING - GNN failed on rep 70: PyTorch not installed. Cannot use GNN method.
2026-10-09 03:18:23,304 - WARNING - GNN failed on rep 71: PyTorch not installed. Cannot use GNN method.
2026-10-09 03:18:24,352 - WARNING - GNN failed on rep 72: PyTorch not installed. Cannot use GNN method.
2026-10-09 03:18:25,444 - WARNING - GNN failed on rep 73: PyTorch not installed. Cannot use GNN method.
2026-10-09 03:18:26,552 - WARNING - GNN failed on rep 74: PyTorch not installed. Cannot use GNN method.
2026-10-09 03:18:27,598 - WARNING - GNN failed on rep 75: PyTorch not installed. Cannot use GNN method.
2026-10-09 03:18:29,107 - WARNING - GNN failed on rep 76: PyTorch not installed. Cannot use GNN method.
2026-10-09 03:18:30,151 - WARNING - GNN failed on rep 77: PyTorch not installed. Cannot use GNN method.
2026-10-09 03:18:31,195 - WARNING - GNN failed on rep 78: PyTorch not installed. Cannot use GNN method.
2026-10-09 03:18:32,252 - WARNING - GNN failed on rep 79: PyTorch not installed. Cannot use GNN method.
2026-10-09 03:18:33,309 - WARNING - GNN failed on rep 80: PyTorch not installed. Cannot use GNN method.
2026-10-09 03:18:34,342 - WARNING - GNN failed on rep 81: PyTorch not installed. Cannot use GNN method.
2026-10-09 03:18:35,394 - WARNING - GNN failed on rep 82: PyTorch not installed. Cannot use GNN method.
2026-10-09 03:18:36,454 - WARNING - GNN failed on rep 83: PyTorch not installed. Cannot use GNN method.
2026-10-09 03:18:37,502 - WARNING - GNN failed on rep 84: PyTorch not installed. Cannot use GNN method.
2026-10-09 03:18:38,658 - WARNING - GNN failed on rep 85: PyTorch not installed. Cannot use GNN method.
2026-10-09 03:18:39,701 - WARNING - GNN failed on rep 86: PyTorch not installed. Cannot use GNN method.
2026-10-09 03:18:40,756 - WARNING - GNN failed on rep 87: PyTorch not installed. Cannot use GNN method.
2026-10-09 03:18:41,853 - WARNING - GNN failed on rep 88: PyTorch not installed. Cannot use GNN method.
2026-10-09 03:18:42,900 - WARNING - GNN failed on rep 89: PyTorch not installed. Cannot use GNN method.
2026-10-09 03:18:43,960 - WARNING - GNN failed on rep 90: PyTorch not installed. Cannot use GNN method.
2026-10-09 03:18:45,032 - WARNING - GNN failed on rep 91: PyTorch not installed. Cannot use GNN method.
2026-10-09 03:18:46,098 - WARNING - GNN failed on rep 92: PyTorch not installed. Cannot use GNN method.
2026-10-09 03:18:47,369 - WARNING - GNN failed on rep 93: PyTorch not installed. Cannot use GNN method.
2026-10-09 03:18:48,467 - WARNING - GNN failed on rep 94: PyTorch not installed. Cannot use GNN method.
2026-10-09 03:18:49,653 - WARNING - GNN failed on rep 95: PyTorch not installed. Cannot use GNN method.
2026-10-09 03:18:50,756 - WARNING - GNN failed on rep 96: PyTorch not installed. Cannot use GNN method.
2026-10-09 03:18:51,832 - WARNING - GNN failed on rep 97: PyTorch not installed. Cannot use GNN method.
2026-10-09 03:18:52,924 - WARNING - GNN failed on rep 98: PyTorch not installed. Cannot use GNN method.
2026-10-09 03:18:54,344 - WARNING - GNN failed on rep 99: PyTorch not installed. Cannot use GNN method.
2026-10-09 03:18:54,352 - INFO - Completed: T150_N0.1_D2_DF3
2026-10-09 03:18:54,357 - INFO - Configuration 38/90
2026-10-09 03:18:54,357 - INFO - Starting configuration: T150_N0.1_D4_DF3
2026-10-09 03:18:56,212 - WARNING - GNN failed on rep 0: PyTorch not installed. Cannot use GNN method.
2026-10-09 03:18:57,428 - WARNING - GNN failed on rep 1: PyTorch not installed. Cannot use GNN method.
2026-10-09 03:18:58,510 - WARNING - GNN failed on rep 2: PyTorch not installed. Cannot use GNN method.
2026-10-09 03:18:59,676 - WARNING - GNN failed on rep 3: PyTorch not installed. Cannot use GNN method.
2026-10-09 03:19:00,785 - WARNING - GNN failed on rep 4: PyTorch not installed. Cannot use GNN method.
2026-10-09 03:19:01,871 - WARNING - GNN failed on rep 5: PyTorch not installed. Cannot use GNN method.
2026-10-09 03:19:02,924 - WARNING - GNN failed on rep 6: PyTorch not installed. Cannot use GNN method.
2026-10-09 03:19:03,984 - WARNING - GNN failed on rep 7: PyTorch not installed. Cannot use GNN method.
2026-10-09 03:19:05,079 - WARNING - GNN failed on rep 8: PyTorch not installed. Cannot use GNN method.
2026-10-09 03:19:06,159 - WARNING - GNN failed on rep 9: PyTorch not installed. Cannot use GNN method.
2026-10-09 03:19:07,235 - WARNING - GNN failed on rep 10: PyTorch not installed. Cannot use GNN method.
2026-10-09 03:19:08,289 - WARNING - GNN failed on rep 11: PyTorch not installed. Cannot use GNN method.
2026-10-09 03:19:09,403 - WARNING - GNN failed on rep 12: PyTorch not installed. Cannot use GNN method.
2026-10-09 03:19:10,533 - WARNING - GNN failed on rep 13: PyTorch not installed. Cannot use GNN method.
2026-10-09 03:19:11,618 - WARNING - GNN failed on rep 14: PyTorch not installed. Cannot use GNN method.
2026-10-09 03:19:12,804 - WARNING - GNN failed on rep 15: PyTorch not installed. Cannot use GNN method.
2026-10-09 03:19:13,889 - WARNING - GNN failed on rep 16: PyTorch not installed. Cannot use GNN method.
2026-10-09 03:19:14,943 - WARNING - GNN failed on rep 17: PyTorch not installed. Cannot use GNN method.
2026-10-09 03:19:15,999 - WARNING - GNN failed on rep 18: PyTorch not installed. Cannot use GNN method.
2026-10-09 03:19:17,056 - WARNING - GNN failed on rep 19: PyTorch not installed. Cannot use GNN method.
2026-10-09 03:19:18,136 - WARNING - GNN failed on rep 20: PyTorch not installed. Cannot use GNN method.
2026-10-09 03:19:19,210 - WARNING - GNN failed on rep 21: PyTorch not installed. Cannot use GNN method.
2026-10-09 03:19:20,286 - WARNING - GNN failed on rep 22: PyTorch not installed. Cannot use GNN method.
2026-10-09 03:19:21,339 - WARNING - GNN failed on rep 23: PyTorch not installed. Cannot use GNN method.
2026-10-09 03:19:22,427 - WARNING - GNN failed on rep 24: PyTorch not installed. Cannot use GNN method.
2026-10-09 03:19:23,490 - WARNING - GNN failed on rep 25: PyTorch not installed. Cannot use GNN method.
2026-10-09 03:19:24,537 - WARNING - GNN failed on rep 26: PyTorch not installed. Cannot use GNN method.
2026-10-09 03:19:25,598 - WARNING - GNN failed on rep 27: PyTorch not installed. Cannot use GNN method.
2026-10-09 03:19:26,665 - WARNING - GNN failed on rep 28: PyTorch not installed. Cannot use GNN method.
2026-10-09 03:19:27,733 - WARNING - GNN failed on rep 29: PyTorch not installed. Cannot use GNN method.
2026-10-09 03:19:29,317 - WARNING - GNN failed on rep 30: PyTorch not installed. Cannot use GNN method.
2026-10-09 03:19:30,543 - WARNING - GNN failed on rep 31: PyTorch not installed. Cannot use GNN method.
2026-10-09 03:19:31,629 - WARNING - GNN failed on rep 32: PyTorch not installed. Cannot use GNN method.
2026-10-09 03:19:32,744 - WARNING - GNN failed on rep 33: PyTorch not installed. Cannot use GNN method.
2026-10-09 03:19:33,798 - WARNING - GNN failed on rep 34: PyTorch not installed. Cannot use GNN method.
2026-10-09 03:19:34,918 - WARNING - GNN failed on rep 35: PyTorch not installed. Cannot use GNN method.
2026-10-09 03:19:35,969 - WARNING - GNN failed on rep 36: PyTorch not installed. Cannot use GNN method.
2026-10-09 03:19:37,050 - WARNING - GNN failed on rep 37: PyTorch not installed. Cannot use GNN method.
2026-10-09 03:19:38,117 - WARNING - GNN failed on rep 38: PyTorch not installed. Cannot use GNN method.
2026-10-09 03:19:39,179 - WARNING - GNN failed on rep 39: PyTorch not installed. Cannot use GNN method.
2026-10-09 03:19:40,251 - WARNING - GNN failed on rep 40: PyTorch not installed. Cannot use GNN method.
2026-10-09 03:19:41,327 - WARNING - GNN failed on rep 41: PyTorch not installed. Cannot use GNN method.
2026-10-09 03:19:42,406 - WARNING - GNN failed on rep 42: PyTorch not installed. Cannot use GNN method.
2026-10-09 03:19:43,473 - WARNING - GNN failed on rep 43: PyTorch not installed. Cannot use GNN method.
2026-10-09 03:19:44,536 - WARNING - GNN failed on rep 44: PyTorch not installed. Cannot use GNN method.
2026-10-09 03:19:45,613 - WARNING - GNN failed on rep 45: PyTorch not installed. Cannot use GNN method.
2026-10-09 03:19:46,675 - WARNING - GNN failed on rep 46: PyTorch not installed. Cannot use GNN method.
2026-10-09 03:19:47,745 - WARNING - GNN failed on rep 47: PyTorch not installed. Cannot use GNN method.
2026-10-09 03:19:48,818 - WARNING - GNN failed on rep 48: PyTorch not installed. Cannot use GNN method.
2026-10-09 03:19:49,985 - WARNING - GNN failed on rep 49: PyTorch not installed. Cannot use GNN method.
2026-10-09 03:19:51,061 - WARNING - GNN failed on rep 50: PyTorch not installed. Cannot use GNN method.
2026-10-09 03:19:52,153 - WARNING - GNN failed on rep 51: PyTorch not installed. Cannot use GNN method.
2026-10-09 03:19:53,220 - WARNING - GNN failed on rep 52: PyTorch not installed. Cannot use GNN method.
2026-10-09 03:19:54,283 - WARNING - GNN failed on rep 53: PyTorch not installed. Cannot use GNN method.
2026-10-09 03:19:55,363 - WARNING - GNN failed on rep 54: PyTorch not installed. Cannot use GNN method.
2026-10-09 03:19:56,435 - WARNING - GNN failed on rep 55: PyTorch not installed. Cannot use GNN method.
2026-10-09 03:19:57,491 - WARNING - GNN failed on rep 56: PyTorch not installed. Cannot use GNN method.
2026-10-09 03:19:58,561 - WARNING - GNN failed on rep 57: PyTorch not installed. Cannot use GNN method.
2026-10-09 03:19:59,622 - WARNING - GNN failed on rep 58: PyTorch not installed. Cannot use GNN method.
2026-10-09 03:20:00,684 - WARNING - GNN failed on rep 59: PyTorch not installed. Cannot use GNN method.
2026-10-09 03:20:01,748 - WARNING - GNN failed on rep 60: PyTorch not installed. Cannot use GNN method.
2026-10-09 03:20:02,801 - WARNING - GNN failed on rep 61: PyTorch not installed. Cannot use GNN method.
2026-10-09 03:20:03,870 - WARNING - GNN failed on rep 62: PyTorch not installed. Cannot use GNN method.
2026-10-09 03:20:05,156 - WARNING - GNN failed on rep 63: PyTorch not installed. Cannot use GNN method.
2026-10-09 03:20:06,260 - WARNING - GNN failed on rep 64: PyTorch not installed. Cannot use GNN method.
2026-10-09 03:20:07,330 - WARNING - GNN failed on rep 65: PyTorch not installed. Cannot use GNN method.
2026-10-09 03:20:08,424 - WARNING - GNN failed on rep 66: PyTorch not installed. Cannot use GNN method.
2026-10-09 03:20:09,617 - WARNING - GNN failed on rep 67: PyTorch not installed. Cannot use GNN method.
2026-10-09 03:20:10,702 - WARNING - GNN failed on rep 68: PyTorch not installed. Cannot use GNN method.
2026-10-09 03:20:11,857 - WARNING - GNN failed on rep 69: PyTorch not installed. Cannot use GNN method.
2026-10-09 03:20:12,966 - WARNING - GNN failed on rep 70: PyTorch not installed. Cannot use GNN method.
2026-10-09 03:20:14,228 - WARNING - GNN failed on rep 71: PyTorch not installed. Cannot use GNN method.
2026-10-09 03:20:15,330 - WARNING - GNN failed on rep 72: PyTorch not installed. Cannot use GNN method.
2026-10-09 03:20:16,442 - WARNING - GNN failed on rep 73: PyTorch not installed. Cannot use GNN method.
2026-10-09 03:20:17,547 - WARNING - GNN failed on rep 74: PyTorch not installed. Cannot use GNN method.
2026-10-09 03:20:18,857 - WARNING - GNN failed on rep 75: PyTorch not installed. Cannot use GNN method.
2026-10-09 03:20:20,033 - WARNING - GNN failed on rep 76: PyTorch not installed. Cannot use GNN method.
2026-10-09 03:20:21,114 - WARNING - GNN failed on rep 77: PyTorch not installed. Cannot use GNN method.
2026-10-09 03:20:22,180 - WARNING - GNN failed on rep 78: PyTorch not installed. Cannot use GNN method.
2026-10-09 03:20:23,252 - WARNING - GNN failed on rep 79: PyTorch not installed. Cannot use GNN method.
2026-10-09 03:20:24,331 - WARNING - GNN failed on rep 80: PyTorch not installed. Cannot use GNN method.
2026-10-09 03:20:25,406 - WARNING - GNN failed on rep 81: PyTorch not installed. Cannot use GNN method.
2026-10-09 03:20:26,485 - WARNING - GNN failed on rep 82: PyTorch not installed. Cannot use GNN method.
2026-10-09 03:20:27,560 - WARNING - GNN failed on rep 83: PyTorch not installed. Cannot use GNN method.
2026-10-09 03:20:29,362 - WARNING - GNN failed on rep 84: PyTorch not installed. Cannot use GNN method.
2026-10-09 03:20:30,569 - WARNING - GNN failed on rep 85: PyTorch not installed. Cannot use GNN method.
2026-10-09 03:20:31,650 - WARNING - GNN failed on rep 86: PyTorch not installed. Cannot use GNN method.
2026-10-09 03:20:32,715 - WARNING - GNN failed on rep 87: PyTorch not installed. Cannot use GNN method.
2026-10-09 03:20:33,836 - WARNING - GNN failed on rep 88: PyTorch not installed. Cannot use GNN method.
2026-10-09 03:20:34,926 - WARNING - GNN failed on rep 89: PyTorch not installed. Cannot use GNN method.
2026-10-09 03:20:36,044 - WARNING - GNN failed on rep 90: PyTorch not installed. Cannot use GNN method.
2026-10-09 03:20:37,145 - WARNING - GNN failed on rep 91: PyTorch not installed. Cannot use GNN method.
2026-10-09 03:20:38,220 - WARNING - GNN failed on rep 92: PyTorch not installed. Cannot use GNN method.
2026-10-09 03:20:39,319 - WARNING - GNN failed on rep 93: PyTorch not installed. Cannot use GNN method.
2026-10-09 03:20:40,398 - WARNING - GNN failed on rep 94: PyTorch not installed. Cannot use GNN method.
2026-10-09 03:20:41,490 - WARNING - GNN failed on rep 95: PyTorch not installed. Cannot use GNN method.
2026-10-09 03:20:42,551 - WARNING - GNN failed on rep 96: PyTorch not installed. Cannot use GNN method.
2026-10-09 03:20:43,634 - WARNING - GNN failed on rep 97: PyTorch not installed. Cannot use GNN method.
2026-10-09 03:20:44,725 - WARNING - GNN failed on rep 98: PyTorch not installed. Cannot use GNN method.
2026-10-09 03:20:45,791 - WARNING - GNN failed on rep 99: PyTorch not installed. Cannot use GNN method.
2026-10-09 03:20:45,799 - INFO - Completed: T150_N0.1_D4_DF3
2026-10-09 03:20:45,806 - INFO - Configuration 39/90
2026-10-09 03:20:45,808 - INFO - Starting configuration: T150_N0.1_D2_DF5
2026-10-09 03:20:47,327 - WARNING - GNN failed on rep 0: PyTorch not installed. Cannot use GNN method.
2026-10-09 03:20:48,521 - WARNING - GNN failed on rep 1: PyTorch not installed. Cannot use GNN method.
2026-10-09 03:20:49,585 - WARNING - GNN failed on rep 2: PyTorch not installed. Cannot use GNN method.
2026-10-09 03:20:50,654 - WARNING - GNN failed on rep 3: PyTorch not installed. Cannot use GNN method.
2026-10-09 03:20:51,718 - WARNING - GNN failed on rep 4: PyTorch not installed. Cannot use GNN method.
2026-10-09 03:20:52,780 - WARNING - GNN failed on rep 5: PyTorch not installed. Cannot use GNN method.
2026-10-09 03:20:53,887 - WARNING - GNN failed on rep 6: PyTorch not installed. Cannot use GNN method.
2026-10-09 03:20:54,942 - WARNING - GNN failed on rep 7: PyTorch not installed. Cannot use GNN method.
2026-10-09 03:20:56,031 - WARNING - GNN failed on rep 8: PyTorch not installed. Cannot use GNN method.
2026-10-09 03:20:57,142 - WARNING - GNN failed on rep 9: PyTorch not installed. Cannot use GNN method.
2026-10-09 03:20:58,217 - WARNING - GNN failed on rep 10: PyTorch not installed. Cannot use GNN method.
2026-10-09 03:20:59,288 - WARNING - GNN failed on rep 11: PyTorch not installed. Cannot use GNN method.
2026-10-09 03:21:00,373 - WARNING - GNN failed on rep 12: PyTorch not installed. Cannot use GNN method.
2026-10-09 03:21:01,463 - WARNING - GNN failed on rep 13: PyTorch not installed. Cannot use GNN method.
2026-10-09 03:21:02,526 - WARNING - GNN failed on rep 14: PyTorch not installed. Cannot use GNN method.
2026-10-09 03:21:03,592 - WARNING - GNN failed on rep 15: PyTorch not installed. Cannot use GNN method.
2026-10-09 03:21:04,673 - WARNING - GNN failed on rep 16: PyTorch not installed. Cannot use GNN method.
2026-10-09 03:21:05,730 - WARNING - GNN failed on rep 17: PyTorch not installed. Cannot use GNN method.
2026-10-09 03:21:06,925 - WARNING - GNN failed on rep 18: PyTorch not installed. Cannot use GNN method.
2026-10-09 03:21:07,975 - WARNING - GNN failed on rep 19: PyTorch not installed. Cannot use GNN method.
2026-10-09 03:21:09,031 - WARNING - GNN failed on rep 20: PyTorch not installed. Cannot use GNN method.
2026-10-09 03:21:10,155 - WARNING - GNN failed on rep 21: PyTorch not installed. Cannot use GNN method.
2026-10-09 03:21:11,253 - WARNING - GNN failed on rep 22: PyTorch not installed. Cannot use GNN method.
2026-10-09 03:21:12,376 - WARNING - GNN failed on rep 23: PyTorch not installed. Cannot use GNN method.
2026-10-09 03:21:13,464 - WARNING - GNN failed on rep 24: PyTorch not installed. Cannot use GNN method.
2026-10-09 03:21:14,601 - WARNING - GNN failed on rep 25: PyTorch not installed. Cannot use GNN method.
2026-10-09 03:21:15,955 - WARNING - GNN failed on rep 26: PyTorch not installed. Cannot use GNN method.
2026-10-09 03:21:17,163 - WARNING - GNN failed on rep 27: PyTorch not installed. Cannot use GNN method.
2026-10-09 03:21:18,326 - WARNING - GNN failed on rep 28: PyTorch not installed. Cannot use GNN method.
2026-10-09 03:21:19,497 - WARNING - GNN failed on rep 29: PyTorch not installed. Cannot use GNN method.
2026-10-09 03:21:20,586 - WARNING - GNN failed on rep 30: PyTorch not installed. Cannot use GNN method.
2026-10-09 03:21:21,708 - WARNING - GNN failed on rep 31: PyTorch not installed. Cannot use GNN method.
2026-10-09 03:21:22,777 - WARNING - GNN failed on rep 32: PyTorch not installed. Cannot use GNN method.
2026-10-09 03:21:23,871 - WARNING - GNN failed on rep 33: PyTorch not installed. Cannot use GNN method.
2026-10-09 03:21:25,002 - WARNING - GNN failed on rep 34: PyTorch not installed. Cannot use GNN method.
2026-10-09 03:21:26,107 - WARNING - GNN failed on rep 35: PyTorch not installed. Cannot use GNN method.
2026-10-09 03:21:27,321 - WARNING - GNN failed on rep 36: PyTorch not installed. Cannot use GNN method.
2026-10-09 03:21:28,880 - WARNING - GNN failed on rep 37: PyTorch not installed. Cannot use GNN method.
2026-10-09 03:21:29,942 - WARNING - GNN failed on rep 38: PyTorch not installed. Cannot use GNN method.
2026-10-09 03:21:31,033 - WARNING - GNN failed on rep 39: PyTorch not installed. Cannot use GNN method.
2026-10-09 03:21:32,124 - WARNING - GNN failed on rep 40: PyTorch not installed. Cannot use GNN method.
2026-10-09 03:21:33,208 - WARNING - GNN failed on rep 41: PyTorch not installed. Cannot use GNN method.
2026-10-09 03:21:34,311 - WARNING - GNN failed on rep 42: PyTorch not installed. Cannot use GNN method.
2026-10-09 03:21:35,431 - WARNING - GNN failed on rep 43: PyTorch not installed. Cannot use GNN method.
2026-10-09 03:21:36,523 - WARNING - GNN failed on rep 44: PyTorch not installed. Cannot use GNN method.
2026-10-09 03:21:37,613 - WARNING - GNN failed on rep 45: PyTorch not installed. Cannot use GNN method.
2026-10-09 03:21:38,716 - WARNING - GNN failed on rep 46: PyTorch not installed. Cannot use GNN method.
2026-10-09 03:21:39,823 - WARNING - GNN failed on rep 47: PyTorch not installed. Cannot use GNN method.
2026-10-09 03:21:40,905 - WARNING - GNN failed on rep 48: PyTorch not installed. Cannot use GNN method.
2026-10-09 03:21:41,996 - WARNING - GNN failed on rep 49: PyTorch not installed. Cannot use GNN method.
2026-10-09 03:21:43,128 - WARNING - GNN failed on rep 50: PyTorch not installed. Cannot use GNN method.
2026-10-09 03:21:44,198 - WARNING - GNN failed on rep 51: PyTorch not installed. Cannot use GNN method.
2026-10-09 03:21:45,301 - WARNING - GNN failed on rep 52: PyTorch not installed. Cannot use GNN method.
2026-10-09 03:21:46,400 - WARNING - GNN failed on rep 53: PyTorch not installed. Cannot use GNN method.
2026-10-09 03:21:47,865 - WARNING - GNN failed on rep 54: PyTorch not installed. Cannot use GNN method.
2026-10-09 03:21:50,187 - WARNING - GNN failed on rep 55: PyTorch not installed. Cannot use GNN method.
2026-10-09 03:21:52,016 - WARNING - GNN failed on rep 56: PyTorch not installed. Cannot use GNN method.
2026-10-09 03:21:53,491 - WARNING - GNN failed on rep 57: PyTorch not installed. Cannot use GNN method.
2026-10-09 03:21:54,962 - WARNING - GNN failed on rep 58: PyTorch not installed. Cannot use GNN method.
2026-10-09 03:21:56,164 - WARNING - GNN failed on rep 59: PyTorch not installed. Cannot use GNN method.
2026-10-09 03:21:57,316 - WARNING - GNN failed on rep 60: PyTorch not installed. Cannot use GNN method.
2026-10-09 03:21:58,608 - WARNING - GNN failed on rep 61: PyTorch not installed. Cannot use GNN method.
2026-10-09 03:21:59,986 - WARNING - GNN failed on rep 62: PyTorch not installed. Cannot use GNN method.
2026-10-09 03:22:01,380 - WARNING - GNN failed on rep 63: PyTorch not installed. Cannot use GNN method.
2026-10-09 03:22:02,766 - WARNING - GNN failed on rep 64: PyTorch not installed. Cannot use GNN method.
2026-10-09 03:22:04,230 - WARNING - GNN failed on rep 65: PyTorch not installed. Cannot use GNN method.
2026-10-09 03:22:05,785 - WARNING - GNN failed on rep 66: PyTorch not installed. Cannot use GNN method.
2026-10-09 03:22:07,313 - WARNING - GNN failed on rep 67: PyTorch not installed. Cannot use GNN method.
2026-10-09 03:22:08,828 - WARNING - GNN failed on rep 68: PyTorch not installed. Cannot use GNN method.
2026-10-09 03:22:10,318 - WARNING - GNN failed on rep 69: PyTorch not installed. Cannot use GNN method.
2026-10-09 03:22:11,463 - WARNING - GNN failed on rep 70: PyTorch not installed. Cannot use GNN method.
2026-10-09 03:22:12,658 - WARNING - GNN failed on rep 71: PyTorch not installed. Cannot use GNN method.
2026-10-09 03:22:13,839 - WARNING - GNN failed on rep 72: PyTorch not installed. Cannot use GNN method.
2026-10-09 03:22:14,930 - WARNING - GNN failed on rep 73: PyTorch not installed. Cannot use GNN method.
2026-10-09 03:22:16,056 - WARNING - GNN failed on rep 74: PyTorch not installed. Cannot use GNN method.
2026-10-09 03:22:17,233 - WARNING - GNN failed on rep 75: PyTorch not installed. Cannot use GNN method.
2026-10-09 03:22:18,396 - WARNING - GNN failed on rep 76: PyTorch not installed. Cannot use GNN method.
2026-10-09 03:22:19,505 - WARNING - GNN failed on rep 77: PyTorch not installed. Cannot use GNN method.
2026-10-09 03:22:20,642 - WARNING - GNN failed on rep 78: PyTorch not installed. Cannot use GNN method.
2026-10-09 03:22:21,738 - WARNING - GNN failed on rep 79: PyTorch not installed. Cannot use GNN method.
2026-10-09 03:22:22,880 - WARNING - GNN failed on rep 80: PyTorch not installed. Cannot use GNN method.
2026-10-09 03:22:23,958 - WARNING - GNN failed on rep 81: PyTorch not installed. Cannot use GNN method.
2026-10-09 03:22:25,130 - WARNING - GNN failed on rep 82: PyTorch not installed. Cannot use GNN method.
2026-10-09 03:22:26,220 - WARNING - GNN failed on rep 83: PyTorch not installed. Cannot use GNN method.
2026-10-09 03:22:27,315 - WARNING - GNN failed on rep 84: PyTorch not installed. Cannot use GNN method.
2026-10-09 03:22:29,547 - WARNING - GNN failed on rep 85: PyTorch not installed. Cannot use GNN method.
2026-10-09 03:22:31,228 - WARNING - GNN failed on rep 86: PyTorch not installed. Cannot use GNN method.
2026-10-09 03:22:32,829 - WARNING - GNN failed on rep 87: PyTorch not installed. Cannot use GNN method.
2026-10-09 03:22:33,979 - WARNING - GNN failed on rep 88: PyTorch not installed. Cannot use GNN method.
2026-10-09 03:22:35,056 - WARNING - GNN failed on rep 89: PyTorch not installed. Cannot use GNN method.
2026-10-09 03:22:36,128 - WARNING - GNN failed on rep 90: PyTorch not installed. Cannot use GNN method.
2026-10-09 03:22:37,227 - WARNING - GNN failed on rep 91: PyTorch not installed. Cannot use GNN method.
2026-10-09 03:22:38,365 - WARNING - GNN failed on rep 92: PyTorch not installed. Cannot use GNN method.
2026-10-09 03:22:39,549 - WARNING - GNN failed on rep 93: PyTorch not installed. Cannot use GNN method.
2026-10-09 03:22:40,701 - WARNING - GNN failed on rep 94: PyTorch not installed. Cannot use GNN method.
2026-10-09 03:22:41,869 - WARNING - GNN failed on rep 95: PyTorch not installed. Cannot use GNN method.
2026-10-09 03:22:43,034 - WARNING - GNN failed on rep 96: PyTorch not installed. Cannot use GNN method.
2026-10-09 03:22:44,338 - WARNING - GNN failed on rep 97: PyTorch not installed. Cannot use GNN method.
2026-10-09 03:22:45,481 - WARNING - GNN failed on rep 98: PyTorch not installed. Cannot use GNN method.
2026-10-09 03:22:46,623 - WARNING - GNN failed on rep 99: PyTorch not installed. Cannot use GNN method.
2026-10-09 03:22:46,632 - INFO - Completed: T150_N0.1_D2_DF5
2026-10-09 03:22:46,640 - INFO - Configuration 40/90
2026-10-09 03:22:46,642 - INFO - Starting configuration: T150_N0.1_D4_DF5
2026-10-09 03:22:48,199 - WARNING - GNN failed on rep 0: PyTorch not installed. Cannot use GNN method.
2026-10-09 03:22:49,363 - WARNING - GNN failed on rep 1: PyTorch not installed. Cannot use GNN method.
2026-10-09 03:22:51,006 - WARNING - GNN failed on rep 2: PyTorch not installed. Cannot use GNN method.
2026-10-09 03:22:52,319 - WARNING - GNN failed on rep 3: PyTorch not installed. Cannot use GNN method.
2026-10-09 03:22:53,817 - WARNING - GNN failed on rep 4: PyTorch not installed. Cannot use GNN method.
2026-10-09 03:22:54,980 - WARNING - GNN failed on rep 5: PyTorch not installed. Cannot use GNN method.
2026-10-09 03:22:56,520 - WARNING - GNN failed on rep 6: PyTorch not installed. Cannot use GNN method.
2026-10-09 03:22:58,134 - WARNING - GNN failed on rep 7: PyTorch not installed. Cannot use GNN method.
2026-10-09 03:22:59,260 - WARNING - GNN failed on rep 8: PyTorch not installed. Cannot use GNN method.
2026-10-09 03:23:00,432 - WARNING - GNN failed on rep 9: PyTorch not installed. Cannot use GNN method.
2026-10-09 03:23:03,063 - WARNING - GNN failed on rep 10: PyTorch not installed. Cannot use GNN method.
2026-10-09 03:23:04,327 - WARNING - GNN failed on rep 11: PyTorch not installed. Cannot use GNN method.
2026-10-09 03:23:05,522 - WARNING - GNN failed on rep 12: PyTorch not installed. Cannot use GNN method.
2026-10-09 03:23:06,693 - WARNING - GNN failed on rep 13: PyTorch not installed. Cannot use GNN method.
2026-10-09 03:23:07,867 - WARNING - GNN failed on rep 14: PyTorch not installed. Cannot use GNN method.
2026-10-09 03:23:09,056 - WARNING - GNN failed on rep 15: PyTorch not installed. Cannot use GNN method.
2026-10-09 03:23:10,209 - WARNING - GNN failed on rep 16: PyTorch not installed. Cannot use GNN method.
2026-10-09 03:23:11,404 - WARNING - GNN failed on rep 17: PyTorch not installed. Cannot use GNN method.
2026-10-09 03:23:12,555 - WARNING - GNN failed on rep 18: PyTorch not installed. Cannot use GNN method.
2026-10-09 03:23:13,682 - WARNING - GNN failed on rep 19: PyTorch not installed. Cannot use GNN method.
2026-10-09 03:23:14,897 - WARNING - GNN failed on rep 20: PyTorch not installed. Cannot use GNN method.
2026-10-09 03:23:16,028 - WARNING - GNN failed on rep 21: PyTorch not installed. Cannot use GNN method.
2026-10-09 03:23:17,135 - WARNING - GNN failed on rep 22: PyTorch not installed. Cannot use GNN method.
2026-10-09 03:23:18,299 - WARNING - GNN failed on rep 23: PyTorch not installed. Cannot use GNN method.
2026-10-09 03:23:19,415 - WARNING - GNN failed on rep 24: PyTorch not installed. Cannot use GNN method.
2026-10-09 03:23:20,706 - WARNING - GNN failed on rep 25: PyTorch not installed. Cannot use GNN method.
2026-10-09 03:23:21,848 - WARNING - GNN failed on rep 26: PyTorch not installed. Cannot use GNN method.
2026-10-09 03:23:23,027 - WARNING - GNN failed on rep 27: PyTorch not installed. Cannot use GNN method.
2026-10-09 03:23:24,141 - WARNING - GNN failed on rep 28: PyTorch not installed. Cannot use GNN method.
2026-10-09 03:23:25,270 - WARNING - GNN failed on rep 29: PyTorch not installed. Cannot use GNN method.
2026-10-09 03:23:26,371 - WARNING - GNN failed on rep 30: PyTorch not installed. Cannot use GNN method.
2026-10-09 03:23:27,509 - WARNING - GNN failed on rep 31: PyTorch not installed. Cannot use GNN method.
2026-10-09 03:23:29,501 - WARNING - GNN failed on rep 32: PyTorch not installed. Cannot use GNN method.
2026-10-09 03:23:30,682 - WARNING - GNN failed on rep 33: PyTorch not installed. Cannot use GNN method.
2026-10-09 03:23:31,766 - WARNING - GNN failed on rep 34: PyTorch not installed. Cannot use GNN method.
2026-10-09 03:23:32,911 - WARNING - GNN failed on rep 35: PyTorch not installed. Cannot use GNN method.
2026-10-09 03:23:34,026 - WARNING - GNN failed on rep 36: PyTorch not installed. Cannot use GNN method.
2026-10-09 03:23:35,155 - WARNING - GNN failed on rep 37: PyTorch not installed. Cannot use GNN method.
2026-10-09 03:23:36,282 - WARNING - GNN failed on rep 38: PyTorch not installed. Cannot use GNN method.
2026-10-09 03:23:37,441 - WARNING - GNN failed on rep 39: PyTorch not installed. Cannot use GNN method.
2026-10-09 03:23:38,556 - WARNING - GNN failed on rep 40: PyTorch not installed. Cannot use GNN method.
2026-10-09 03:23:39,662 - WARNING - GNN failed on rep 41: PyTorch not installed. Cannot use GNN method.
2026-10-09 03:23:40,929 - WARNING - GNN failed on rep 42: PyTorch not installed. Cannot use GNN method.
2026-10-09 03:23:42,145 - WARNING - GNN failed on rep 43: PyTorch not installed. Cannot use GNN method.
2026-10-09 03:23:43,262 - WARNING - GNN failed on rep 44: PyTorch not installed. Cannot use GNN method.
2026-10-09 03:23:44,354 - WARNING - GNN failed on rep 45: PyTorch not installed. Cannot use GNN method.
2026-10-09 03:23:45,437 - WARNING - GNN failed on rep 46: PyTorch not installed. Cannot use GNN method.
2026-10-09 03:23:46,549 - WARNING - GNN failed on rep 47: PyTorch not installed. Cannot use GNN method.
2026-10-09 03:23:47,683 - WARNING - GNN failed on rep 48: PyTorch not installed. Cannot use GNN method.
2026-10-09 03:23:48,810 - WARNING - GNN failed on rep 49: PyTorch not installed. Cannot use GNN method.
2026-10-09 03:23:49,913 - WARNING - GNN failed on rep 50: PyTorch not installed. Cannot use GNN method.
2026-10-09 03:23:51,032 - WARNING - GNN failed on rep 51: PyTorch not installed. Cannot use GNN method.
2026-10-09 03:23:52,133 - WARNING - GNN failed on rep 52: PyTorch not installed. Cannot use GNN method.
2026-10-09 03:23:53,234 - WARNING - GNN failed on rep 53: PyTorch not installed. Cannot use GNN method.
2026-10-09 03:23:54,343 - WARNING - GNN failed on rep 54: PyTorch not installed. Cannot use GNN method.
2026-10-09 03:23:55,480 - WARNING - GNN failed on rep 55: PyTorch not installed. Cannot use GNN method.
2026-10-09 03:23:56,585 - WARNING - GNN failed on rep 56: PyTorch not installed. Cannot use GNN method.
2026-10-09 03:23:57,706 - WARNING - GNN failed on rep 57: PyTorch not installed. Cannot use GNN method.
2026-10-09 03:23:58,862 - WARNING - GNN failed on rep 58: PyTorch not installed. Cannot use GNN method.
2026-10-09 03:24:00,060 - WARNING - GNN failed on rep 59: PyTorch not installed. Cannot use GNN method.
2026-10-09 03:24:01,156 - WARNING - GNN failed on rep 60: PyTorch not installed. Cannot use GNN method.
2026-10-09 03:24:02,379 - WARNING - GNN failed on rep 61: PyTorch not installed. Cannot use GNN method.
2026-10-09 03:24:03,506 - WARNING - GNN failed on rep 62: PyTorch not installed. Cannot use GNN method.
2026-10-09 03:24:04,612 - WARNING - GNN failed on rep 63: PyTorch not installed. Cannot use GNN method.
2026-10-09 03:24:05,691 - WARNING - GNN failed on rep 64: PyTorch not installed. Cannot use GNN method.
2026-10-09 03:24:06,814 - WARNING - GNN failed on rep 65: PyTorch not installed. Cannot use GNN method.
2026-10-09 03:24:07,975 - WARNING - GNN failed on rep 66: PyTorch not installed. Cannot use GNN method.
2026-10-09 03:24:09,072 - WARNING - GNN failed on rep 67: PyTorch not installed. Cannot use GNN method.
2026-10-09 03:24:10,209 - WARNING - GNN failed on rep 68: PyTorch not installed. Cannot use GNN method.
2026-10-09 03:24:11,312 - WARNING - GNN failed on rep 69: PyTorch not installed. Cannot use GNN method.
2026-10-09 03:24:12,412 - WARNING - GNN failed on rep 70: PyTorch not installed. Cannot use GNN method.
2026-10-09 03:24:13,530 - WARNING - GNN failed on rep 71: PyTorch not installed. Cannot use GNN method.
2026-10-09 03:24:14,612 - WARNING - GNN failed on rep 72: PyTorch not installed. Cannot use GNN method.
2026-10-09 03:24:15,716 - WARNING - GNN failed on rep 73: PyTorch not installed. Cannot use GNN method.
2026-10-09 03:24:16,838 - WARNING - GNN failed on rep 74: PyTorch not installed. Cannot use GNN method.
2026-10-09 03:24:17,913 - WARNING - GNN failed on rep 75: PyTorch not installed. Cannot use GNN method.
2026-10-09 03:24:19,122 - WARNING - GNN failed on rep 76: PyTorch not installed. Cannot use GNN method.
2026-10-09 03:24:20,246 - WARNING - GNN failed on rep 77: PyTorch not installed. Cannot use GNN method.
2026-10-09 03:24:21,378 - WARNING - GNN failed on rep 78: PyTorch not installed. Cannot use GNN method.
2026-10-09 03:24:22,482 - WARNING - GNN failed on rep 79: PyTorch not installed. Cannot use GNN method.
2026-10-09 03:24:23,574 - WARNING - GNN failed on rep 80: PyTorch not installed. Cannot use GNN method.
2026-10-09 03:24:24,682 - WARNING - GNN failed on rep 81: PyTorch not installed. Cannot use GNN method.
2026-10-09 03:24:25,755 - WARNING - GNN failed on rep 82: PyTorch not installed. Cannot use GNN method.
2026-10-09 03:24:27,375 - WARNING - GNN failed on rep 83: PyTorch not installed. Cannot use GNN method.
2026-10-09 03:24:29,624 - WARNING - GNN failed on rep 84: PyTorch not installed. Cannot use GNN method.
2026-10-09 03:24:30,753 - WARNING - GNN failed on rep 85: PyTorch not installed. Cannot use GNN method.
2026-10-09 03:24:31,914 - WARNING - GNN failed on rep 86: PyTorch not installed. Cannot use GNN method.
2026-10-09 03:24:32,972 - WARNING - GNN failed on rep 87: PyTorch not installed. Cannot use GNN method.
2026-10-09 03:24:34,046 - WARNING - GNN failed on rep 88: PyTorch not installed. Cannot use GNN method.
2026-10-09 03:24:35,143 - WARNING - GNN failed on rep 89: PyTorch not installed. Cannot use GNN method.
2026-10-09 03:24:36,248 - WARNING - GNN failed on rep 90: PyTorch not installed. Cannot use GNN method.
2026-10-09 03:24:37,353 - WARNING - GNN failed on rep 91: PyTorch not installed. Cannot use GNN method.
2026-10-09 03:24:38,493 - WARNING - GNN failed on rep 92: PyTorch not installed. Cannot use GNN method.
2026-10-09 03:24:39,562 - WARNING - GNN failed on rep 93: PyTorch not installed. Cannot use GNN method.
2026-10-09 03:24:40,781 - WARNING - GNN failed on rep 94: PyTorch not installed. Cannot use GNN method.
2026-10-09 03:24:41,874 - WARNING - GNN failed on rep 95: PyTorch not installed. Cannot use GNN method.
2026-10-09 03:24:42,967 - WARNING - GNN failed on rep 96: PyTorch not installed. Cannot use GNN method.
2026-10-09 03:24:44,111 - WARNING - GNN failed on rep 97: PyTorch not installed. Cannot use GNN method.
2026-10-09 03:24:45,210 - WARNING - GNN failed on rep 98: PyTorch not installed. Cannot use GNN method.
2026-10-09 03:24:46,287 - WARNING - GNN failed on rep 99: PyTorch not installed. Cannot use GNN method.
2026-10-09 03:24:46,295 - INFO - Completed: T150_N0.1_D4_DF5
2026-10-09 03:24:46,315 - INFO - Configuration 41/90
2026-10-09 03:24:46,316 - INFO - Starting configuration: T150_N0.1_D2_DF10
2026-10-09 03:24:47,833 - WARNING - GNN failed on rep 0: PyTorch not installed. Cannot use GNN method.
2026-10-09 03:24:48,931 - WARNING - GNN failed on rep 1: PyTorch not installed. Cannot use GNN method.
2026-10-09 03:24:49,995 - WARNING - GNN failed on rep 2: PyTorch not installed. Cannot use GNN method.
2026-10-09 03:24:51,339 - WARNING - GNN failed on rep 3: PyTorch not installed. Cannot use GNN method.
2026-10-09 03:24:52,476 - WARNING - GNN failed on rep 4: PyTorch not installed. Cannot use GNN method.
2026-10-09 03:24:53,607 - WARNING - GNN failed on rep 5: PyTorch not installed. Cannot use GNN method.
2026-10-09 03:24:54,741 - WARNING - GNN failed on rep 6: PyTorch not installed. Cannot use GNN method.
2026-10-09 03:24:55,823 - WARNING - GNN failed on rep 7: PyTorch not installed. Cannot use GNN method.
2026-10-09 03:24:56,967 - WARNING - GNN failed on rep 8: PyTorch not installed. Cannot use GNN method.
2026-10-09 03:24:58,103 - WARNING - GNN failed on rep 9: PyTorch not installed. Cannot use GNN method.
2026-10-09 03:24:59,303 - WARNING - GNN failed on rep 10: PyTorch not installed. Cannot use GNN method.
2026-10-09 03:25:00,389 - WARNING - GNN failed on rep 11: PyTorch not installed. Cannot use GNN method.
2026-10-09 03:25:01,487 - WARNING - GNN failed on rep 12: PyTorch not installed. Cannot use GNN method.
2026-10-09 03:25:02,608 - WARNING - GNN failed on rep 13: PyTorch not installed. Cannot use GNN method.
2026-10-09 03:25:03,709 - WARNING - GNN failed on rep 14: PyTorch not installed. Cannot use GNN method.
2026-10-09 03:25:04,892 - WARNING - GNN failed on rep 15: PyTorch not installed. Cannot use GNN method.
2026-10-09 03:25:05,978 - WARNING - GNN failed on rep 16: PyTorch not installed. Cannot use GNN method.
2026-10-09 03:25:07,083 - WARNING - GNN failed on rep 17: PyTorch not installed. Cannot use GNN method.
2026-10-09 03:25:08,179 - WARNING - GNN failed on rep 18: PyTorch not installed. Cannot use GNN method.
2026-10-09 03:25:09,278 - WARNING - GNN failed on rep 19: PyTorch not installed. Cannot use GNN method.
2026-10-09 03:25:10,360 - WARNING - GNN failed on rep 20: PyTorch not installed. Cannot use GNN method.
2026-10-09 03:25:11,556 - WARNING - GNN failed on rep 21: PyTorch not installed. Cannot use GNN method.
2026-10-09 03:25:12,689 - WARNING - GNN failed on rep 22: PyTorch not installed. Cannot use GNN method.
2026-10-09 03:25:14,026 - WARNING - GNN failed on rep 23: PyTorch not installed. Cannot use GNN method.
2026-10-09 03:25:15,354 - WARNING - GNN failed on rep 24: PyTorch not installed. Cannot use GNN method.
2026-10-09 03:25:16,497 - WARNING - GNN failed on rep 25: PyTorch not installed. Cannot use GNN method.
2026-10-09 03:25:17,641 - WARNING - GNN failed on rep 26: PyTorch not installed. Cannot use GNN method.
2026-10-09 03:25:18,776 - WARNING - GNN failed on rep 27: PyTorch not installed. Cannot use GNN method.
2026-10-09 03:25:20,002 - WARNING - GNN failed on rep 28: PyTorch not installed. Cannot use GNN method.
2026-10-09 03:25:21,102 - WARNING - GNN failed on rep 29: PyTorch not installed. Cannot use GNN method.
2026-10-09 03:25:22,195 - WARNING - GNN failed on rep 30: PyTorch not installed. Cannot use GNN method.
2026-10-09 03:25:23,274 - WARNING - GNN failed on rep 31: PyTorch not installed. Cannot use GNN method.
2026-10-09 03:25:24,428 - WARNING - GNN failed on rep 32: PyTorch not installed. Cannot use GNN method.
2026-10-09 03:25:25,519 - WARNING - GNN failed on rep 33: PyTorch not installed. Cannot use GNN method.
2026-10-09 03:25:26,602 - WARNING - GNN failed on rep 34: PyTorch not installed. Cannot use GNN method.
2026-10-09 03:25:27,723 - WARNING - GNN failed on rep 35: PyTorch not installed. Cannot use GNN method.
2026-10-09 03:25:29,479 - WARNING - GNN failed on rep 36: PyTorch not installed. Cannot use GNN method.
2026-10-09 03:25:30,635 - WARNING - GNN failed on rep 37: PyTorch not installed. Cannot use GNN method.
2026-10-09 03:25:31,814 - WARNING - GNN failed on rep 38: PyTorch not installed. Cannot use GNN method.
2026-10-09 03:25:32,924 - WARNING - GNN failed on rep 39: PyTorch not installed. Cannot use GNN method.
2026-10-09 03:25:34,037 - WARNING - GNN failed on rep 40: PyTorch not installed. Cannot use GNN method.
2026-10-09 03:25:35,135 - WARNING - GNN failed on rep 41: PyTorch not installed. Cannot use GNN method.
2026-10-09 03:25:36,218 - WARNING - GNN failed on rep 42: PyTorch not installed. Cannot use GNN method.
2026-10-09 03:25:37,342 - WARNING - GNN failed on rep 43: PyTorch not installed. Cannot use GNN method.
2026-10-09 03:25:38,444 - WARNING - GNN failed on rep 44: PyTorch not installed. Cannot use GNN method.
2026-10-09 03:25:39,510 - WARNING - GNN failed on rep 45: PyTorch not installed. Cannot use GNN method.
2026-10-09 03:25:40,711 - WARNING - GNN failed on rep 46: PyTorch not installed. Cannot use GNN method.
2026-10-09 03:25:41,872 - WARNING - GNN failed on rep 47: PyTorch not installed. Cannot use GNN method.
2026-10-09 03:25:42,998 - WARNING - GNN failed on rep 48: PyTorch not installed. Cannot use GNN method.
2026-10-09 03:25:44,125 - WARNING - GNN failed on rep 49: PyTorch not installed. Cannot use GNN method.
2026-10-09 03:25:45,287 - WARNING - GNN failed on rep 50: PyTorch not installed. Cannot use GNN method.
2026-10-09 03:25:46,399 - WARNING - GNN failed on rep 51: PyTorch not installed. Cannot use GNN method.
2026-10-09 03:25:47,772 - WARNING - GNN failed on rep 52: PyTorch not installed. Cannot use GNN method.
2026-10-09 03:25:49,535 - WARNING - GNN failed on rep 53: PyTorch not installed. Cannot use GNN method.
2026-10-09 03:25:51,065 - WARNING - GNN failed on rep 54: PyTorch not installed. Cannot use GNN method.
2026-10-09 03:25:52,478 - WARNING - GNN failed on rep 55: PyTorch not installed. Cannot use GNN method.
2026-10-09 03:25:53,857 - WARNING - GNN failed on rep 56: PyTorch not installed. Cannot use GNN method.
2026-10-09 03:25:54,965 - WARNING - GNN failed on rep 57: PyTorch not installed. Cannot use GNN method.
2026-10-09 03:25:56,201 - WARNING - GNN failed on rep 58: PyTorch not installed. Cannot use GNN method.
2026-10-09 03:25:57,340 - WARNING - GNN failed on rep 59: PyTorch not installed. Cannot use GNN method.
2026-10-09 03:25:58,443 - WARNING - GNN failed on rep 60: PyTorch not installed. Cannot use GNN method.
2026-10-09 03:25:59,571 - WARNING - GNN failed on rep 61: PyTorch not installed. Cannot use GNN method.
2026-10-09 03:26:00,693 - WARNING - GNN failed on rep 62: PyTorch not installed. Cannot use GNN method.
2026-10-09 03:26:01,793 - WARNING - GNN failed on rep 63: PyTorch not installed. Cannot use GNN method.
2026-10-09 03:26:02,884 - WARNING - GNN failed on rep 64: PyTorch not installed. Cannot use GNN method.
2026-10-09 03:26:04,028 - WARNING - GNN failed on rep 65: PyTorch not installed. Cannot use GNN method.
2026-10-09 03:26:05,087 - WARNING - GNN failed on rep 66: PyTorch not installed. Cannot use GNN method.
2026-10-09 03:26:06,197 - WARNING - GNN failed on rep 67: PyTorch not installed. Cannot use GNN method.
2026-10-09 03:26:07,311 - WARNING - GNN failed on rep 68: PyTorch not installed. Cannot use GNN method.
2026-10-09 03:26:08,426 - WARNING - GNN failed on rep 69: PyTorch not installed. Cannot use GNN method.
2026-10-09 03:26:09,533 - WARNING - GNN failed on rep 70: PyTorch not installed. Cannot use GNN method.
2026-10-09 03:26:10,625 - WARNING - GNN failed on rep 71: PyTorch not installed. Cannot use GNN method.
2026-10-09 03:26:11,916 - WARNING - GNN failed on rep 72: PyTorch not installed. Cannot use GNN method.
2026-10-09 03:26:13,057 - WARNING - GNN failed on rep 73: PyTorch not installed. Cannot use GNN method.
2026-10-09 03:26:14,135 - WARNING - GNN failed on rep 74: PyTorch not installed. Cannot use GNN method.
2026-10-09 03:26:15,245 - WARNING - GNN failed on rep 75: PyTorch not installed. Cannot use GNN method.
2026-10-09 03:26:16,448 - WARNING - GNN failed on rep 76: PyTorch not installed. Cannot use GNN method.
2026-10-09 03:26:17,543 - WARNING - GNN failed on rep 77: PyTorch not installed. Cannot use GNN method.
2026-10-09 03:26:18,693 - WARNING - GNN failed on rep 78: PyTorch not installed. Cannot use GNN method.
2026-10-09 03:26:19,809 - WARNING - GNN failed on rep 79: PyTorch not installed. Cannot use GNN method.
2026-10-09 03:26:20,927 - WARNING - GNN failed on rep 80: PyTorch not installed. Cannot use GNN method.
2026-10-09 03:26:22,026 - WARNING - GNN failed on rep 81: PyTorch not installed. Cannot use GNN method.
2026-10-09 03:26:23,151 - WARNING - GNN failed on rep 82: PyTorch not installed. Cannot use GNN method.
2026-10-09 03:26:24,231 - WARNING - GNN failed on rep 83: PyTorch not installed. Cannot use GNN method.
2026-10-09 03:26:25,336 - WARNING - GNN failed on rep 84: PyTorch not installed. Cannot use GNN method.
2026-10-09 03:26:26,451 - WARNING - GNN failed on rep 85: PyTorch not installed. Cannot use GNN method.
2026-10-09 03:26:27,554 - WARNING - GNN failed on rep 86: PyTorch not installed. Cannot use GNN method.
2026-10-09 03:26:29,154 - WARNING - GNN failed on rep 87: PyTorch not installed. Cannot use GNN method.
2026-10-09 03:26:30,286 - WARNING - GNN failed on rep 88: PyTorch not installed. Cannot use GNN method.
2026-10-09 03:26:31,384 - WARNING - GNN failed on rep 89: PyTorch not installed. Cannot use GNN method.
2026-10-09 03:26:32,476 - WARNING - GNN failed on rep 90: PyTorch not installed. Cannot use GNN method.
2026-10-09 03:26:33,580 - WARNING - GNN failed on rep 91: PyTorch not installed. Cannot use GNN method.
2026-10-09 03:26:34,717 - WARNING - GNN failed on rep 92: PyTorch not installed. Cannot use GNN method.
2026-10-09 03:26:35,802 - WARNING - GNN failed on rep 93: PyTorch not installed. Cannot use GNN method.
2026-10-09 03:26:37,010 - WARNING - GNN failed on rep 94: PyTorch not installed. Cannot use GNN method.
2026-10-09 03:26:38,115 - WARNING - GNN failed on rep 95: PyTorch not installed. Cannot use GNN method.
2026-10-09 03:26:39,242 - WARNING - GNN failed on rep 96: PyTorch not installed. Cannot use GNN method.
2026-10-09 03:26:40,331 - WARNING - GNN failed on rep 97: PyTorch not installed. Cannot use GNN method.
2026-10-09 03:26:41,465 - WARNING - GNN failed on rep 98: PyTorch not installed. Cannot use GNN method.
2026-10-09 03:26:42,582 - WARNING - GNN failed on rep 99: PyTorch not installed. Cannot use GNN method.
2026-10-09 03:26:42,589 - INFO - Completed: T150_N0.1_D2_DF10
2026-10-09 03:26:42,594 - INFO - Configuration 42/90
2026-10-09 03:26:42,594 - INFO - Starting configuration: T150_N0.1_D4_DF10
2026-10-09 03:26:44,116 - WARNING - GNN failed on rep 0: PyTorch not installed. Cannot use GNN method.
2026-10-09 03:26:45,225 - WARNING - GNN failed on rep 1: PyTorch not installed. Cannot use GNN method.
2026-10-09 03:26:46,344 - WARNING - GNN failed on rep 2: PyTorch not installed. Cannot use GNN method.
2026-10-09 03:26:47,390 - WARNING - GNN failed on rep 3: PyTorch not installed. Cannot use GNN method.
2026-10-09 03:26:48,522 - WARNING - GNN failed on rep 4: PyTorch not installed. Cannot use GNN method.
2026-10-09 03:26:49,617 - WARNING - GNN failed on rep 5: PyTorch not installed. Cannot use GNN method.
2026-10-09 03:26:50,677 - WARNING - GNN failed on rep 6: PyTorch not installed. Cannot use GNN method.
2026-10-09 03:26:51,737 - WARNING - GNN failed on rep 7: PyTorch not installed. Cannot use GNN method.
2026-10-09 03:26:52,871 - WARNING - GNN failed on rep 8: PyTorch not installed. Cannot use GNN method.
2026-10-09 03:26:54,103 - WARNING - GNN failed on rep 9: PyTorch not installed. Cannot use GNN method.
2026-10-09 03:26:55,196 - WARNING - GNN failed on rep 10: PyTorch not installed. Cannot use GNN method.
2026-10-09 03:26:56,296 - WARNING - GNN failed on rep 11: PyTorch not installed. Cannot use GNN method.
2026-10-09 03:26:57,395 - WARNING - GNN failed on rep 12: PyTorch not installed. Cannot use GNN method.
2026-10-09 03:26:58,472 - WARNING - GNN failed on rep 13: PyTorch not installed. Cannot use GNN method.
2026-10-09 03:26:59,659 - WARNING - GNN failed on rep 14: PyTorch not installed. Cannot use GNN method.
2026-10-09 03:27:00,735 - WARNING - GNN failed on rep 15: PyTorch not installed. Cannot use GNN method.
2026-10-09 03:27:01,862 - WARNING - GNN failed on rep 16: PyTorch not installed. Cannot use GNN method.
2026-10-09 03:27:02,979 - WARNING - GNN failed on rep 17: PyTorch not installed. Cannot use GNN method.
2026-10-09 03:27:04,072 - WARNING - GNN failed on rep 18: PyTorch not installed. Cannot use GNN method.
2026-10-09 03:27:05,175 - WARNING - GNN failed on rep 19: PyTorch not installed. Cannot use GNN method.
2026-10-09 03:27:06,245 - WARNING - GNN failed on rep 20: PyTorch not installed. Cannot use GNN method.
2026-10-09 03:27:07,371 - WARNING - GNN failed on rep 21: PyTorch not installed. Cannot use GNN method.
2026-10-09 03:27:08,518 - WARNING - GNN failed on rep 22: PyTorch not installed. Cannot use GNN method.
2026-10-09 03:27:09,589 - WARNING - GNN failed on rep 23: PyTorch not installed. Cannot use GNN method.
2026-10-09 03:27:10,684 - WARNING - GNN failed on rep 24: PyTorch not installed. Cannot use GNN method.
2026-10-09 03:27:11,787 - WARNING - GNN failed on rep 25: PyTorch not installed. Cannot use GNN method.
2026-10-09 03:27:12,823 - WARNING - GNN failed on rep 26: PyTorch not installed. Cannot use GNN method.
2026-10-09 03:27:13,987 - WARNING - GNN failed on rep 27: PyTorch not installed. Cannot use GNN method.
2026-10-09 03:27:15,023 - WARNING - GNN failed on rep 28: PyTorch not installed. Cannot use GNN method.
2026-10-09 03:27:16,081 - WARNING - GNN failed on rep 29: PyTorch not installed. Cannot use GNN method.
2026-10-09 03:27:17,130 - WARNING - GNN failed on rep 30: PyTorch not installed. Cannot use GNN method.
2026-10-09 03:27:18,185 - WARNING - GNN failed on rep 31: PyTorch not installed. Cannot use GNN method.
2026-10-09 03:27:19,224 - WARNING - GNN failed on rep 32: PyTorch not installed. Cannot use GNN method.
2026-10-09 03:27:20,268 - WARNING - GNN failed on rep 33: PyTorch not installed. Cannot use GNN method.
2026-10-09 03:27:21,325 - WARNING - GNN failed on rep 34: PyTorch not installed. Cannot use GNN method.
2026-10-09 03:27:22,381 - WARNING - GNN failed on rep 35: PyTorch not installed. Cannot use GNN method.
2026-10-09 03:27:23,412 - WARNING - GNN failed on rep 36: PyTorch not installed. Cannot use GNN method.
2026-10-09 03:27:24,467 - WARNING - GNN failed on rep 37: PyTorch not installed. Cannot use GNN method.
2026-10-09 03:27:25,510 - WARNING - GNN failed on rep 38: PyTorch not installed. Cannot use GNN method.
2026-10-09 03:27:26,597 - WARNING - GNN failed on rep 39: PyTorch not installed. Cannot use GNN method.
2026-10-09 03:27:27,646 - WARNING - GNN failed on rep 40: PyTorch not installed. Cannot use GNN method.
2026-10-09 03:27:29,183 - WARNING - GNN failed on rep 41: PyTorch not installed. Cannot use GNN method.
2026-10-09 03:27:30,231 - WARNING - GNN failed on rep 42: PyTorch not installed. Cannot use GNN method.
2026-10-09 03:27:31,303 - WARNING - GNN failed on rep 43: PyTorch not installed. Cannot use GNN method.
2026-10-09 03:27:32,542 - WARNING - GNN failed on rep 44: PyTorch not installed. Cannot use GNN method.
2026-10-09 03:27:34,637 - WARNING - GNN failed on rep 45: PyTorch not installed. Cannot use GNN method.
2026-10-09 03:27:36,785 - WARNING - GNN failed on rep 46: PyTorch not installed. Cannot use GNN method.
2026-10-09 03:27:38,971 - WARNING - GNN failed on rep 47: PyTorch not installed. Cannot use GNN method.
2026-10-09 03:27:41,385 - WARNING - GNN failed on rep 48: PyTorch not installed. Cannot use GNN method.
2026-10-09 03:27:43,589 - WARNING - GNN failed on rep 49: PyTorch not installed. Cannot use GNN method.
2026-10-09 03:27:45,809 - WARNING - GNN failed on rep 50: PyTorch not installed. Cannot use GNN method.
2026-10-09 03:27:47,963 - WARNING - GNN failed on rep 51: PyTorch not installed. Cannot use GNN method.
2026-10-09 03:27:50,359 - WARNING - GNN failed on rep 52: PyTorch not installed. Cannot use GNN method.
2026-10-09 03:27:52,522 - WARNING - GNN failed on rep 53: PyTorch not installed. Cannot use GNN method.
2026-10-09 03:27:54,781 - WARNING - GNN failed on rep 54: PyTorch not installed. Cannot use GNN method.
2026-10-09 03:27:55,906 - WARNING - GNN failed on rep 55: PyTorch not installed. Cannot use GNN method.
2026-10-09 03:27:57,021 - WARNING - GNN failed on rep 56: PyTorch not installed. Cannot use GNN method.
2026-10-09 03:27:58,115 - WARNING - GNN failed on rep 57: PyTorch not installed. Cannot use GNN method.
2026-10-09 03:27:59,207 - WARNING - GNN failed on rep 58: PyTorch not installed. Cannot use GNN method.
2026-10-09 03:28:00,281 - WARNING - GNN failed on rep 59: PyTorch not installed. Cannot use GNN method.
2026-10-09 03:28:01,389 - WARNING - GNN failed on rep 60: PyTorch not installed. Cannot use GNN method.
2026-10-09 03:28:02,500 - WARNING - GNN failed on rep 61: PyTorch not installed. Cannot use GNN method.
2026-10-09 03:28:03,601 - WARNING - GNN failed on rep 62: PyTorch not installed. Cannot use GNN method.
2026-10-09 03:28:04,673 - WARNING - GNN failed on rep 63: PyTorch not installed. Cannot use GNN method.
2026-10-09 03:28:05,760 - WARNING - GNN failed on rep 64: PyTorch not installed. Cannot use GNN method.
2026-10-09 03:28:06,904 - WARNING - GNN failed on rep 65: PyTorch not installed. Cannot use GNN method.
2026-10-09 03:28:08,001 - WARNING - GNN failed on rep 66: PyTorch not installed. Cannot use GNN method.
2026-10-09 03:28:09,206 - WARNING - GNN failed on rep 67: PyTorch not installed. Cannot use GNN method.
2026-10-09 03:28:10,298 - WARNING - GNN failed on rep 68: PyTorch not installed. Cannot use GNN method.
2026-10-09 03:28:11,423 - WARNING - GNN failed on rep 69: PyTorch not installed. Cannot use GNN method.
2026-10-09 03:28:12,520 - WARNING - GNN failed on rep 70: PyTorch not installed. Cannot use GNN method.
2026-10-09 03:28:13,628 - WARNING - GNN failed on rep 71: PyTorch not installed. Cannot use GNN method.
2026-10-09 03:28:15,353 - WARNING - GNN failed on rep 72: PyTorch not installed. Cannot use GNN method.
2026-10-09 03:28:16,517 - WARNING - GNN failed on rep 73: PyTorch not installed. Cannot use GNN method.
2026-10-09 03:28:17,642 - WARNING - GNN failed on rep 74: PyTorch not installed. Cannot use GNN method.
2026-10-09 03:28:18,748 - WARNING - GNN failed on rep 75: PyTorch not installed. Cannot use GNN method.
2026-10-09 03:28:19,863 - WARNING - GNN failed on rep 76: PyTorch not installed. Cannot use GNN method.
2026-10-09 03:28:20,950 - WARNING - GNN failed on rep 77: PyTorch not installed. Cannot use GNN method.
2026-10-09 03:28:22,043 - WARNING - GNN failed on rep 78: PyTorch not installed. Cannot use GNN method.
2026-10-09 03:28:23,123 - WARNING - GNN failed on rep 79: PyTorch not installed. Cannot use GNN method.
2026-10-09 03:28:24,330 - WARNING - GNN failed on rep 80: PyTorch not installed. Cannot use GNN method.
2026-10-09 03:28:25,414 - WARNING - GNN failed on rep 81: PyTorch not installed. Cannot use GNN method.
2026-10-09 03:28:26,490 - WARNING - GNN failed on rep 82: PyTorch not installed. Cannot use GNN method.
2026-10-09 03:28:27,577 - WARNING - GNN failed on rep 83: PyTorch not installed. Cannot use GNN method.
2026-10-09 03:28:29,744 - WARNING - GNN failed on rep 84: PyTorch not installed. Cannot use GNN method.
2026-10-09 03:28:30,841 - WARNING - GNN failed on rep 85: PyTorch not installed. Cannot use GNN method.
2026-10-09 03:28:31,966 - WARNING - GNN failed on rep 86: PyTorch not installed. Cannot use GNN method.
2026-10-09 03:28:33,074 - WARNING - GNN failed on rep 87: PyTorch not installed. Cannot use GNN method.
2026-10-09 03:28:34,137 - WARNING - GNN failed on rep 88: PyTorch not installed. Cannot use GNN method.
2026-10-09 03:28:35,315 - WARNING - GNN failed on rep 89: PyTorch not installed. Cannot use GNN method.
2026-10-09 03:28:36,431 - WARNING - GNN failed on rep 90: PyTorch not installed. Cannot use GNN method.
2026-10-09 03:28:37,523 - WARNING - GNN failed on rep 91: PyTorch not installed. Cannot use GNN method.
2026-10-09 03:28:38,603 - WARNING - GNN failed on rep 92: PyTorch not installed. Cannot use GNN method.
2026-10-09 03:28:39,698 - WARNING - GNN failed on rep 93: PyTorch not installed. Cannot use GNN method.
2026-10-09 03:28:40,790 - WARNING - GNN failed on rep 94: PyTorch not installed. Cannot use GNN method.
2026-10-09 03:28:42,013 - WARNING - GNN failed on rep 95: PyTorch not installed. Cannot use GNN method.
2026-10-09 03:28:43,113 - WARNING - GNN failed on rep 96: PyTorch not installed. Cannot use GNN method.
2026-10-09 03:28:44,231 - WARNING - GNN failed on rep 97: PyTorch not installed. Cannot use GNN method.
2026-10-09 03:28:45,291 - WARNING - GNN failed on rep 98: PyTorch not installed. Cannot use GNN method.
2026-10-09 03:28:46,443 - WARNING - GNN failed on rep 99: PyTorch not installed. Cannot use GNN method.
2026-10-09 03:28:46,450 - INFO - Completed: T150_N0.1_D4_DF10
2026-10-09 03:28:46,455 - INFO - Configuration 43/90
2026-10-09 03:28:46,456 - INFO - Starting configuration: T150_N0.3_D2_DF3
2026-10-09 03:28:48,041 - WARNING - GNN failed on rep 0: PyTorch not installed. Cannot use GNN method.
2026-10-09 03:28:49,189 - WARNING - GNN failed on rep 1: PyTorch not installed. Cannot use GNN method.
2026-10-09 03:28:50,349 - WARNING - GNN failed on rep 2: PyTorch not installed. Cannot use GNN method.
2026-10-09 03:28:51,497 - WARNING - GNN failed on rep 3: PyTorch not installed. Cannot use GNN method.
2026-10-09 03:28:52,663 - WARNING - GNN failed on rep 4: PyTorch not installed. Cannot use GNN method.
2026-10-09 03:28:53,756 - WARNING - GNN failed on rep 5: PyTorch not installed. Cannot use GNN method.
2026-10-09 03:28:54,864 - WARNING - GNN failed on rep 6: PyTorch not installed. Cannot use GNN method.
2026-10-09 03:28:56,008 - WARNING - GNN failed on rep 7: PyTorch not installed. Cannot use GNN method.
2026-10-09 03:28:57,078 - WARNING - GNN failed on rep 8: PyTorch not installed. Cannot use GNN method.
2026-10-09 03:28:58,212 - WARNING - GNN failed on rep 9: PyTorch not installed. Cannot use GNN method.
2026-10-09 03:28:59,316 - WARNING - GNN failed on rep 10: PyTorch not installed. Cannot use GNN method.
2026-10-09 03:29:00,568 - WARNING - GNN failed on rep 11: PyTorch not installed. Cannot use GNN method.
2026-10-09 03:29:01,687 - WARNING - GNN failed on rep 12: PyTorch not installed. Cannot use GNN method.
2026-10-09 03:29:02,801 - WARNING - GNN failed on rep 13: PyTorch not installed. Cannot use GNN method.
2026-10-09 03:29:03,895 - WARNING - GNN failed on rep 14: PyTorch not installed. Cannot use GNN method.
2026-10-09 03:29:04,989 - WARNING - GNN failed on rep 15: PyTorch not installed. Cannot use GNN method.
2026-10-09 03:29:06,052 - WARNING - GNN failed on rep 16: PyTorch not installed. Cannot use GNN method.
2026-10-09 03:29:07,139 - WARNING - GNN failed on rep 17: PyTorch not installed. Cannot use GNN method.
2026-10-09 03:29:08,212 - WARNING - GNN failed on rep 18: PyTorch not installed. Cannot use GNN method.
2026-10-09 03:29:09,338 - WARNING - GNN failed on rep 19: PyTorch not installed. Cannot use GNN method.
2026-10-09 03:29:10,652 - WARNING - GNN failed on rep 20: PyTorch not installed. Cannot use GNN method.
2026-10-09 03:29:11,792 - WARNING - GNN failed on rep 21: PyTorch not installed. Cannot use GNN method.
2026-10-09 03:29:12,987 - WARNING - GNN failed on rep 22: PyTorch not installed. Cannot use GNN method.
2026-10-09 03:29:14,152 - WARNING - GNN failed on rep 23: PyTorch not installed. Cannot use GNN method.
2026-10-09 03:29:15,267 - WARNING - GNN failed on rep 24: PyTorch not installed. Cannot use GNN method.
2026-10-09 03:29:16,356 - WARNING - GNN failed on rep 25: PyTorch not installed. Cannot use GNN method.
2026-10-09 03:29:17,458 - WARNING - GNN failed on rep 26: PyTorch not installed. Cannot use GNN method.
2026-10-09 03:29:18,559 - WARNING - GNN failed on rep 27: PyTorch not installed. Cannot use GNN method.
2026-10-09 03:29:19,646 - WARNING - GNN failed on rep 28: PyTorch not installed. Cannot use GNN method.
2026-10-09 03:29:20,854 - WARNING - GNN failed on rep 29: PyTorch not installed. Cannot use GNN method.
2026-10-09 03:29:21,955 - WARNING - GNN failed on rep 30: PyTorch not installed. Cannot use GNN method.
2026-10-09 03:29:23,028 - WARNING - GNN failed on rep 31: PyTorch not installed. Cannot use GNN method.
2026-10-09 03:29:24,121 - WARNING - GNN failed on rep 32: PyTorch not installed. Cannot use GNN method.
2026-10-09 03:29:25,206 - WARNING - GNN failed on rep 33: PyTorch not installed. Cannot use GNN method.
2026-10-09 03:29:26,308 - WARNING - GNN failed on rep 34: PyTorch not installed. Cannot use GNN method.
2026-10-09 03:29:27,387 - WARNING - GNN failed on rep 35: PyTorch not installed. Cannot use GNN method.
2026-10-09 03:29:29,034 - WARNING - GNN failed on rep 36: PyTorch not installed. Cannot use GNN method.
2026-10-09 03:29:30,150 - WARNING - GNN failed on rep 37: PyTorch not installed. Cannot use GNN method.
2026-10-09 03:29:31,265 - WARNING - GNN failed on rep 38: PyTorch not installed. Cannot use GNN method.
2026-10-09 03:29:32,391 - WARNING - GNN failed on rep 39: PyTorch not installed. Cannot use GNN method.
2026-10-09 03:29:33,473 - WARNING - GNN failed on rep 40: PyTorch not installed. Cannot use GNN method.
2026-10-09 03:29:34,624 - WARNING - GNN failed on rep 41: PyTorch not installed. Cannot use GNN method.
2026-10-09 03:29:35,725 - WARNING - GNN failed on rep 42: PyTorch not installed. Cannot use GNN method.
2026-10-09 03:29:36,819 - WARNING - GNN failed on rep 43: PyTorch not installed. Cannot use GNN method.
2026-10-09 03:29:37,910 - WARNING - GNN failed on rep 44: PyTorch not installed. Cannot use GNN method.
2026-10-09 03:29:39,036 - WARNING - GNN failed on rep 45: PyTorch not installed. Cannot use GNN method.
2026-10-09 03:29:40,144 - WARNING - GNN failed on rep 46: PyTorch not installed. Cannot use GNN method.
2026-10-09 03:29:41,401 - WARNING - GNN failed on rep 47: PyTorch not installed. Cannot use GNN method.
2026-10-09 03:29:42,499 - WARNING - GNN failed on rep 48: PyTorch not installed. Cannot use GNN method.
2026-10-09 03:29:43,579 - WARNING - GNN failed on rep 49: PyTorch not installed. Cannot use GNN method.
2026-10-09 03:29:44,641 - WARNING - GNN failed on rep 50: PyTorch not installed. Cannot use GNN method.
2026-10-09 03:29:45,711 - WARNING - GNN failed on rep 51: PyTorch not installed. Cannot use GNN method.
2026-10-09 03:29:46,792 - WARNING - GNN failed on rep 52: PyTorch not installed. Cannot use GNN method.
2026-10-09 03:29:47,893 - WARNING - GNN failed on rep 53: PyTorch not installed. Cannot use GNN method.
2026-10-09 03:29:48,983 - WARNING - GNN failed on rep 54: PyTorch not installed. Cannot use GNN method.
2026-10-09 03:29:50,066 - WARNING - GNN failed on rep 55: PyTorch not installed. Cannot use GNN method.
2026-10-09 03:29:51,171 - WARNING - GNN failed on rep 56: PyTorch not installed. Cannot use GNN method.
2026-10-09 03:29:52,268 - WARNING - GNN failed on rep 57: PyTorch not installed. Cannot use GNN method.
2026-10-09 03:29:53,362 - WARNING - GNN failed on rep 58: PyTorch not installed. Cannot use GNN method.
2026-10-09 03:29:54,431 - WARNING - GNN failed on rep 59: PyTorch not installed. Cannot use GNN method.
2026-10-09 03:29:55,552 - WARNING - GNN failed on rep 60: PyTorch not installed. Cannot use GNN method.
2026-10-09 03:29:56,610 - WARNING - GNN failed on rep 61: PyTorch not installed. Cannot use GNN method.
2026-10-09 03:29:57,684 - WARNING - GNN failed on rep 62: PyTorch not installed. Cannot use GNN method.
2026-10-09 03:29:58,735 - WARNING - GNN failed on rep 63: PyTorch not installed. Cannot use GNN method.
2026-10-09 03:29:59,810 - WARNING - GNN failed on rep 64: PyTorch not installed. Cannot use GNN method.
2026-10-09 03:30:01,007 - WARNING - GNN failed on rep 65: PyTorch not installed. Cannot use GNN method.
2026-10-09 03:30:02,074 - WARNING - GNN failed on rep 66: PyTorch not installed. Cannot use GNN method.
2026-10-09 03:30:03,135 - WARNING - GNN failed on rep 67: PyTorch not installed. Cannot use GNN method.
2026-10-09 03:30:04,242 - WARNING - GNN failed on rep 68: PyTorch not installed. Cannot use GNN method.
2026-10-09 03:30:05,353 - WARNING - GNN failed on rep 69: PyTorch not installed. Cannot use GNN method.
2026-10-09 03:30:06,422 - WARNING - GNN failed on rep 70: PyTorch not installed. Cannot use GNN method.
2026-10-09 03:30:07,481 - WARNING - GNN failed on rep 71: PyTorch not installed. Cannot use GNN method.
2026-10-09 03:30:08,616 - WARNING - GNN failed on rep 72: PyTorch not installed. Cannot use GNN method.
2026-10-09 03:30:09,709 - WARNING - GNN failed on rep 73: PyTorch not installed. Cannot use GNN method.
2026-10-09 03:30:10,818 - WARNING - GNN failed on rep 74: PyTorch not installed. Cannot use GNN method.
2026-10-09 03:30:12,015 - WARNING - GNN failed on rep 75: PyTorch not installed. Cannot use GNN method.
2026-10-09 03:30:13,281 - WARNING - GNN failed on rep 76: PyTorch not installed. Cannot use GNN method.
2026-10-09 03:30:14,683 - WARNING - GNN failed on rep 77: PyTorch not installed. Cannot use GNN method.
2026-10-09 03:30:16,052 - WARNING - GNN failed on rep 78: PyTorch not installed. Cannot use GNN method.
2026-10-09 03:30:17,277 - WARNING - GNN failed on rep 79: PyTorch not installed. Cannot use GNN method.
2026-10-09 03:30:18,370 - WARNING - GNN failed on rep 80: PyTorch not installed. Cannot use GNN method.
2026-10-09 03:30:19,434 - WARNING - GNN failed on rep 81: PyTorch not installed. Cannot use GNN method.
2026-10-09 03:30:20,515 - WARNING - GNN failed on rep 82: PyTorch not installed. Cannot use GNN method.
2026-10-09 03:30:21,617 - WARNING - GNN failed on rep 83: PyTorch not installed. Cannot use GNN method.
2026-10-09 03:30:22,741 - WARNING - GNN failed on rep 84: PyTorch not installed. Cannot use GNN method.
2026-10-09 03:30:23,830 - WARNING - GNN failed on rep 85: PyTorch not installed. Cannot use GNN method.
2026-10-09 03:30:24,892 - WARNING - GNN failed on rep 86: PyTorch not installed. Cannot use GNN method.
2026-10-09 03:30:26,044 - WARNING - GNN failed on rep 87: PyTorch not installed. Cannot use GNN method.
2026-10-09 03:30:27,345 - WARNING - GNN failed on rep 88: PyTorch not installed. Cannot use GNN method.
2026-10-09 03:30:29,571 - WARNING - GNN failed on rep 89: PyTorch not installed. Cannot use GNN method.
2026-10-09 03:30:30,902 - WARNING - GNN failed on rep 90: PyTorch not installed. Cannot use GNN method.
2026-10-09 03:30:32,080 - WARNING - GNN failed on rep 91: PyTorch not installed. Cannot use GNN method.
2026-10-09 03:30:33,212 - WARNING - GNN failed on rep 92: PyTorch not installed. Cannot use GNN method.
2026-10-09 03:30:34,315 - WARNING - GNN failed on rep 93: PyTorch not installed. Cannot use GNN method.
2026-10-09 03:30:35,408 - WARNING - GNN failed on rep 94: PyTorch not installed. Cannot use GNN method.
2026-10-09 03:30:36,497 - WARNING - GNN failed on rep 95: PyTorch not installed. Cannot use GNN method.
2026-10-09 03:30:37,582 - WARNING - GNN failed on rep 96: PyTorch not installed. Cannot use GNN method.
2026-10-09 03:30:38,658 - WARNING - GNN failed on rep 97: PyTorch not installed. Cannot use GNN method.
2026-10-09 03:30:39,746 - WARNING - GNN failed on rep 98: PyTorch not installed. Cannot use GNN method.
2026-10-09 03:30:40,825 - WARNING - GNN failed on rep 99: PyTorch not installed. Cannot use GNN method.
2026-10-09 03:30:40,831 - INFO - Completed: T150_N0.3_D2_DF3
2026-10-09 03:30:40,851 - INFO - Configuration 44/90
2026-10-09 03:30:40,851 - INFO - Starting configuration: T150_N0.3_D4_DF3
2026-10-09 03:30:42,394 - WARNING - GNN failed on rep 0: PyTorch not installed. Cannot use GNN method.
2026-10-09 03:30:43,493 - WARNING - GNN failed on rep 1: PyTorch not installed. Cannot use GNN method.
2026-10-09 03:30:44,651 - WARNING - GNN failed on rep 2: PyTorch not installed. Cannot use GNN method.
2026-10-09 03:30:45,788 - WARNING - GNN failed on rep 3: PyTorch not installed. Cannot use GNN method.
2026-10-09 03:30:46,906 - WARNING - GNN failed on rep 4: PyTorch not installed. Cannot use GNN method.
2026-10-09 03:30:48,156 - WARNING - GNN failed on rep 5: PyTorch not installed. Cannot use GNN method.
2026-10-09 03:30:49,255 - WARNING - GNN failed on rep 6: PyTorch not installed. Cannot use GNN method.
2026-10-09 03:30:50,369 - WARNING - GNN failed on rep 7: PyTorch not installed. Cannot use GNN method.
2026-10-09 03:30:51,443 - WARNING - GNN failed on rep 8: PyTorch not installed. Cannot use GNN method.
2026-10-09 03:30:52,585 - WARNING - GNN failed on rep 9: PyTorch not installed. Cannot use GNN method.
2026-10-09 03:30:53,708 - WARNING - GNN failed on rep 10: PyTorch not installed. Cannot use GNN method.
2026-10-09 03:30:54,799 - WARNING - GNN failed on rep 11: PyTorch not installed. Cannot use GNN method.
2026-10-09 03:30:55,922 - WARNING - GNN failed on rep 12: PyTorch not installed. Cannot use GNN method.
2026-10-09 03:30:57,002 - WARNING - GNN failed on rep 13: PyTorch not installed. Cannot use GNN method.
2026-10-09 03:30:58,160 - WARNING - GNN failed on rep 14: PyTorch not installed. Cannot use GNN method.
2026-10-09 03:30:59,288 - WARNING - GNN failed on rep 15: PyTorch not installed. Cannot use GNN method.
2026-10-09 03:31:00,443 - WARNING - GNN failed on rep 16: PyTorch not installed. Cannot use GNN method.
2026-10-09 03:31:01,509 - WARNING - GNN failed on rep 17: PyTorch not installed. Cannot use GNN method.
2026-10-09 03:31:02,626 - WARNING - GNN failed on rep 18: PyTorch not installed. Cannot use GNN method.
2026-10-09 03:31:03,753 - WARNING - GNN failed on rep 19: PyTorch not installed. Cannot use GNN method.
2026-10-09 03:31:04,825 - WARNING - GNN failed on rep 20: PyTorch not installed. Cannot use GNN method.
2026-10-09 03:31:05,958 - WARNING - GNN failed on rep 21: PyTorch not installed. Cannot use GNN method.
2026-10-09 03:31:07,088 - WARNING - GNN failed on rep 22: PyTorch not installed. Cannot use GNN method.
2026-10-09 03:31:08,315 - WARNING - GNN failed on rep 23: PyTorch not installed. Cannot use GNN method.
2026-10-09 03:31:09,406 - WARNING - GNN failed on rep 24: PyTorch not installed. Cannot use GNN method.
2026-10-09 03:31:10,496 - WARNING - GNN failed on rep 25: PyTorch not installed. Cannot use GNN method.
2026-10-09 03:31:11,640 - WARNING - GNN failed on rep 26: PyTorch not installed. Cannot use GNN method.
2026-10-09 03:31:12,773 - WARNING - GNN failed on rep 27: PyTorch not installed. Cannot use GNN method.
2026-10-09 03:31:14,061 - WARNING - GNN failed on rep 28: PyTorch not installed. Cannot use GNN method.
2026-10-09 03:31:15,163 - WARNING - GNN failed on rep 29: PyTorch not installed. Cannot use GNN method.
2026-10-09 03:31:16,249 - WARNING - GNN failed on rep 30: PyTorch not installed. Cannot use GNN method.
2026-10-09 03:31:17,337 - WARNING - GNN failed on rep 31: PyTorch not installed. Cannot use GNN method.
2026-10-09 03:31:18,438 - WARNING - GNN failed on rep 32: PyTorch not installed. Cannot use GNN method.
2026-10-09 03:31:19,589 - WARNING - GNN failed on rep 33: PyTorch not installed. Cannot use GNN method.
2026-10-09 03:31:20,719 - WARNING - GNN failed on rep 34: PyTorch not installed. Cannot use GNN method.
2026-10-09 03:31:21,832 - WARNING - GNN failed on rep 35: PyTorch not installed. Cannot use GNN method.
2026-10-09 03:31:22,886 - WARNING - GNN failed on rep 36: PyTorch not installed. Cannot use GNN method.
2026-10-09 03:31:23,972 - WARNING - GNN failed on rep 37: PyTorch not installed. Cannot use GNN method.
2026-10-09 03:31:25,072 - WARNING - GNN failed on rep 38: PyTorch not installed. Cannot use GNN method.
2026-10-09 03:31:26,195 - WARNING - GNN failed on rep 39: PyTorch not installed. Cannot use GNN method.
2026-10-09 03:31:27,299 - WARNING - GNN failed on rep 40: PyTorch not installed. Cannot use GNN method.
2026-10-09 03:31:29,055 - WARNING - GNN failed on rep 41: PyTorch not installed. Cannot use GNN method.
2026-10-09 03:31:30,164 - WARNING - GNN failed on rep 42: PyTorch not installed. Cannot use GNN method.
2026-10-09 03:31:31,271 - WARNING - GNN failed on rep 43: PyTorch not installed. Cannot use GNN method.
2026-10-09 03:31:32,375 - WARNING - GNN failed on rep 44: PyTorch not installed. Cannot use GNN method.
2026-10-09 03:31:33,506 - WARNING - GNN failed on rep 45: PyTorch not installed. Cannot use GNN method.
2026-10-09 03:31:34,577 - WARNING - GNN failed on rep 46: PyTorch not installed. Cannot use GNN method.
2026-10-09 03:31:35,723 - WARNING - GNN failed on rep 47: PyTorch not installed. Cannot use GNN method.
2026-10-09 03:31:36,836 - WARNING - GNN failed on rep 48: PyTorch not installed. Cannot use GNN method.
2026-10-09 03:31:37,968 - WARNING - GNN failed on rep 49: PyTorch not installed. Cannot use GNN method.
2026-10-09 03:31:39,067 - WARNING - GNN failed on rep 50: PyTorch not installed. Cannot use GNN method.
2026-10-09 03:31:40,156 - WARNING - GNN failed on rep 51: PyTorch not installed. Cannot use GNN method.
2026-10-09 03:31:41,230 - WARNING - GNN failed on rep 52: PyTorch not installed. Cannot use GNN method.
2026-10-09 03:31:42,298 - WARNING - GNN failed on rep 53: PyTorch not installed. Cannot use GNN method.
2026-10-09 03:31:43,409 - WARNING - GNN failed on rep 54: PyTorch not installed. Cannot use GNN method.
2026-10-09 03:31:44,503 - WARNING - GNN failed on rep 55: PyTorch not installed. Cannot use GNN method.
2026-10-09 03:31:45,624 - WARNING - GNN failed on rep 56: PyTorch not installed. Cannot use GNN method.
2026-10-09 03:31:46,703 - WARNING - GNN failed on rep 57: PyTorch not installed. Cannot use GNN method.
2026-10-09 03:31:47,807 - WARNING - GNN failed on rep 58: PyTorch not installed. Cannot use GNN method.
2026-10-09 03:31:49,050 - WARNING - GNN failed on rep 59: PyTorch not installed. Cannot use GNN method.
2026-10-09 03:31:50,151 - WARNING - GNN failed on rep 60: PyTorch not installed. Cannot use GNN method.
2026-10-09 03:31:51,246 - WARNING - GNN failed on rep 61: PyTorch not installed. Cannot use GNN method.
2026-10-09 03:31:52,358 - WARNING - GNN failed on rep 62: PyTorch not installed. Cannot use GNN method.
2026-10-09 03:31:53,487 - WARNING - GNN failed on rep 63: PyTorch not installed. Cannot use GNN method.
2026-10-09 03:31:54,563 - WARNING - GNN failed on rep 64: PyTorch not installed. Cannot use GNN method.
2026-10-09 03:31:56,190 - WARNING - GNN failed on rep 65: PyTorch not installed. Cannot use GNN method.
2026-10-09 03:31:57,337 - WARNING - GNN failed on rep 66: PyTorch not installed. Cannot use GNN method.
2026-10-09 03:31:58,471 - WARNING - GNN failed on rep 67: PyTorch not installed. Cannot use GNN method.
2026-10-09 03:31:59,593 - WARNING - GNN failed on rep 68: PyTorch not installed. Cannot use GNN method.
2026-10-09 03:32:00,703 - WARNING - GNN failed on rep 69: PyTorch not installed. Cannot use GNN method.
2026-10-09 03:32:01,817 - WARNING - GNN failed on rep 70: PyTorch not installed. Cannot use GNN method.
2026-10-09 03:32:02,949 - WARNING - GNN failed on rep 71: PyTorch not installed. Cannot use GNN method.
2026-10-09 03:32:04,039 - WARNING - GNN failed on rep 72: PyTorch not installed. Cannot use GNN method.
2026-10-09 03:32:05,142 - WARNING - GNN failed on rep 73: PyTorch not installed. Cannot use GNN method.
2026-10-09 03:32:06,271 - WARNING - GNN failed on rep 74: PyTorch not installed. Cannot use GNN method.
2026-10-09 03:32:07,316 - WARNING - GNN failed on rep 75: PyTorch not installed. Cannot use GNN method.
2026-10-09 03:32:08,421 - WARNING - GNN failed on rep 76: PyTorch not installed. Cannot use GNN method.
2026-10-09 03:32:09,635 - WARNING - GNN failed on rep 77: PyTorch not installed. Cannot use GNN method.
2026-10-09 03:32:10,725 - WARNING - GNN failed on rep 78: PyTorch not installed. Cannot use GNN method.
2026-10-09 03:32:11,813 - WARNING - GNN failed on rep 79: PyTorch not installed. Cannot use GNN method.
2026-10-09 03:32:12,890 - WARNING - GNN failed on rep 80: PyTorch not installed. Cannot use GNN method.
2026-10-09 03:32:14,036 - WARNING - GNN failed on rep 81: PyTorch not installed. Cannot use GNN method.
2026-10-09 03:32:15,154 - WARNING - GNN failed on rep 82: PyTorch not installed. Cannot use GNN method.
2026-10-09 03:32:16,236 - WARNING - GNN failed on rep 83: PyTorch not installed. Cannot use GNN method.
2026-10-09 03:32:17,335 - WARNING - GNN failed on rep 84: PyTorch not installed. Cannot use GNN method.
2026-10-09 03:32:18,401 - WARNING - GNN failed on rep 85: PyTorch not installed. Cannot use GNN method.
2026-10-09 03:32:19,489 - WARNING - GNN failed on rep 86: PyTorch not installed. Cannot use GNN method.
2026-10-09 03:32:20,555 - WARNING - GNN failed on rep 87: PyTorch not installed. Cannot use GNN method.
2026-10-09 03:32:21,647 - WARNING - GNN failed on rep 88: PyTorch not installed. Cannot use GNN method.
2026-10-09 03:32:22,720 - WARNING - GNN failed on rep 89: PyTorch not installed. Cannot use GNN method.
2026-10-09 03:32:23,804 - WARNING - GNN failed on rep 90: PyTorch not installed. Cannot use GNN method.
2026-10-09 03:32:24,896 - WARNING - GNN failed on rep 91: PyTorch not installed. Cannot use GNN method.
2026-10-09 03:32:26,043 - WARNING - GNN failed on rep 92: PyTorch not installed. Cannot use GNN method.
2026-10-09 03:32:27,172 - WARNING - GNN failed on rep 93: PyTorch not installed. Cannot use GNN method.
2026-10-09 03:32:28,722 - WARNING - GNN failed on rep 94: PyTorch not installed. Cannot use GNN method.
2026-10-09 03:32:29,926 - WARNING - GNN failed on rep 95: PyTorch not installed. Cannot use GNN method.
2026-10-09 03:32:31,010 - WARNING - GNN failed on rep 96: PyTorch not installed. Cannot use GNN method.
2026-10-09 03:32:32,110 - WARNING - GNN failed on rep 97: PyTorch not installed. Cannot use GNN method.
2026-10-09 03:32:33,244 - WARNING - GNN failed on rep 98: PyTorch not installed. Cannot use GNN method.
2026-10-09 03:32:34,358 - WARNING - GNN failed on rep 99: PyTorch not installed. Cannot use GNN method.
2026-10-09 03:32:34,365 - INFO - Completed: T150_N0.3_D4_DF3
2026-10-09 03:32:34,368 - INFO - Configuration 45/90
2026-10-09 03:32:34,369 - INFO - Starting configuration: T150_N0.3_D2_DF5
2026-10-09 03:32:35,837 - WARNING - GNN failed on rep 0: PyTorch not installed. Cannot use GNN method.
2026-10-09 03:32:36,900 - WARNING - GNN failed on rep 1: PyTorch not installed. Cannot use GNN method.
2026-10-09 03:32:37,987 - WARNING - GNN failed on rep 2: PyTorch not installed. Cannot use GNN method.
2026-10-09 03:32:39,032 - WARNING - GNN failed on rep 3: PyTorch not installed. Cannot use GNN method.
2026-10-09 03:32:40,081 - WARNING - GNN failed on rep 4: PyTorch not installed. Cannot use GNN method.
2026-10-09 03:32:41,150 - WARNING - GNN failed on rep 5: PyTorch not installed. Cannot use GNN method.
2026-10-09 03:32:42,199 - WARNING - GNN failed on rep 6: PyTorch not installed. Cannot use GNN method.
2026-10-09 03:32:43,251 - WARNING - GNN failed on rep 7: PyTorch not installed. Cannot use GNN method.
2026-10-09 03:32:44,294 - WARNING - GNN failed on rep 8: PyTorch not installed. Cannot use GNN method.
2026-10-09 03:32:45,349 - WARNING - GNN failed on rep 9: PyTorch not installed. Cannot use GNN method.
2026-10-09 03:32:46,514 - WARNING - GNN failed on rep 10: PyTorch not installed. Cannot use GNN method.
2026-10-09 03:32:47,584 - WARNING - GNN failed on rep 11: PyTorch not installed. Cannot use GNN method.
2026-10-09 03:32:48,646 - WARNING - GNN failed on rep 12: PyTorch not installed. Cannot use GNN method.
2026-10-09 03:32:49,714 - WARNING - GNN failed on rep 13: PyTorch not installed. Cannot use GNN method.
2026-10-09 03:32:50,782 - WARNING - GNN failed on rep 14: PyTorch not installed. Cannot use GNN method.
2026-10-09 03:32:51,824 - WARNING - GNN failed on rep 15: PyTorch not installed. Cannot use GNN method.
2026-10-09 03:32:52,907 - WARNING - GNN failed on rep 16: PyTorch not installed. Cannot use GNN method.
2026-10-09 03:32:53,974 - WARNING - GNN failed on rep 17: PyTorch not installed. Cannot use GNN method.
2026-10-09 03:32:55,022 - WARNING - GNN failed on rep 18: PyTorch not installed. Cannot use GNN method.
2026-10-09 03:32:56,078 - WARNING - GNN failed on rep 19: PyTorch not installed. Cannot use GNN method.
2026-10-09 03:32:57,121 - WARNING - GNN failed on rep 20: PyTorch not installed. Cannot use GNN method.
2026-10-09 03:32:58,170 - WARNING - GNN failed on rep 21: PyTorch not installed. Cannot use GNN method.
2026-10-09 03:32:59,235 - WARNING - GNN failed on rep 22: PyTorch not installed. Cannot use GNN method.
2026-10-09 03:33:00,331 - WARNING - GNN failed on rep 23: PyTorch not installed. Cannot use GNN method.
2026-10-09 03:33:01,384 - WARNING - GNN failed on rep 24: PyTorch not installed. Cannot use GNN method.
2026-10-09 03:33:02,458 - WARNING - GNN failed on rep 25: PyTorch not installed. Cannot use GNN method.
2026-10-09 03:33:03,527 - WARNING - GNN failed on rep 26: PyTorch not installed. Cannot use GNN method.
2026-10-09 03:33:04,599 - WARNING - GNN failed on rep 27: PyTorch not installed. Cannot use GNN method.
2026-10-09 03:33:05,800 - WARNING - GNN failed on rep 28: PyTorch not installed. Cannot use GNN method.
2026-10-09 03:33:06,863 - WARNING - GNN failed on rep 29: PyTorch not installed. Cannot use GNN method.
2026-10-09 03:33:07,959 - WARNING - GNN failed on rep 30: PyTorch not installed. Cannot use GNN method.
2026-10-09 03:33:09,020 - WARNING - GNN failed on rep 31: PyTorch not installed. Cannot use GNN method.
2026-10-09 03:33:10,102 - WARNING - GNN failed on rep 32: PyTorch not installed. Cannot use GNN method.
2026-10-09 03:33:11,160 - WARNING - GNN failed on rep 33: PyTorch not installed. Cannot use GNN method.
2026-10-09 03:33:12,232 - WARNING - GNN failed on rep 34: PyTorch not installed. Cannot use GNN method.
2026-10-09 03:33:13,292 - WARNING - GNN failed on rep 35: PyTorch not installed. Cannot use GNN method.
2026-10-09 03:33:14,339 - WARNING - GNN failed on rep 36: PyTorch not installed. Cannot use GNN method.
2026-10-09 03:33:15,398 - WARNING - GNN failed on rep 37: PyTorch not installed. Cannot use GNN method.
2026-10-09 03:33:16,454 - WARNING - GNN failed on rep 38: PyTorch not installed. Cannot use GNN method.
2026-10-09 03:33:17,533 - WARNING - GNN failed on rep 39: PyTorch not installed. Cannot use GNN method.
2026-10-09 03:33:18,599 - WARNING - GNN failed on rep 40: PyTorch not installed. Cannot use GNN method.
2026-10-09 03:33:19,647 - WARNING - GNN failed on rep 41: PyTorch not installed. Cannot use GNN method.
2026-10-09 03:33:20,717 - WARNING - GNN failed on rep 42: PyTorch not installed. Cannot use GNN method.
2026-10-09 03:33:21,763 - WARNING - GNN failed on rep 43: PyTorch not installed. Cannot use GNN method.
2026-10-09 03:33:22,818 - WARNING - GNN failed on rep 44: PyTorch not installed. Cannot use GNN method.
2026-10-09 03:33:23,880 - WARNING - GNN failed on rep 45: PyTorch not installed. Cannot use GNN method.
2026-10-09 03:33:24,960 - WARNING - GNN failed on rep 46: PyTorch not installed. Cannot use GNN method.
2026-10-09 03:33:26,111 - WARNING - GNN failed on rep 47: PyTorch not installed. Cannot use GNN method.
2026-10-09 03:33:27,187 - WARNING - GNN failed on rep 48: PyTorch not installed. Cannot use GNN method.
2026-10-09 03:33:28,741 - WARNING - GNN failed on rep 49: PyTorch not installed. Cannot use GNN method.
2026-10-09 03:33:29,809 - WARNING - GNN failed on rep 50: PyTorch not installed. Cannot use GNN method.
2026-10-09 03:33:30,855 - WARNING - GNN failed on rep 51: PyTorch not installed. Cannot use GNN method.
2026-10-09 03:33:31,911 - WARNING - GNN failed on rep 52: PyTorch not installed. Cannot use GNN method.
2026-10-09 03:33:32,968 - WARNING - GNN failed on rep 53: PyTorch not installed. Cannot use GNN method.
2026-10-09 03:33:34,010 - WARNING - GNN failed on rep 54: PyTorch not installed. Cannot use GNN method.
2026-10-09 03:33:35,084 - WARNING - GNN failed on rep 55: PyTorch not installed. Cannot use GNN method.
2026-10-09 03:33:36,166 - WARNING - GNN failed on rep 56: PyTorch not installed. Cannot use GNN method.
2026-10-09 03:33:37,409 - WARNING - GNN failed on rep 57: PyTorch not installed. Cannot use GNN method.
2026-10-09 03:33:38,526 - WARNING - GNN failed on rep 58: PyTorch not installed. Cannot use GNN method.
2026-10-09 03:33:39,660 - WARNING - GNN failed on rep 59: PyTorch not installed. Cannot use GNN method.
2026-10-09 03:33:40,755 - WARNING - GNN failed on rep 60: PyTorch not installed. Cannot use GNN method.
2026-10-09 03:33:41,875 - WARNING - GNN failed on rep 61: PyTorch not installed. Cannot use GNN method.
2026-10-09 03:33:42,947 - WARNING - GNN failed on rep 62: PyTorch not installed. Cannot use GNN method.
2026-10-09 03:33:44,028 - WARNING - GNN failed on rep 63: PyTorch not installed. Cannot use GNN method.
2026-10-09 03:33:45,128 - WARNING - GNN failed on rep 64: PyTorch not installed. Cannot use GNN method.
2026-10-09 03:33:46,305 - WARNING - GNN failed on rep 65: PyTorch not installed. Cannot use GNN method.
2026-10-09 03:33:47,395 - WARNING - GNN failed on rep 66: PyTorch not installed. Cannot use GNN method.
2026-10-09 03:33:48,477 - WARNING - GNN failed on rep 67: PyTorch not installed. Cannot use GNN method.
2026-10-09 03:33:49,584 - WARNING - GNN failed on rep 68: PyTorch not installed. Cannot use GNN method.
2026-10-09 03:33:50,640 - WARNING - GNN failed on rep 69: PyTorch not installed. Cannot use GNN method.
2026-10-09 03:33:51,714 - WARNING - GNN failed on rep 70: PyTorch not installed. Cannot use GNN method.
2026-10-09 03:33:52,780 - WARNING - GNN failed on rep 71: PyTorch not installed. Cannot use GNN method.
2026-10-09 03:33:53,858 - WARNING - GNN failed on rep 72: PyTorch not installed. Cannot use GNN method.
2026-10-09 03:33:54,929 - WARNING - GNN failed on rep 73: PyTorch not installed. Cannot use GNN method.
2026-10-09 03:33:55,964 - WARNING - GNN failed on rep 74: PyTorch not installed. Cannot use GNN method.
2026-10-09 03:33:57,022 - WARNING - GNN failed on rep 75: PyTorch not installed. Cannot use GNN method.
2026-10-09 03:33:58,102 - WARNING - GNN failed on rep 76: PyTorch not installed. Cannot use GNN method.
2026-10-09 03:33:59,172 - WARNING - GNN failed on rep 77: PyTorch not installed. Cannot use GNN method.
2026-10-09 03:34:00,233 - WARNING - GNN failed on rep 78: PyTorch not installed. Cannot use GNN method.
2026-10-09 03:34:01,303 - WARNING - GNN failed on rep 79: PyTorch not installed. Cannot use GNN method.
2026-10-09 03:34:02,373 - WARNING - GNN failed on rep 80: PyTorch not installed. Cannot use GNN method.
2026-10-09 03:34:03,431 - WARNING - GNN failed on rep 81: PyTorch not installed. Cannot use GNN method.
2026-10-09 03:34:04,669 - WARNING - GNN failed on rep 82: PyTorch not installed. Cannot use GNN method.
2026-10-09 03:34:05,755 - WARNING - GNN failed on rep 83: PyTorch not installed. Cannot use GNN method.
2026-10-09 03:34:06,836 - WARNING - GNN failed on rep 84: PyTorch not installed. Cannot use GNN method.
2026-10-09 03:34:07,936 - WARNING - GNN failed on rep 85: PyTorch not installed. Cannot use GNN method.
2026-10-09 03:34:09,006 - WARNING - GNN failed on rep 86: PyTorch not installed. Cannot use GNN method.
2026-10-09 03:34:10,090 - WARNING - GNN failed on rep 87: PyTorch not installed. Cannot use GNN method.
2026-10-09 03:34:11,154 - WARNING - GNN failed on rep 88: PyTorch not installed. Cannot use GNN method.
2026-10-09 03:34:12,213 - WARNING - GNN failed on rep 89: PyTorch not installed. Cannot use GNN method.
2026-10-09 03:34:13,280 - WARNING - GNN failed on rep 90: PyTorch not installed. Cannot use GNN method.
2026-10-09 03:34:14,364 - WARNING - GNN failed on rep 91: PyTorch not installed. Cannot use GNN method.
2026-10-09 03:34:15,439 - WARNING - GNN failed on rep 92: PyTorch not installed. Cannot use GNN method.
2026-10-09 03:34:16,523 - WARNING - GNN failed on rep 93: PyTorch not installed. Cannot use GNN method.
2026-10-09 03:34:17,584 - WARNING - GNN failed on rep 94: PyTorch not installed. Cannot use GNN method.
2026-10-09 03:34:18,655 - WARNING - GNN failed on rep 95: PyTorch not installed. Cannot use GNN method.
2026-10-09 03:34:19,760 - WARNING - GNN failed on rep 96: PyTorch not installed. Cannot use GNN method.
2026-10-09 03:34:20,831 - WARNING - GNN failed on rep 97: PyTorch not installed. Cannot use GNN method.
2026-10-09 03:34:21,900 - WARNING - GNN failed on rep 98: PyTorch not installed. Cannot use GNN method.
2026-10-09 03:34:23,070 - WARNING - GNN failed on rep 99: PyTorch not installed. Cannot use GNN method.
2026-10-09 03:34:23,080 - INFO - Completed: T150_N0.3_D2_DF5
2026-10-09 03:34:23,086 - INFO - Configuration 46/90
2026-10-09 03:34:23,087 - INFO - Starting configuration: T150_N0.3_D4_DF5
2026-10-09 03:34:24,582 - WARNING - GNN failed on rep 0: PyTorch not installed. Cannot use GNN method.
2026-10-09 03:34:25,646 - WARNING - GNN failed on rep 1: PyTorch not installed. Cannot use GNN method.
2026-10-09 03:34:26,721 - WARNING - GNN failed on rep 2: PyTorch not installed. Cannot use GNN method.
2026-10-09 03:34:27,876 - WARNING - GNN failed on rep 3: PyTorch not installed. Cannot use GNN method.
2026-10-09 03:34:29,808 - WARNING - GNN failed on rep 4: PyTorch not installed. Cannot use GNN method.
2026-10-09 03:34:30,878 - WARNING - GNN failed on rep 5: PyTorch not installed. Cannot use GNN method.
2026-10-09 03:34:31,959 - WARNING - GNN failed on rep 6: PyTorch not installed. Cannot use GNN method.
2026-10-09 03:34:33,030 - WARNING - GNN failed on rep 7: PyTorch not installed. Cannot use GNN method.
2026-10-09 03:34:34,088 - WARNING - GNN failed on rep 8: PyTorch not installed. Cannot use GNN method.
2026-10-09 03:34:35,152 - WARNING - GNN failed on rep 9: PyTorch not installed. Cannot use GNN method.
2026-10-09 03:34:36,234 - WARNING - GNN failed on rep 10: PyTorch not installed. Cannot use GNN method.
2026-10-09 03:34:37,297 - WARNING - GNN failed on rep 11: PyTorch not installed. Cannot use GNN method.
2026-10-09 03:34:38,351 - WARNING - GNN failed on rep 12: PyTorch not installed. Cannot use GNN method.
2026-10-09 03:34:39,408 - WARNING - GNN failed on rep 13: PyTorch not installed. Cannot use GNN method.
2026-10-09 03:34:40,489 - WARNING - GNN failed on rep 14: PyTorch not installed. Cannot use GNN method.
2026-10-09 03:34:41,650 - WARNING - GNN failed on rep 15: PyTorch not installed. Cannot use GNN method.
2026-10-09 03:34:42,721 - WARNING - GNN failed on rep 16: PyTorch not installed. Cannot use GNN method.
2026-10-09 03:34:43,803 - WARNING - GNN failed on rep 17: PyTorch not installed. Cannot use GNN method.
2026-10-09 03:34:44,875 - WARNING - GNN failed on rep 18: PyTorch not installed. Cannot use GNN method.
2026-10-09 03:34:45,927 - WARNING - GNN failed on rep 19: PyTorch not installed. Cannot use GNN method.
2026-10-09 03:34:46,967 - WARNING - GNN failed on rep 20: PyTorch not installed. Cannot use GNN method.
2026-10-09 03:34:48,027 - WARNING - GNN failed on rep 21: PyTorch not installed. Cannot use GNN method.
2026-10-09 03:34:49,094 - WARNING - GNN failed on rep 22: PyTorch not installed. Cannot use GNN method.
2026-10-09 03:34:50,137 - WARNING - GNN failed on rep 23: PyTorch not installed. Cannot use GNN method.
2026-10-09 03:34:51,207 - WARNING - GNN failed on rep 24: PyTorch not installed. Cannot use GNN method.
2026-10-09 03:34:52,285 - WARNING - GNN failed on rep 25: PyTorch not installed. Cannot use GNN method.
2026-10-09 03:34:53,354 - WARNING - GNN failed on rep 26: PyTorch not installed. Cannot use GNN method.
2026-10-09 03:34:54,416 - WARNING - GNN failed on rep 27: PyTorch not installed. Cannot use GNN method.
2026-10-09 03:34:55,485 - WARNING - GNN failed on rep 28: PyTorch not installed. Cannot use GNN method.
2026-10-09 03:34:56,541 - WARNING - GNN failed on rep 29: PyTorch not installed. Cannot use GNN method.
2026-10-09 03:34:57,652 - WARNING - GNN failed on rep 30: PyTorch not installed. Cannot use GNN method.
2026-10-09 03:34:58,742 - WARNING - GNN failed on rep 31: PyTorch not installed. Cannot use GNN method.
2026-10-09 03:34:59,803 - WARNING - GNN failed on rep 32: PyTorch not installed. Cannot use GNN method.
2026-10-09 03:35:00,981 - WARNING - GNN failed on rep 33: PyTorch not installed. Cannot use GNN method.
2026-10-09 03:35:02,034 - WARNING - GNN failed on rep 34: PyTorch not installed. Cannot use GNN method.
2026-10-09 03:35:03,107 - WARNING - GNN failed on rep 35: PyTorch not installed. Cannot use GNN method.
2026-10-09 03:35:04,196 - WARNING - GNN failed on rep 36: PyTorch not installed. Cannot use GNN method.
2026-10-09 03:35:05,263 - WARNING - GNN failed on rep 37: PyTorch not installed. Cannot use GNN method.
2026-10-09 03:35:06,324 - WARNING - GNN failed on rep 38: PyTorch not installed. Cannot use GNN method.
2026-10-09 03:35:07,414 - WARNING - GNN failed on rep 39: PyTorch not installed. Cannot use GNN method.
2026-10-09 03:35:08,499 - WARNING - GNN failed on rep 40: PyTorch not installed. Cannot use GNN method.
2026-10-09 03:35:09,568 - WARNING - GNN failed on rep 41: PyTorch not installed. Cannot use GNN method.
2026-10-09 03:35:10,631 - WARNING - GNN failed on rep 42: PyTorch not installed. Cannot use GNN method.
2026-10-09 03:35:11,765 - WARNING - GNN failed on rep 43: PyTorch not installed. Cannot use GNN method.
2026-10-09 03:35:12,845 - WARNING - GNN failed on rep 44: PyTorch not installed. Cannot use GNN method.
2026-10-09 03:35:14,217 - WARNING - GNN failed on rep 45: PyTorch not installed. Cannot use GNN method.
2026-10-09 03:35:15,589 - WARNING - GNN failed on rep 46: PyTorch not installed. Cannot use GNN method.
2026-10-09 03:35:16,723 - WARNING - GNN failed on rep 47: PyTorch not installed. Cannot use GNN method.
2026-10-09 03:35:17,829 - WARNING - GNN failed on rep 48: PyTorch not installed. Cannot use GNN method.
2026-10-09 03:35:19,027 - WARNING - GNN failed on rep 49: PyTorch not installed. Cannot use GNN method.
2026-10-09 03:35:20,098 - WARNING - GNN failed on rep 50: PyTorch not installed. Cannot use GNN method.
2026-10-09 03:35:21,165 - WARNING - GNN failed on rep 51: PyTorch not installed. Cannot use GNN method.
2026-10-09 03:35:22,224 - WARNING - GNN failed on rep 52: PyTorch not installed. Cannot use GNN method.
2026-10-09 03:35:23,299 - WARNING - GNN failed on rep 53: PyTorch not installed. Cannot use GNN method.
2026-10-09 03:35:24,364 - WARNING - GNN failed on rep 54: PyTorch not installed. Cannot use GNN method.
2026-10-09 03:35:25,449 - WARNING - GNN failed on rep 55: PyTorch not installed. Cannot use GNN method.
2026-10-09 03:35:26,536 - WARNING - GNN failed on rep 56: PyTorch not installed. Cannot use GNN method.
2026-10-09 03:35:27,596 - WARNING - GNN failed on rep 57: PyTorch not installed. Cannot use GNN method.
2026-10-09 03:35:29,268 - WARNING - GNN failed on rep 58: PyTorch not installed. Cannot use GNN method.
2026-10-09 03:35:30,358 - WARNING - GNN failed on rep 59: PyTorch not installed. Cannot use GNN method.
2026-10-09 03:35:31,441 - WARNING - GNN failed on rep 60: PyTorch not installed. Cannot use GNN method.
2026-10-09 03:35:32,515 - WARNING - GNN failed on rep 61: PyTorch not installed. Cannot use GNN method.
2026-10-09 03:35:33,597 - WARNING - GNN failed on rep 62: PyTorch not installed. Cannot use GNN method.
2026-10-09 03:35:34,693 - WARNING - GNN failed on rep 63: PyTorch not installed. Cannot use GNN method.
2026-10-09 03:35:35,778 - WARNING - GNN failed on rep 64: PyTorch not installed. Cannot use GNN method.
2026-10-09 03:35:36,949 - WARNING - GNN failed on rep 65: PyTorch not installed. Cannot use GNN method.
2026-10-09 03:35:38,035 - WARNING - GNN failed on rep 66: PyTorch not installed. Cannot use GNN method.
2026-10-09 03:35:39,104 - WARNING - GNN failed on rep 67: PyTorch not installed. Cannot use GNN method.
2026-10-09 03:35:40,192 - WARNING - GNN failed on rep 68: PyTorch not installed. Cannot use GNN method.
2026-10-09 03:35:41,283 - WARNING - GNN failed on rep 69: PyTorch not installed. Cannot use GNN method.
2026-10-09 03:35:42,361 - WARNING - GNN failed on rep 70: PyTorch not installed. Cannot use GNN method.
2026-10-09 03:35:43,436 - WARNING - GNN failed on rep 71: PyTorch not installed. Cannot use GNN method.
2026-10-09 03:35:44,531 - WARNING - GNN failed on rep 72: PyTorch not installed. Cannot use GNN method.
2026-10-09 03:35:45,619 - WARNING - GNN failed on rep 73: PyTorch not installed. Cannot use GNN method.
2026-10-09 03:35:46,701 - WARNING - GNN failed on rep 74: PyTorch not installed. Cannot use GNN method.
2026-10-09 03:35:47,756 - WARNING - GNN failed on rep 75: PyTorch not installed. Cannot use GNN method.
2026-10-09 03:35:48,827 - WARNING - GNN failed on rep 76: PyTorch not installed. Cannot use GNN method.
2026-10-09 03:35:49,903 - WARNING - GNN failed on rep 77: PyTorch not installed. Cannot use GNN method.
2026-10-09 03:35:50,962 - WARNING - GNN failed on rep 78: PyTorch not installed. Cannot use GNN method.
2026-10-09 03:35:52,044 - WARNING - GNN failed on rep 79: PyTorch not installed. Cannot use GNN method.
2026-10-09 03:35:53,121 - WARNING - GNN failed on rep 80: PyTorch not installed. Cannot use GNN method.
2026-10-09 03:35:54,179 - WARNING - GNN failed on rep 81: PyTorch not installed. Cannot use GNN method.
2026-10-09 03:35:55,274 - WARNING - GNN failed on rep 82: PyTorch not installed. Cannot use GNN method.
2026-10-09 03:35:56,480 - WARNING - GNN failed on rep 83: PyTorch not installed. Cannot use GNN method.
2026-10-09 03:35:57,622 - WARNING - GNN failed on rep 84: PyTorch not installed. Cannot use GNN method.
2026-10-09 03:35:58,784 - WARNING - GNN failed on rep 85: PyTorch not installed. Cannot use GNN method.
2026-10-09 03:35:59,857 - WARNING - GNN failed on rep 86: PyTorch not installed. Cannot use GNN method.
2026-10-09 03:36:00,942 - WARNING - GNN failed on rep 87: PyTorch not installed. Cannot use GNN method.
2026-10-09 03:36:02,025 - WARNING - GNN failed on rep 88: PyTorch not installed. Cannot use GNN method.
2026-10-09 03:36:03,104 - WARNING - GNN failed on rep 89: PyTorch not installed. Cannot use GNN method.
2026-10-09 03:36:04,186 - WARNING - GNN failed on rep 90: PyTorch not installed. Cannot use GNN method.
2026-10-09 03:36:05,273 - WARNING - GNN failed on rep 91: PyTorch not installed. Cannot use GNN method.
2026-10-09 03:36:06,344 - WARNING - GNN failed on rep 92: PyTorch not installed. Cannot use GNN method.
2026-10-09 03:36:07,445 - WARNING - GNN failed on rep 93: PyTorch not installed. Cannot use GNN method.
2026-10-09 03:36:08,527 - WARNING - GNN failed on rep 94: PyTorch not installed. Cannot use GNN method.
2026-10-09 03:36:09,611 - WARNING - GNN failed on rep 95: PyTorch not installed. Cannot use GNN method.
2026-10-09 03:36:10,719 - WARNING - GNN failed on rep 96: PyTorch not installed. Cannot use GNN method.
2026-10-09 03:36:11,803 - WARNING - GNN failed on rep 97: PyTorch not installed. Cannot use GNN method.
2026-10-09 03:36:12,936 - WARNING - GNN failed on rep 98: PyTorch not installed. Cannot use GNN method.
2026-10-09 03:36:14,025 - WARNING - GNN failed on rep 99: PyTorch not installed. Cannot use GNN method.
2026-10-09 03:36:14,033 - INFO - Completed: T150_N0.3_D4_DF5
2026-10-09 03:36:14,038 - INFO - Configuration 47/90
2026-10-09 03:36:14,039 - INFO - Starting configuration: T150_N0.3_D2_DF10
2026-10-09 03:36:15,693 - WARNING - GNN failed on rep 0: PyTorch not installed. Cannot use GNN method.
2026-10-09 03:36:16,817 - WARNING - GNN failed on rep 1: PyTorch not installed. Cannot use GNN method.
2026-10-09 03:36:17,894 - WARNING - GNN failed on rep 2: PyTorch not installed. Cannot use GNN method.
2026-10-09 03:36:19,006 - WARNING - GNN failed on rep 3: PyTorch not installed. Cannot use GNN method.
2026-10-09 03:36:20,124 - WARNING - GNN failed on rep 4: PyTorch not installed. Cannot use GNN method.
2026-10-09 03:36:21,199 - WARNING - GNN failed on rep 5: PyTorch not installed. Cannot use GNN method.
2026-10-09 03:36:22,314 - WARNING - GNN failed on rep 6: PyTorch not installed. Cannot use GNN method.
2026-10-09 03:36:23,383 - WARNING - GNN failed on rep 7: PyTorch not installed. Cannot use GNN method.
2026-10-09 03:36:24,527 - WARNING - GNN failed on rep 8: PyTorch not installed. Cannot use GNN method.
2026-10-09 03:36:25,626 - WARNING - GNN failed on rep 9: PyTorch not installed. Cannot use GNN method.
2026-10-09 03:36:26,705 - WARNING - GNN failed on rep 10: PyTorch not installed. Cannot use GNN method.
2026-10-09 03:36:27,786 - WARNING - GNN failed on rep 11: PyTorch not installed. Cannot use GNN method.
2026-10-09 03:36:29,381 - WARNING - GNN failed on rep 12: PyTorch not installed. Cannot use GNN method.
2026-10-09 03:36:30,465 - WARNING - GNN failed on rep 13: PyTorch not installed. Cannot use GNN method.
2026-10-09 03:36:31,576 - WARNING - GNN failed on rep 14: PyTorch not installed. Cannot use GNN method.
2026-10-09 03:36:32,717 - WARNING - GNN failed on rep 15: PyTorch not installed. Cannot use GNN method.
2026-10-09 03:36:33,823 - WARNING - GNN failed on rep 16: PyTorch not installed. Cannot use GNN method.
2026-10-09 03:36:34,922 - WARNING - GNN failed on rep 17: PyTorch not installed. Cannot use GNN method.
2026-10-09 03:36:36,163 - WARNING - GNN failed on rep 18: PyTorch not installed. Cannot use GNN method.
2026-10-09 03:36:37,282 - WARNING - GNN failed on rep 19: PyTorch not installed. Cannot use GNN method.
2026-10-09 03:36:38,373 - WARNING - GNN failed on rep 20: PyTorch not installed. Cannot use GNN method.
2026-10-09 03:36:39,469 - WARNING - GNN failed on rep 21: PyTorch not installed. Cannot use GNN method.
2026-10-09 03:36:40,540 - WARNING - GNN failed on rep 22: PyTorch not installed. Cannot use GNN method.
2026-10-09 03:36:41,649 - WARNING - GNN failed on rep 23: PyTorch not installed. Cannot use GNN method.
2026-10-09 03:36:42,759 - WARNING - GNN failed on rep 24: PyTorch not installed. Cannot use GNN method.
2026-10-09 03:36:43,840 - WARNING - GNN failed on rep 25: PyTorch not installed. Cannot use GNN method.
2026-10-09 03:36:44,930 - WARNING - GNN failed on rep 26: PyTorch not installed. Cannot use GNN method.
2026-10-09 03:36:46,046 - WARNING - GNN failed on rep 27: PyTorch not installed. Cannot use GNN method.
2026-10-09 03:36:47,116 - WARNING - GNN failed on rep 28: PyTorch not installed. Cannot use GNN method.
2026-10-09 03:36:48,247 - WARNING - GNN failed on rep 29: PyTorch not installed. Cannot use GNN method.
2026-10-09 03:36:49,318 - WARNING - GNN failed on rep 30: PyTorch not installed. Cannot use GNN method.
2026-10-09 03:36:50,373 - WARNING - GNN failed on rep 31: PyTorch not installed. Cannot use GNN method.
2026-10-09 03:36:51,466 - WARNING - GNN failed on rep 32: PyTorch not installed. Cannot use GNN method.
2026-10-09 03:36:52,553 - WARNING - GNN failed on rep 33: PyTorch not installed. Cannot use GNN method.
2026-10-09 03:36:53,692 - WARNING - GNN failed on rep 34: PyTorch not installed. Cannot use GNN method.
2026-10-09 03:36:54,906 - WARNING - GNN failed on rep 35: PyTorch not installed. Cannot use GNN method.
2026-10-09 03:36:56,018 - WARNING - GNN failed on rep 36: PyTorch not installed. Cannot use GNN method.
2026-10-09 03:36:57,128 - WARNING - GNN failed on rep 37: PyTorch not installed. Cannot use GNN method.
2026-10-09 03:36:58,204 - WARNING - GNN failed on rep 38: PyTorch not installed. Cannot use GNN method.
2026-10-09 03:36:59,357 - WARNING - GNN failed on rep 39: PyTorch not installed. Cannot use GNN method.
2026-10-09 03:37:00,468 - WARNING - GNN failed on rep 40: PyTorch not installed. Cannot use GNN method.
2026-10-09 03:37:01,530 - WARNING - GNN failed on rep 41: PyTorch not installed. Cannot use GNN method.
2026-10-09 03:37:02,583 - WARNING - GNN failed on rep 42: PyTorch not installed. Cannot use GNN method.
2026-10-09 03:37:03,717 - WARNING - GNN failed on rep 43: PyTorch not installed. Cannot use GNN method.
2026-10-09 03:37:04,813 - WARNING - GNN failed on rep 44: PyTorch not installed. Cannot use GNN method.
2026-10-09 03:37:05,875 - WARNING - GNN failed on rep 45: PyTorch not installed. Cannot use GNN method.
2026-10-09 03:37:06,936 - WARNING - GNN failed on rep 46: PyTorch not installed. Cannot use GNN method.
2026-10-09 03:37:08,010 - WARNING - GNN failed on rep 47: PyTorch not installed. Cannot use GNN method.
2026-10-09 03:37:09,087 - WARNING - GNN failed on rep 48: PyTorch not installed. Cannot use GNN method.
2026-10-09 03:37:10,197 - WARNING - GNN failed on rep 49: PyTorch not installed. Cannot use GNN method.
2026-10-09 03:37:11,306 - WARNING - GNN failed on rep 50: PyTorch not installed. Cannot use GNN method.
2026-10-09 03:37:12,375 - WARNING - GNN failed on rep 51: PyTorch not installed. Cannot use GNN method.
2026-10-09 03:37:13,461 - WARNING - GNN failed on rep 52: PyTorch not installed. Cannot use GNN method.
2026-10-09 03:37:14,714 - WARNING - GNN failed on rep 53: PyTorch not installed. Cannot use GNN method.
2026-10-09 03:37:15,777 - WARNING - GNN failed on rep 54: PyTorch not installed. Cannot use GNN method.
2026-10-09 03:37:16,847 - WARNING - GNN failed on rep 55: PyTorch not installed. Cannot use GNN method.
2026-10-09 03:37:17,925 - WARNING - GNN failed on rep 56: PyTorch not installed. Cannot use GNN method.
2026-10-09 03:37:19,032 - WARNING - GNN failed on rep 57: PyTorch not installed. Cannot use GNN method.
2026-10-09 03:37:20,126 - WARNING - GNN failed on rep 58: PyTorch not installed. Cannot use GNN method.
2026-10-09 03:37:21,194 - WARNING - GNN failed on rep 59: PyTorch not installed. Cannot use GNN method.
2026-10-09 03:37:22,248 - WARNING - GNN failed on rep 60: PyTorch not installed. Cannot use GNN method.
2026-10-09 03:37:23,299 - WARNING - GNN failed on rep 61: PyTorch not installed. Cannot use GNN method.
2026-10-09 03:37:24,418 - WARNING - GNN failed on rep 62: PyTorch not installed. Cannot use GNN method.
2026-10-09 03:37:25,492 - WARNING - GNN failed on rep 63: PyTorch not installed. Cannot use GNN method.
2026-10-09 03:37:26,578 - WARNING - GNN failed on rep 64: PyTorch not installed. Cannot use GNN method.
2026-10-09 03:37:27,644 - WARNING - GNN failed on rep 65: PyTorch not installed. Cannot use GNN method.
2026-10-09 03:37:29,198 - WARNING - GNN failed on rep 66: PyTorch not installed. Cannot use GNN method.
2026-10-09 03:37:30,293 - WARNING - GNN failed on rep 67: PyTorch not installed. Cannot use GNN method.
2026-10-09 03:37:31,392 - WARNING - GNN failed on rep 68: PyTorch not installed. Cannot use GNN method.
2026-10-09 03:37:32,503 - WARNING - GNN failed on rep 69: PyTorch not installed. Cannot use GNN method.
2026-10-09 03:37:33,618 - WARNING - GNN failed on rep 70: PyTorch not installed. Cannot use GNN method.
2026-10-09 03:37:34,848 - WARNING - GNN failed on rep 71: PyTorch not installed. Cannot use GNN method.
2026-10-09 03:37:35,912 - WARNING - GNN failed on rep 72: PyTorch not installed. Cannot use GNN method.
2026-10-09 03:37:37,043 - WARNING - GNN failed on rep 73: PyTorch not installed. Cannot use GNN method.
2026-10-09 03:37:38,115 - WARNING - GNN failed on rep 74: PyTorch not installed. Cannot use GNN method.
2026-10-09 03:37:39,219 - WARNING - GNN failed on rep 75: PyTorch not installed. Cannot use GNN method.
2026-10-09 03:37:40,437 - WARNING - GNN failed on rep 76: PyTorch not installed. Cannot use GNN method.
2026-10-09 03:37:41,567 - WARNING - GNN failed on rep 77: PyTorch not installed. Cannot use GNN method.
2026-10-09 03:37:42,695 - WARNING - GNN failed on rep 78: PyTorch not installed. Cannot use GNN method.
2026-10-09 03:37:43,780 - WARNING - GNN failed on rep 79: PyTorch not installed. Cannot use GNN method.
2026-10-09 03:37:44,904 - WARNING - GNN failed on rep 80: PyTorch not installed. Cannot use GNN method.
2026-10-09 03:37:45,965 - WARNING - GNN failed on rep 81: PyTorch not installed. Cannot use GNN method.
2026-10-09 03:37:47,048 - WARNING - GNN failed on rep 82: PyTorch not installed. Cannot use GNN method.
2026-10-09 03:37:48,113 - WARNING - GNN failed on rep 83: PyTorch not installed. Cannot use GNN method.
2026-10-09 03:37:49,215 - WARNING - GNN failed on rep 84: PyTorch not installed. Cannot use GNN method.
2026-10-09 03:37:50,304 - WARNING - GNN failed on rep 85: PyTorch not installed. Cannot use GNN method.
2026-10-09 03:37:51,425 - WARNING - GNN failed on rep 86: PyTorch not installed. Cannot use GNN method.
2026-10-09 03:37:52,642 - WARNING - GNN failed on rep 87: PyTorch not installed. Cannot use GNN method.
2026-10-09 03:37:53,731 - WARNING - GNN failed on rep 88: PyTorch not installed. Cannot use GNN method.
2026-10-09 03:37:54,819 - WARNING - GNN failed on rep 89: PyTorch not installed. Cannot use GNN method.
2026-10-09 03:37:55,929 - WARNING - GNN failed on rep 90: PyTorch not installed. Cannot use GNN method.
2026-10-09 03:37:57,039 - WARNING - GNN failed on rep 91: PyTorch not installed. Cannot use GNN method.
2026-10-09 03:37:58,086 - WARNING - GNN failed on rep 92: PyTorch not installed. Cannot use GNN method.
2026-10-09 03:37:59,191 - WARNING - GNN failed on rep 93: PyTorch not installed. Cannot use GNN method.
2026-10-09 03:38:00,273 - WARNING - GNN failed on rep 94: PyTorch not installed. Cannot use GNN method.
2026-10-09 03:38:01,382 - WARNING - GNN failed on rep 95: PyTorch not installed. Cannot use GNN method.
2026-10-09 03:38:02,434 - WARNING - GNN failed on rep 96: PyTorch not installed. Cannot use GNN method.
2026-10-09 03:38:03,494 - WARNING - GNN failed on rep 97: PyTorch not installed. Cannot use GNN method.
2026-10-09 03:38:04,611 - WARNING - GNN failed on rep 98: PyTorch not installed. Cannot use GNN method.
2026-10-09 03:38:05,770 - WARNING - GNN failed on rep 99: PyTorch not installed. Cannot use GNN method.
2026-10-09 03:38:05,776 - INFO - Completed: T150_N0.3_D2_DF10
2026-10-09 03:38:05,780 - INFO - Configuration 48/90
2026-10-09 03:38:05,780 - INFO - Starting configuration: T150_N0.3_D4_DF10
2026-10-09 03:38:07,288 - WARNING - GNN failed on rep 0: PyTorch not installed. Cannot use GNN method.
2026-10-09 03:38:08,370 - WARNING - GNN failed on rep 1: PyTorch not installed. Cannot use GNN method.
2026-10-09 03:38:09,416 - WARNING - GNN failed on rep 2: PyTorch not installed. Cannot use GNN method.
2026-10-09 03:38:10,617 - WARNING - GNN failed on rep 3: PyTorch not installed. Cannot use GNN method.
2026-10-09 03:38:11,716 - WARNING - GNN failed on rep 4: PyTorch not installed. Cannot use GNN method.
2026-10-09 03:38:12,753 - WARNING - GNN failed on rep 5: PyTorch not installed. Cannot use GNN method.
2026-10-09 03:38:13,823 - WARNING - GNN failed on rep 6: PyTorch not installed. Cannot use GNN method.
2026-10-09 03:38:14,875 - WARNING - GNN failed on rep 7: PyTorch not installed. Cannot use GNN method.
2026-10-09 03:38:15,978 - WARNING - GNN failed on rep 8: PyTorch not installed. Cannot use GNN method.
2026-10-09 03:38:17,024 - WARNING - GNN failed on rep 9: PyTorch not installed. Cannot use GNN method.
2026-10-09 03:38:18,071 - WARNING - GNN failed on rep 10: PyTorch not installed. Cannot use GNN method.
2026-10-09 03:38:19,121 - WARNING - GNN failed on rep 11: PyTorch not installed. Cannot use GNN method.
2026-10-09 03:38:20,173 - WARNING - GNN failed on rep 12: PyTorch not installed. Cannot use GNN method.
2026-10-09 03:38:21,226 - WARNING - GNN failed on rep 13: PyTorch not installed. Cannot use GNN method.
2026-10-09 03:38:22,274 - WARNING - GNN failed on rep 14: PyTorch not installed. Cannot use GNN method.
2026-10-09 03:38:23,333 - WARNING - GNN failed on rep 15: PyTorch not installed. Cannot use GNN method.
2026-10-09 03:38:24,389 - WARNING - GNN failed on rep 16: PyTorch not installed. Cannot use GNN method.
2026-10-09 03:38:25,442 - WARNING - GNN failed on rep 17: PyTorch not installed. Cannot use GNN method.
2026-10-09 03:38:26,485 - WARNING - GNN failed on rep 18: PyTorch not installed. Cannot use GNN method.
2026-10-09 03:38:27,579 - WARNING - GNN failed on rep 19: PyTorch not installed. Cannot use GNN method.
2026-10-09 03:38:29,120 - WARNING - GNN failed on rep 20: PyTorch not installed. Cannot use GNN method.
2026-10-09 03:38:30,295 - WARNING - GNN failed on rep 21: PyTorch not installed. Cannot use GNN method.
2026-10-09 03:38:31,367 - WARNING - GNN failed on rep 22: PyTorch not installed. Cannot use GNN method.
2026-10-09 03:38:32,426 - WARNING - GNN failed on rep 23: PyTorch not installed. Cannot use GNN method.
2026-10-09 03:38:33,467 - WARNING - GNN failed on rep 24: PyTorch not installed. Cannot use GNN method.
2026-10-09 03:38:34,548 - WARNING - GNN failed on rep 25: PyTorch not installed. Cannot use GNN method.
2026-10-09 03:38:35,604 - WARNING - GNN failed on rep 26: PyTorch not installed. Cannot use GNN method.
2026-10-09 03:38:36,704 - WARNING - GNN failed on rep 27: PyTorch not installed. Cannot use GNN method.
2026-10-09 03:38:37,752 - WARNING - GNN failed on rep 28: PyTorch not installed. Cannot use GNN method.
2026-10-09 03:38:38,824 - WARNING - GNN failed on rep 29: PyTorch not installed. Cannot use GNN method.
2026-10-09 03:38:39,891 - WARNING - GNN failed on rep 30: PyTorch not installed. Cannot use GNN method.
2026-10-09 03:38:40,962 - WARNING - GNN failed on rep 31: PyTorch not installed. Cannot use GNN method.
2026-10-09 03:38:42,020 - WARNING - GNN failed on rep 32: PyTorch not installed. Cannot use GNN method.
2026-10-09 03:38:43,084 - WARNING - GNN failed on rep 33: PyTorch not installed. Cannot use GNN method.
2026-10-09 03:38:44,154 - WARNING - GNN failed on rep 34: PyTorch not installed. Cannot use GNN method.
2026-10-09 03:38:45,220 - WARNING - GNN failed on rep 35: PyTorch not installed. Cannot use GNN method.
2026-10-09 03:38:46,289 - WARNING - GNN failed on rep 36: PyTorch not installed. Cannot use GNN method.
2026-10-09 03:38:47,357 - WARNING - GNN failed on rep 37: PyTorch not installed. Cannot use GNN method.
2026-10-09 03:38:48,414 - WARNING - GNN failed on rep 38: PyTorch not installed. Cannot use GNN method.
2026-10-09 03:38:49,601 - WARNING - GNN failed on rep 39: PyTorch not installed. Cannot use GNN method.
2026-10-09 03:38:50,652 - WARNING - GNN failed on rep 40: PyTorch not installed. Cannot use GNN method.
2026-10-09 03:38:51,709 - WARNING - GNN failed on rep 41: PyTorch not installed. Cannot use GNN method.
2026-10-09 03:38:52,766 - WARNING - GNN failed on rep 42: PyTorch not installed. Cannot use GNN method.
2026-10-09 03:38:53,836 - WARNING - GNN failed on rep 43: PyTorch not installed. Cannot use GNN method.
2026-10-09 03:38:54,913 - WARNING - GNN failed on rep 44: PyTorch not installed. Cannot use GNN method.
2026-10-09 03:38:55,970 - WARNING - GNN failed on rep 45: PyTorch not installed. Cannot use GNN method.
2026-10-09 03:38:57,067 - WARNING - GNN failed on rep 46: PyTorch not installed. Cannot use GNN method.
2026-10-09 03:38:58,127 - WARNING - GNN failed on rep 47: PyTorch not installed. Cannot use GNN method.
2026-10-09 03:38:59,194 - WARNING - GNN failed on rep 48: PyTorch not installed. Cannot use GNN method.
2026-10-09 03:39:00,269 - WARNING - GNN failed on rep 49: PyTorch not installed. Cannot use GNN method.
2026-10-09 03:39:01,329 - WARNING - GNN failed on rep 50: PyTorch not installed. Cannot use GNN method.
2026-10-09 03:39:02,415 - WARNING - GNN failed on rep 51: PyTorch not installed. Cannot use GNN method.
2026-10-09 03:39:03,474 - WARNING - GNN failed on rep 52: PyTorch not installed. Cannot use GNN method.
2026-10-09 03:39:04,543 - WARNING - GNN failed on rep 53: PyTorch not installed. Cannot use GNN method.
2026-10-09 03:39:05,600 - WARNING - GNN failed on rep 54: PyTorch not installed. Cannot use GNN method.
2026-10-09 03:39:06,660 - WARNING - GNN failed on rep 55: PyTorch not installed. Cannot use GNN method.
2026-10-09 03:39:07,714 - WARNING - GNN failed on rep 56: PyTorch not installed. Cannot use GNN method.
2026-10-09 03:39:08,877 - WARNING - GNN failed on rep 57: PyTorch not installed. Cannot use GNN method.
2026-10-09 03:39:09,932 - WARNING - GNN failed on rep 58: PyTorch not installed. Cannot use GNN method.
2026-10-09 03:39:10,994 - WARNING - GNN failed on rep 59: PyTorch not installed. Cannot use GNN method.
2026-10-09 03:39:12,039 - WARNING - GNN failed on rep 60: PyTorch not installed. Cannot use GNN method.
2026-10-09 03:39:13,331 - WARNING - GNN failed on rep 61: PyTorch not installed. Cannot use GNN method.
2026-10-09 03:39:14,431 - WARNING - GNN failed on rep 62: PyTorch not installed. Cannot use GNN method.
2026-10-09 03:39:15,542 - WARNING - GNN failed on rep 63: PyTorch not installed. Cannot use GNN method.
2026-10-09 03:39:16,614 - WARNING - GNN failed on rep 64: PyTorch not installed. Cannot use GNN method.
2026-10-09 03:39:17,754 - WARNING - GNN failed on rep 65: PyTorch not installed. Cannot use GNN method.
2026-10-09 03:39:18,817 - WARNING - GNN failed on rep 66: PyTorch not installed. Cannot use GNN method.
2026-10-09 03:39:19,896 - WARNING - GNN failed on rep 67: PyTorch not installed. Cannot use GNN method.
2026-10-09 03:39:20,974 - WARNING - GNN failed on rep 68: PyTorch not installed. Cannot use GNN method.
2026-10-09 03:39:22,027 - WARNING - GNN failed on rep 69: PyTorch not installed. Cannot use GNN method.
2026-10-09 03:39:23,086 - WARNING - GNN failed on rep 70: PyTorch not installed. Cannot use GNN method.
2026-10-09 03:39:24,144 - WARNING - GNN failed on rep 71: PyTorch not installed. Cannot use GNN method.
2026-10-09 03:39:25,220 - WARNING - GNN failed on rep 72: PyTorch not installed. Cannot use GNN method.
2026-10-09 03:39:26,292 - WARNING - GNN failed on rep 73: PyTorch not installed. Cannot use GNN method.
2026-10-09 03:39:27,366 - WARNING - GNN failed on rep 74: PyTorch not installed. Cannot use GNN method.
2026-10-09 03:39:29,043 - WARNING - GNN failed on rep 75: PyTorch not installed. Cannot use GNN method.
2026-10-09 03:39:30,131 - WARNING - GNN failed on rep 76: PyTorch not installed. Cannot use GNN method.
2026-10-09 03:39:31,204 - WARNING - GNN failed on rep 77: PyTorch not installed. Cannot use GNN method.
2026-10-09 03:39:32,274 - WARNING - GNN failed on rep 78: PyTorch not installed. Cannot use GNN method.
2026-10-09 03:39:33,328 - WARNING - GNN failed on rep 79: PyTorch not installed. Cannot use GNN method.
2026-10-09 03:39:34,423 - WARNING - GNN failed on rep 80: PyTorch not installed. Cannot use GNN method.
2026-10-09 03:39:35,476 - WARNING - GNN failed on rep 81: PyTorch not installed. Cannot use GNN method.
2026-10-09 03:39:36,538 - WARNING - GNN failed on rep 82: PyTorch not installed. Cannot use GNN method.
2026-10-09 03:39:37,647 - WARNING - GNN failed on rep 83: PyTorch not installed. Cannot use GNN method.
2026-10-09 03:39:38,749 - WARNING - GNN failed on rep 84: PyTorch not installed. Cannot use GNN method.
2026-10-09 03:39:39,808 - WARNING - GNN failed on rep 85: PyTorch not installed. Cannot use GNN method.
2026-10-09 03:39:40,877 - WARNING - GNN failed on rep 86: PyTorch not installed. Cannot use GNN method.
2026-10-09 03:39:41,951 - WARNING - GNN failed on rep 87: PyTorch not installed. Cannot use GNN method.
2026-10-09 03:39:43,035 - WARNING - GNN failed on rep 88: PyTorch not installed. Cannot use GNN method.
2026-10-09 03:39:44,148 - WARNING - GNN failed on rep 89: PyTorch not installed. Cannot use GNN method.
2026-10-09 03:39:45,219 - WARNING - GNN failed on rep 90: PyTorch not installed. Cannot use GNN method.
2026-10-09 03:39:46,303 - WARNING - GNN failed on rep 91: PyTorch not installed. Cannot use GNN method.
2026-10-09 03:39:47,395 - WARNING - GNN failed on rep 92: PyTorch not installed. Cannot use GNN method.
2026-10-09 03:39:48,569 - WARNING - GNN failed on rep 93: PyTorch not installed. Cannot use GNN method.
2026-10-09 03:39:49,649 - WARNING - GNN failed on rep 94: PyTorch not installed. Cannot use GNN method.
2026-10-09 03:39:50,705 - WARNING - GNN failed on rep 95: PyTorch not installed. Cannot use GNN method.
2026-10-09 03:39:51,777 - WARNING - GNN failed on rep 96: PyTorch not installed. Cannot use GNN method.
2026-10-09 03:39:52,822 - WARNING - GNN failed on rep 97: PyTorch not installed. Cannot use GNN method.
2026-10-09 03:39:53,880 - WARNING - GNN failed on rep 98: PyTorch not installed. Cannot use GNN method.
2026-10-09 03:39:54,940 - WARNING - GNN failed on rep 99: PyTorch not installed. Cannot use GNN method.
2026-10-09 03:39:54,947 - INFO - Completed: T150_N0.3_D4_DF10
2026-10-09 03:39:54,951 - INFO - Configuration 49/90
2026-10-09 03:39:54,951 - INFO - Starting configuration: T150_N0.5_D2_DF3
2026-10-09 03:39:56,407 - WARNING - GNN failed on rep 0: PyTorch not installed. Cannot use GNN method.
2026-10-09 03:39:57,471 - WARNING - GNN failed on rep 1: PyTorch not installed. Cannot use GNN method.
2026-10-09 03:39:58,542 - WARNING - GNN failed on rep 2: PyTorch not installed. Cannot use GNN method.
2026-10-09 03:39:59,604 - WARNING - GNN failed on rep 3: PyTorch not installed. Cannot use GNN method.
2026-10-09 03:40:00,658 - WARNING - GNN failed on rep 4: PyTorch not installed. Cannot use GNN method.
2026-10-09 03:40:01,714 - WARNING - GNN failed on rep 5: PyTorch not installed. Cannot use GNN method.
2026-10-09 03:40:02,770 - WARNING - GNN failed on rep 6: PyTorch not installed. Cannot use GNN method.
2026-10-09 03:40:03,841 - WARNING - GNN failed on rep 7: PyTorch not installed. Cannot use GNN method.
2026-10-09 03:40:04,899 - WARNING - GNN failed on rep 8: PyTorch not installed. Cannot use GNN method.
2026-10-09 03:40:06,078 - WARNING - GNN failed on rep 9: PyTorch not installed. Cannot use GNN method.
2026-10-09 03:40:07,145 - WARNING - GNN failed on rep 10: PyTorch not installed. Cannot use GNN method.
2026-10-09 03:40:08,190 - WARNING - GNN failed on rep 11: PyTorch not installed. Cannot use GNN method.
2026-10-09 03:40:09,277 - WARNING - GNN failed on rep 12: PyTorch not installed. Cannot use GNN method.
2026-10-09 03:40:10,330 - WARNING - GNN failed on rep 13: PyTorch not installed. Cannot use GNN method.
2026-10-09 03:40:11,452 - WARNING - GNN failed on rep 14: PyTorch not installed. Cannot use GNN method.
2026-10-09 03:40:12,544 - WARNING - GNN failed on rep 15: PyTorch not installed. Cannot use GNN method.
2026-10-09 03:40:13,712 - WARNING - GNN failed on rep 16: PyTorch not installed. Cannot use GNN method.
2026-10-09 03:40:14,863 - WARNING - GNN failed on rep 17: PyTorch not installed. Cannot use GNN method.
2026-10-09 03:40:15,954 - WARNING - GNN failed on rep 18: PyTorch not installed. Cannot use GNN method.
2026-10-09 03:40:17,018 - WARNING - GNN failed on rep 19: PyTorch not installed. Cannot use GNN method.
2026-10-09 03:40:18,105 - WARNING - GNN failed on rep 20: PyTorch not installed. Cannot use GNN method.
2026-10-09 03:40:19,223 - WARNING - GNN failed on rep 21: PyTorch not installed. Cannot use GNN method.
2026-10-09 03:40:20,276 - WARNING - GNN failed on rep 22: PyTorch not installed. Cannot use GNN method.
2026-10-09 03:40:21,345 - WARNING - GNN failed on rep 23: PyTorch not installed. Cannot use GNN method.
2026-10-09 03:40:22,410 - WARNING - GNN failed on rep 24: PyTorch not installed. Cannot use GNN method.
2026-10-09 03:40:23,477 - WARNING - GNN failed on rep 25: PyTorch not installed. Cannot use GNN method.
2026-10-09 03:40:24,540 - WARNING - GNN failed on rep 26: PyTorch not installed. Cannot use GNN method.
2026-10-09 03:40:25,731 - WARNING - GNN failed on rep 27: PyTorch not installed. Cannot use GNN method.
2026-10-09 03:40:26,789 - WARNING - GNN failed on rep 28: PyTorch not installed. Cannot use GNN method.
2026-10-09 03:40:27,873 - WARNING - GNN failed on rep 29: PyTorch not installed. Cannot use GNN method.
2026-10-09 03:40:29,467 - WARNING - GNN failed on rep 30: PyTorch not installed. Cannot use GNN method.
2026-10-09 03:40:30,543 - WARNING - GNN failed on rep 31: PyTorch not installed. Cannot use GNN method.
2026-10-09 03:40:31,623 - WARNING - GNN failed on rep 32: PyTorch not installed. Cannot use GNN method.
2026-10-09 03:40:32,680 - WARNING - GNN failed on rep 33: PyTorch not installed. Cannot use GNN method.
2026-10-09 03:40:33,780 - WARNING - GNN failed on rep 34: PyTorch not installed. Cannot use GNN method.
2026-10-09 03:40:34,860 - WARNING - GNN failed on rep 35: PyTorch not installed. Cannot use GNN method.
2026-10-09 03:40:35,907 - WARNING - GNN failed on rep 36: PyTorch not installed. Cannot use GNN method.
2026-10-09 03:40:36,971 - WARNING - GNN failed on rep 37: PyTorch not installed. Cannot use GNN method.
2026-10-09 03:40:38,082 - WARNING - GNN failed on rep 38: PyTorch not installed. Cannot use GNN method.
2026-10-09 03:40:39,190 - WARNING - GNN failed on rep 39: PyTorch not installed. Cannot use GNN method.
2026-10-09 03:40:40,309 - WARNING - GNN failed on rep 40: PyTorch not installed. Cannot use GNN method.
2026-10-09 03:40:41,392 - WARNING - GNN failed on rep 41: PyTorch not installed. Cannot use GNN method.
2026-10-09 03:40:42,466 - WARNING - GNN failed on rep 42: PyTorch not installed. Cannot use GNN method.
2026-10-09 03:40:43,575 - WARNING - GNN failed on rep 43: PyTorch not installed. Cannot use GNN method.
2026-10-09 03:40:44,707 - WARNING - GNN failed on rep 44: PyTorch not installed. Cannot use GNN method.
2026-10-09 03:40:45,891 - WARNING - GNN failed on rep 45: PyTorch not installed. Cannot use GNN method.
2026-10-09 03:40:46,979 - WARNING - GNN failed on rep 46: PyTorch not installed. Cannot use GNN method.
2026-10-09 03:40:48,051 - WARNING - GNN failed on rep 47: PyTorch not installed. Cannot use GNN method.
2026-10-09 03:40:49,136 - WARNING - GNN failed on rep 48: PyTorch not installed. Cannot use GNN method.
2026-10-09 03:40:50,228 - WARNING - GNN failed on rep 49: PyTorch not installed. Cannot use GNN method.
2026-10-09 03:40:51,312 - WARNING - GNN failed on rep 50: PyTorch not installed. Cannot use GNN method.
2026-10-09 03:40:52,387 - WARNING - GNN failed on rep 51: PyTorch not installed. Cannot use GNN method.
2026-10-09 03:40:53,491 - WARNING - GNN failed on rep 52: PyTorch not installed. Cannot use GNN method.
2026-10-09 03:40:54,574 - WARNING - GNN failed on rep 53: PyTorch not installed. Cannot use GNN method.
2026-10-09 03:40:55,667 - WARNING - GNN failed on rep 54: PyTorch not installed. Cannot use GNN method.
2026-10-09 03:40:56,757 - WARNING - GNN failed on rep 55: PyTorch not installed. Cannot use GNN method.
2026-10-09 03:40:57,835 - WARNING - GNN failed on rep 56: PyTorch not installed. Cannot use GNN method.
2026-10-09 03:40:58,914 - WARNING - GNN failed on rep 57: PyTorch not installed. Cannot use GNN method.
2026-10-09 03:41:00,002 - WARNING - GNN failed on rep 58: PyTorch not installed. Cannot use GNN method.
2026-10-09 03:41:01,130 - WARNING - GNN failed on rep 59: PyTorch not installed. Cannot use GNN method.
2026-10-09 03:41:02,225 - WARNING - GNN failed on rep 60: PyTorch not installed. Cannot use GNN method.
2026-10-09 03:41:03,296 - WARNING - GNN failed on rep 61: PyTorch not installed. Cannot use GNN method.
2026-10-09 03:41:04,372 - WARNING - GNN failed on rep 62: PyTorch not installed. Cannot use GNN method.
2026-10-09 03:41:05,581 - WARNING - GNN failed on rep 63: PyTorch not installed. Cannot use GNN method.
2026-10-09 03:41:06,642 - WARNING - GNN failed on rep 64: PyTorch not installed. Cannot use GNN method.
2026-10-09 03:41:07,722 - WARNING - GNN failed on rep 65: PyTorch not installed. Cannot use GNN method.
2026-10-09 03:41:08,779 - WARNING - GNN failed on rep 66: PyTorch not installed. Cannot use GNN method.
2026-10-09 03:41:09,939 - WARNING - GNN failed on rep 67: PyTorch not installed. Cannot use GNN method.
2026-10-09 03:41:11,154 - WARNING - GNN failed on rep 68: PyTorch not installed. Cannot use GNN method.
2026-10-09 03:41:12,246 - WARNING - GNN failed on rep 69: PyTorch not installed. Cannot use GNN method.
2026-10-09 03:41:13,368 - WARNING - GNN failed on rep 70: PyTorch not installed. Cannot use GNN method.
2026-10-09 03:41:14,446 - WARNING - GNN failed on rep 71: PyTorch not installed. Cannot use GNN method.
2026-10-09 03:41:15,540 - WARNING - GNN failed on rep 72: PyTorch not installed. Cannot use GNN method.
2026-10-09 03:41:16,680 - WARNING - GNN failed on rep 73: PyTorch not installed. Cannot use GNN method.
2026-10-09 03:41:17,818 - WARNING - GNN failed on rep 74: PyTorch not installed. Cannot use GNN method.
2026-10-09 03:41:18,931 - WARNING - GNN failed on rep 75: PyTorch not installed. Cannot use GNN method.
2026-10-09 03:41:20,049 - WARNING - GNN failed on rep 76: PyTorch not installed. Cannot use GNN method.
2026-10-09 03:41:21,178 - WARNING - GNN failed on rep 77: PyTorch not installed. Cannot use GNN method.
2026-10-09 03:41:22,325 - WARNING - GNN failed on rep 78: PyTorch not installed. Cannot use GNN method.
2026-10-09 03:41:23,378 - WARNING - GNN failed on rep 79: PyTorch not installed. Cannot use GNN method.
2026-10-09 03:41:24,522 - WARNING - GNN failed on rep 80: PyTorch not installed. Cannot use GNN method.
2026-10-09 03:41:25,557 - WARNING - GNN failed on rep 81: PyTorch not installed. Cannot use GNN method.
2026-10-09 03:41:26,745 - WARNING - GNN failed on rep 82: PyTorch not installed. Cannot use GNN method.
2026-10-09 03:41:27,866 - WARNING - GNN failed on rep 83: PyTorch not installed. Cannot use GNN method.
2026-10-09 03:41:29,481 - WARNING - GNN failed on rep 84: PyTorch not installed. Cannot use GNN method.
2026-10-09 03:41:30,567 - WARNING - GNN failed on rep 85: PyTorch not installed. Cannot use GNN method.
2026-10-09 03:41:31,689 - WARNING - GNN failed on rep 86: PyTorch not installed. Cannot use GNN method.
2026-10-09 03:41:32,777 - WARNING - GNN failed on rep 87: PyTorch not installed. Cannot use GNN method.
2026-10-09 03:41:33,844 - WARNING - GNN failed on rep 88: PyTorch not installed. Cannot use GNN method.
2026-10-09 03:41:34,942 - WARNING - GNN failed on rep 89: PyTorch not installed. Cannot use GNN method.
2026-10-09 03:41:36,029 - WARNING - GNN failed on rep 90: PyTorch not installed. Cannot use GNN method.
2026-10-09 03:41:37,128 - WARNING - GNN failed on rep 91: PyTorch not installed. Cannot use GNN method.
2026-10-09 03:41:38,243 - WARNING - GNN failed on rep 92: PyTorch not installed. Cannot use GNN method.
2026-10-09 03:41:39,308 - WARNING - GNN failed on rep 93: PyTorch not installed. Cannot use GNN method.
2026-10-09 03:41:40,432 - WARNING - GNN failed on rep 94: PyTorch not installed. Cannot use GNN method.
2026-10-09 03:41:41,494 - WARNING - GNN failed on rep 95: PyTorch not installed. Cannot use GNN method.
2026-10-09 03:41:42,614 - WARNING - GNN failed on rep 96: PyTorch not installed. Cannot use GNN method.
2026-10-09 03:41:43,683 - WARNING - GNN failed on rep 97: PyTorch not installed. Cannot use GNN method.
2026-10-09 03:41:44,739 - WARNING - GNN failed on rep 98: PyTorch not installed. Cannot use GNN method.
2026-10-09 03:41:45,958 - WARNING - GNN failed on rep 99: PyTorch not installed. Cannot use GNN method.
2026-10-09 03:41:45,966 - INFO - Completed: T150_N0.5_D2_DF3
2026-10-09 03:41:45,970 - INFO - Configuration 50/90
2026-10-09 03:41:45,971 - INFO - Starting configuration: T150_N0.5_D4_DF3
2026-10-09 03:41:47,501 - WARNING - GNN failed on rep 0: PyTorch not installed. Cannot use GNN method.
2026-10-09 03:41:48,557 - WARNING - GNN failed on rep 1: PyTorch not installed. Cannot use GNN method.
2026-10-09 03:41:49,642 - WARNING - GNN failed on rep 2: PyTorch not installed. Cannot use GNN method.
2026-10-09 03:41:50,689 - WARNING - GNN failed on rep 3: PyTorch not installed. Cannot use GNN method.
2026-10-09 03:41:51,739 - WARNING - GNN failed on rep 4: PyTorch not installed. Cannot use GNN method.
2026-10-09 03:41:52,808 - WARNING - GNN failed on rep 5: PyTorch not installed. Cannot use GNN method.
2026-10-09 03:41:53,884 - WARNING - GNN failed on rep 6: PyTorch not installed. Cannot use GNN method.
2026-10-09 03:41:54,970 - WARNING - GNN failed on rep 7: PyTorch not installed. Cannot use GNN method.
2026-10-09 03:41:56,064 - WARNING - GNN failed on rep 8: PyTorch not installed. Cannot use GNN method.
2026-10-09 03:41:57,171 - WARNING - GNN failed on rep 9: PyTorch not installed. Cannot use GNN method.
2026-10-09 03:41:58,274 - WARNING - GNN failed on rep 10: PyTorch not installed. Cannot use GNN method.
2026-10-09 03:41:59,381 - WARNING - GNN failed on rep 11: PyTorch not installed. Cannot use GNN method.
2026-10-09 03:42:00,496 - WARNING - GNN failed on rep 12: PyTorch not installed. Cannot use GNN method.
2026-10-09 03:42:01,559 - WARNING - GNN failed on rep 13: PyTorch not installed. Cannot use GNN method.
2026-10-09 03:42:02,723 - WARNING - GNN failed on rep 14: PyTorch not installed. Cannot use GNN method.
2026-10-09 03:42:03,802 - WARNING - GNN failed on rep 15: PyTorch not installed. Cannot use GNN method.
2026-10-09 03:42:04,847 - WARNING - GNN failed on rep 16: PyTorch not installed. Cannot use GNN method.
2026-10-09 03:42:05,917 - WARNING - GNN failed on rep 17: PyTorch not installed. Cannot use GNN method.
2026-10-09 03:42:06,982 - WARNING - GNN failed on rep 18: PyTorch not installed. Cannot use GNN method.
2026-10-09 03:42:08,038 - WARNING - GNN failed on rep 19: PyTorch not installed. Cannot use GNN method.
2026-10-09 03:42:09,114 - WARNING - GNN failed on rep 20: PyTorch not installed. Cannot use GNN method.
2026-10-09 03:42:10,162 - WARNING - GNN failed on rep 21: PyTorch not installed. Cannot use GNN method.
2026-10-09 03:42:11,229 - WARNING - GNN failed on rep 22: PyTorch not installed. Cannot use GNN method.
2026-10-09 03:42:12,311 - WARNING - GNN failed on rep 23: PyTorch not installed. Cannot use GNN method.
2026-10-09 03:42:13,386 - WARNING - GNN failed on rep 24: PyTorch not installed. Cannot use GNN method.
2026-10-09 03:42:14,435 - WARNING - GNN failed on rep 25: PyTorch not installed. Cannot use GNN method.
2026-10-09 03:42:15,479 - WARNING - GNN failed on rep 26: PyTorch not installed. Cannot use GNN method.
2026-10-09 03:42:16,527 - WARNING - GNN failed on rep 27: PyTorch not installed. Cannot use GNN method.
2026-10-09 03:42:17,556 - WARNING - GNN failed on rep 28: PyTorch not installed. Cannot use GNN method.
2026-10-09 03:42:18,632 - WARNING - GNN failed on rep 29: PyTorch not installed. Cannot use GNN method.
2026-10-09 03:42:19,685 - WARNING - GNN failed on rep 30: PyTorch not installed. Cannot use GNN method.
2026-10-09 03:42:20,743 - WARNING - GNN failed on rep 31: PyTorch not installed. Cannot use GNN method.
2026-10-09 03:42:21,902 - WARNING - GNN failed on rep 32: PyTorch not installed. Cannot use GNN method.
2026-10-09 03:42:22,948 - WARNING - GNN failed on rep 33: PyTorch not installed. Cannot use GNN method.
2026-10-09 03:42:24,050 - WARNING - GNN failed on rep 34: PyTorch not installed. Cannot use GNN method.
2026-10-09 03:42:25,094 - WARNING - GNN failed on rep 35: PyTorch not installed. Cannot use GNN method.
2026-10-09 03:42:26,144 - WARNING - GNN failed on rep 36: PyTorch not installed. Cannot use GNN method.
2026-10-09 03:42:27,194 - WARNING - GNN failed on rep 37: PyTorch not installed. Cannot use GNN method.
2026-10-09 03:42:28,636 - WARNING - GNN failed on rep 38: PyTorch not installed. Cannot use GNN method.
2026-10-09 03:42:29,784 - WARNING - GNN failed on rep 39: PyTorch not installed. Cannot use GNN method.
2026-10-09 03:42:30,809 - WARNING - GNN failed on rep 40: PyTorch not installed. Cannot use GNN method.
2026-10-09 03:42:31,861 - WARNING - GNN failed on rep 41: PyTorch not installed. Cannot use GNN method.
2026-10-09 03:42:32,916 - WARNING - GNN failed on rep 42: PyTorch not installed. Cannot use GNN method.
2026-10-09 03:42:34,997 - WARNING - GNN failed on rep 43: PyTorch not installed. Cannot use GNN method.
2026-10-09 03:42:37,333 - WARNING - GNN failed on rep 44: PyTorch not installed. Cannot use GNN method.
2026-10-09 03:42:39,553 - WARNING - GNN failed on rep 45: PyTorch not installed. Cannot use GNN method.
2026-10-09 03:42:41,919 - WARNING - GNN failed on rep 46: PyTorch not installed. Cannot use GNN method.
2026-10-09 03:42:44,109 - WARNING - GNN failed on rep 47: PyTorch not installed. Cannot use GNN method.
2026-10-09 03:42:46,649 - WARNING - GNN failed on rep 48: PyTorch not installed. Cannot use GNN method.
2026-10-09 03:42:47,810 - WARNING - GNN failed on rep 49: PyTorch not installed. Cannot use GNN method.
2026-10-09 03:42:49,866 - WARNING - GNN failed on rep 50: PyTorch not installed. Cannot use GNN method.
2026-10-09 03:42:52,419 - WARNING - GNN failed on rep 51: PyTorch not installed. Cannot use GNN method.
2026-10-09 03:42:54,876 - WARNING - GNN failed on rep 52: PyTorch not installed. Cannot use GNN method.
2026-10-09 03:42:56,048 - WARNING - GNN failed on rep 53: PyTorch not installed. Cannot use GNN method.
2026-10-09 03:42:57,128 - WARNING - GNN failed on rep 54: PyTorch not installed. Cannot use GNN method.
2026-10-09 03:42:58,254 - WARNING - GNN failed on rep 55: PyTorch not installed. Cannot use GNN method.
2026-10-09 03:42:59,527 - WARNING - GNN failed on rep 56: PyTorch not installed. Cannot use GNN method.
2026-10-09 03:43:00,642 - WARNING - GNN failed on rep 57: PyTorch not installed. Cannot use GNN method.
2026-10-09 03:43:01,756 - WARNING - GNN failed on rep 58: PyTorch not installed. Cannot use GNN method.
2026-10-09 03:43:02,841 - WARNING - GNN failed on rep 59: PyTorch not installed. Cannot use GNN method.
2026-10-09 03:43:03,933 - WARNING - GNN failed on rep 60: PyTorch not installed. Cannot use GNN method.
2026-10-09 03:43:05,053 - WARNING - GNN failed on rep 61: PyTorch not installed. Cannot use GNN method.
2026-10-09 03:43:06,264 - WARNING - GNN failed on rep 62: PyTorch not installed. Cannot use GNN method.
2026-10-09 03:43:07,350 - WARNING - GNN failed on rep 63: PyTorch not installed. Cannot use GNN method.
2026-10-09 03:43:08,422 - WARNING - GNN failed on rep 64: PyTorch not installed. Cannot use GNN method.
2026-10-09 03:43:09,524 - WARNING - GNN failed on rep 65: PyTorch not installed. Cannot use GNN method.
2026-10-09 03:43:10,608 - WARNING - GNN failed on rep 66: PyTorch not installed. Cannot use GNN method.
2026-10-09 03:43:11,692 - WARNING - GNN failed on rep 67: PyTorch not installed. Cannot use GNN method.
2026-10-09 03:43:12,811 - WARNING - GNN failed on rep 68: PyTorch not installed. Cannot use GNN method.
2026-10-09 03:43:13,906 - WARNING - GNN failed on rep 69: PyTorch not installed. Cannot use GNN method.
2026-10-09 03:43:15,029 - WARNING - GNN failed on rep 70: PyTorch not installed. Cannot use GNN method.
2026-10-09 03:43:16,130 - WARNING - GNN failed on rep 71: PyTorch not installed. Cannot use GNN method.
2026-10-09 03:43:17,216 - WARNING - GNN failed on rep 72: PyTorch not installed. Cannot use GNN method.
2026-10-09 03:43:18,320 - WARNING - GNN failed on rep 73: PyTorch not installed. Cannot use GNN method.
2026-10-09 03:43:19,401 - WARNING - GNN failed on rep 74: PyTorch not installed. Cannot use GNN method.
2026-10-09 03:43:20,499 - WARNING - GNN failed on rep 75: PyTorch not installed. Cannot use GNN method.
2026-10-09 03:43:21,577 - WARNING - GNN failed on rep 76: PyTorch not installed. Cannot use GNN method.
2026-10-09 03:43:22,810 - WARNING - GNN failed on rep 77: PyTorch not installed. Cannot use GNN method.
2026-10-09 03:43:23,893 - WARNING - GNN failed on rep 78: PyTorch not installed. Cannot use GNN method.
2026-10-09 03:43:25,008 - WARNING - GNN failed on rep 79: PyTorch not installed. Cannot use GNN method.
2026-10-09 03:43:26,086 - WARNING - GNN failed on rep 80: PyTorch not installed. Cannot use GNN method.
2026-10-09 03:43:27,195 - WARNING - GNN failed on rep 81: PyTorch not installed. Cannot use GNN method.
2026-10-09 03:43:28,757 - WARNING - GNN failed on rep 82: PyTorch not installed. Cannot use GNN method.
2026-10-09 03:43:29,930 - WARNING - GNN failed on rep 83: PyTorch not installed. Cannot use GNN method.
2026-10-09 03:43:31,020 - WARNING - GNN failed on rep 84: PyTorch not installed. Cannot use GNN method.
2026-10-09 03:43:32,085 - WARNING - GNN failed on rep 85: PyTorch not installed. Cannot use GNN method.
2026-10-09 03:43:33,168 - WARNING - GNN failed on rep 86: PyTorch not installed. Cannot use GNN method.
2026-10-09 03:43:34,257 - WARNING - GNN failed on rep 87: PyTorch not installed. Cannot use GNN method.
2026-10-09 03:43:35,340 - WARNING - GNN failed on rep 88: PyTorch not installed. Cannot use GNN method.
2026-10-09 03:43:36,431 - WARNING - GNN failed on rep 89: PyTorch not installed. Cannot use GNN method.
2026-10-09 03:43:37,509 - WARNING - GNN failed on rep 90: PyTorch not installed. Cannot use GNN method.
2026-10-09 03:43:38,611 - WARNING - GNN failed on rep 91: PyTorch not installed. Cannot use GNN method.
2026-10-09 03:43:39,678 - WARNING - GNN failed on rep 92: PyTorch not installed. Cannot use GNN method.
2026-10-09 03:43:40,752 - WARNING - GNN failed on rep 93: PyTorch not installed. Cannot use GNN method.
2026-10-09 03:43:41,824 - WARNING - GNN failed on rep 94: PyTorch not installed. Cannot use GNN method.
2026-10-09 03:43:43,019 - WARNING - GNN failed on rep 95: PyTorch not installed. Cannot use GNN method.
2026-10-09 03:43:44,111 - WARNING - GNN failed on rep 96: PyTorch not installed. Cannot use GNN method.
2026-10-09 03:43:45,212 - WARNING - GNN failed on rep 97: PyTorch not installed. Cannot use GNN method.
2026-10-09 03:43:46,300 - WARNING - GNN failed on rep 98: PyTorch not installed. Cannot use GNN method.
2026-10-09 03:43:47,560 - WARNING - GNN failed on rep 99: PyTorch not installed. Cannot use GNN method.
2026-10-09 03:43:47,568 - INFO - Completed: T150_N0.5_D4_DF3
2026-10-09 03:43:47,574 - INFO - Configuration 51/90
2026-10-09 03:43:47,574 - INFO - Starting configuration: T150_N0.5_D2_DF5
2026-10-09 03:43:49,135 - WARNING - GNN failed on rep 0: PyTorch not installed. Cannot use GNN method.
2026-10-09 03:43:50,236 - WARNING - GNN failed on rep 1: PyTorch not installed. Cannot use GNN method.
2026-10-09 03:43:51,315 - WARNING - GNN failed on rep 2: PyTorch not installed. Cannot use GNN method.
2026-10-09 03:43:52,395 - WARNING - GNN failed on rep 3: PyTorch not installed. Cannot use GNN method.
2026-10-09 03:43:53,467 - WARNING - GNN failed on rep 4: PyTorch not installed. Cannot use GNN method.
2026-10-09 03:43:54,553 - WARNING - GNN failed on rep 5: PyTorch not installed. Cannot use GNN method.
2026-10-09 03:43:55,624 - WARNING - GNN failed on rep 6: PyTorch not installed. Cannot use GNN method.
2026-10-09 03:43:56,705 - WARNING - GNN failed on rep 7: PyTorch not installed. Cannot use GNN method.
2026-10-09 03:43:57,769 - WARNING - GNN failed on rep 8: PyTorch not installed. Cannot use GNN method.
2026-10-09 03:43:58,842 - WARNING - GNN failed on rep 9: PyTorch not installed. Cannot use GNN method.
2026-10-09 03:43:59,927 - WARNING - GNN failed on rep 10: PyTorch not installed. Cannot use GNN method.
2026-10-09 03:44:01,149 - WARNING - GNN failed on rep 11: PyTorch not installed. Cannot use GNN method.
2026-10-09 03:44:02,215 - WARNING - GNN failed on rep 12: PyTorch not installed. Cannot use GNN method.
2026-10-09 03:44:03,283 - WARNING - GNN failed on rep 13: PyTorch not installed. Cannot use GNN method.
2026-10-09 03:44:04,359 - WARNING - GNN failed on rep 14: PyTorch not installed. Cannot use GNN method.
2026-10-09 03:44:05,465 - WARNING - GNN failed on rep 15: PyTorch not installed. Cannot use GNN method.
2026-10-09 03:44:06,539 - WARNING - GNN failed on rep 16: PyTorch not installed. Cannot use GNN method.
2026-10-09 03:44:07,608 - WARNING - GNN failed on rep 17: PyTorch not installed. Cannot use GNN method.
2026-10-09 03:44:08,675 - WARNING - GNN failed on rep 18: PyTorch not installed. Cannot use GNN method.
2026-10-09 03:44:09,748 - WARNING - GNN failed on rep 19: PyTorch not installed. Cannot use GNN method.
2026-10-09 03:44:10,807 - WARNING - GNN failed on rep 20: PyTorch not installed. Cannot use GNN method.
2026-10-09 03:44:11,872 - WARNING - GNN failed on rep 21: PyTorch not installed. Cannot use GNN method.
2026-10-09 03:44:12,950 - WARNING - GNN failed on rep 22: PyTorch not installed. Cannot use GNN method.
2026-10-09 03:44:14,011 - WARNING - GNN failed on rep 23: PyTorch not installed. Cannot use GNN method.
2026-10-09 03:44:15,079 - WARNING - GNN failed on rep 24: PyTorch not installed. Cannot use GNN method.
2026-10-09 03:44:16,155 - WARNING - GNN failed on rep 25: PyTorch not installed. Cannot use GNN method.
2026-10-09 03:44:17,235 - WARNING - GNN failed on rep 26: PyTorch not installed. Cannot use GNN method.
2026-10-09 03:44:18,428 - WARNING - GNN failed on rep 27: PyTorch not installed. Cannot use GNN method.
2026-10-09 03:44:19,516 - WARNING - GNN failed on rep 28: PyTorch not installed. Cannot use GNN method.
2026-10-09 03:44:20,590 - WARNING - GNN failed on rep 29: PyTorch not installed. Cannot use GNN method.
2026-10-09 03:44:21,653 - WARNING - GNN failed on rep 30: PyTorch not installed. Cannot use GNN method.
2026-10-09 03:44:22,715 - WARNING - GNN failed on rep 31: PyTorch not installed. Cannot use GNN method.
2026-10-09 03:44:23,787 - WARNING - GNN failed on rep 32: PyTorch not installed. Cannot use GNN method.
2026-10-09 03:44:24,848 - WARNING - GNN failed on rep 33: PyTorch not installed. Cannot use GNN method.
2026-10-09 03:44:25,962 - WARNING - GNN failed on rep 34: PyTorch not installed. Cannot use GNN method.
2026-10-09 03:44:27,041 - WARNING - GNN failed on rep 35: PyTorch not installed. Cannot use GNN method.
2026-10-09 03:44:28,643 - WARNING - GNN failed on rep 36: PyTorch not installed. Cannot use GNN method.
2026-10-09 03:44:30,005 - WARNING - GNN failed on rep 37: PyTorch not installed. Cannot use GNN method.
2026-10-09 03:44:31,083 - WARNING - GNN failed on rep 38: PyTorch not installed. Cannot use GNN method.
2026-10-09 03:44:32,169 - WARNING - GNN failed on rep 39: PyTorch not installed. Cannot use GNN method.
2026-10-09 03:44:33,244 - WARNING - GNN failed on rep 40: PyTorch not installed. Cannot use GNN method.
2026-10-09 03:44:34,333 - WARNING - GNN failed on rep 41: PyTorch not installed. Cannot use GNN method.
2026-10-09 03:44:35,415 - WARNING - GNN failed on rep 42: PyTorch not installed. Cannot use GNN method.
2026-10-09 03:44:36,485 - WARNING - GNN failed on rep 43: PyTorch not installed. Cannot use GNN method.
2026-10-09 03:44:37,660 - WARNING - GNN failed on rep 44: PyTorch not installed. Cannot use GNN method.
2026-10-09 03:44:38,737 - WARNING - GNN failed on rep 45: PyTorch not installed. Cannot use GNN method.
2026-10-09 03:44:39,824 - WARNING - GNN failed on rep 46: PyTorch not installed. Cannot use GNN method.
2026-10-09 03:44:40,866 - WARNING - GNN failed on rep 47: PyTorch not installed. Cannot use GNN method.
2026-10-09 03:44:41,942 - WARNING - GNN failed on rep 48: PyTorch not installed. Cannot use GNN method.
2026-10-09 03:44:43,014 - WARNING - GNN failed on rep 49: PyTorch not installed. Cannot use GNN method.
2026-10-09 03:44:44,089 - WARNING - GNN failed on rep 50: PyTorch not installed. Cannot use GNN method.
2026-10-09 03:44:45,156 - WARNING - GNN failed on rep 51: PyTorch not installed. Cannot use GNN method.
2026-10-09 03:44:46,235 - WARNING - GNN failed on rep 52: PyTorch not installed. Cannot use GNN method.
2026-10-09 03:44:47,294 - WARNING - GNN failed on rep 53: PyTorch not installed. Cannot use GNN method.
2026-10-09 03:44:48,349 - WARNING - GNN failed on rep 54: PyTorch not installed. Cannot use GNN method.
2026-10-09 03:44:49,435 - WARNING - GNN failed on rep 55: PyTorch not installed. Cannot use GNN method.
2026-10-09 03:44:50,511 - WARNING - GNN failed on rep 56: PyTorch not installed. Cannot use GNN method.
2026-10-09 03:44:51,575 - WARNING - GNN failed on rep 57: PyTorch not installed. Cannot use GNN method.
2026-10-09 03:44:52,640 - WARNING - GNN failed on rep 58: PyTorch not installed. Cannot use GNN method.
2026-10-09 03:44:53,721 - WARNING - GNN failed on rep 59: PyTorch not installed. Cannot use GNN method.
2026-10-09 03:44:54,769 - WARNING - GNN failed on rep 60: PyTorch not installed. Cannot use GNN method.
2026-10-09 03:44:55,836 - WARNING - GNN failed on rep 61: PyTorch not installed. Cannot use GNN method.
2026-10-09 03:44:57,006 - WARNING - GNN failed on rep 62: PyTorch not installed. Cannot use GNN method.
2026-10-09 03:44:58,080 - WARNING - GNN failed on rep 63: PyTorch not installed. Cannot use GNN method.
2026-10-09 03:44:59,167 - WARNING - GNN failed on rep 64: PyTorch not installed. Cannot use GNN method.
2026-10-09 03:45:00,222 - WARNING - GNN failed on rep 65: PyTorch not installed. Cannot use GNN method.
2026-10-09 03:45:01,281 - WARNING - GNN failed on rep 66: PyTorch not installed. Cannot use GNN method.
2026-10-09 03:45:02,343 - WARNING - GNN failed on rep 67: PyTorch not installed. Cannot use GNN method.
2026-10-09 03:45:03,401 - WARNING - GNN failed on rep 68: PyTorch not installed. Cannot use GNN method.
2026-10-09 03:45:04,496 - WARNING - GNN failed on rep 69: PyTorch not installed. Cannot use GNN method.
2026-10-09 03:45:05,557 - WARNING - GNN failed on rep 70: PyTorch not installed. Cannot use GNN method.
2026-10-09 03:45:06,623 - WARNING - GNN failed on rep 71: PyTorch not installed. Cannot use GNN method.
2026-10-09 03:45:07,738 - WARNING - GNN failed on rep 72: PyTorch not installed. Cannot use GNN method.
2026-10-09 03:45:08,805 - WARNING - GNN failed on rep 73: PyTorch not installed. Cannot use GNN method.
2026-10-09 03:45:09,866 - WARNING - GNN failed on rep 74: PyTorch not installed. Cannot use GNN method.
2026-10-09 03:45:11,032 - WARNING - GNN failed on rep 75: PyTorch not installed. Cannot use GNN method.
2026-10-09 03:45:12,157 - WARNING - GNN failed on rep 76: PyTorch not installed. Cannot use GNN method.
2026-10-09 03:45:13,234 - WARNING - GNN failed on rep 77: PyTorch not installed. Cannot use GNN method.
2026-10-09 03:45:14,742 - WARNING - GNN failed on rep 78: PyTorch not installed. Cannot use GNN method.
2026-10-09 03:45:15,947 - WARNING - GNN failed on rep 79: PyTorch not installed. Cannot use GNN method.
2026-10-09 03:45:17,027 - WARNING - GNN failed on rep 80: PyTorch not installed. Cannot use GNN method.
2026-10-09 03:45:18,108 - WARNING - GNN failed on rep 81: PyTorch not installed. Cannot use GNN method.
2026-10-09 03:45:19,218 - WARNING - GNN failed on rep 82: PyTorch not installed. Cannot use GNN method.
2026-10-09 03:45:20,274 - WARNING - GNN failed on rep 83: PyTorch not installed. Cannot use GNN method.
2026-10-09 03:45:21,370 - WARNING - GNN failed on rep 84: PyTorch not installed. Cannot use GNN method.
2026-10-09 03:45:22,470 - WARNING - GNN failed on rep 85: PyTorch not installed. Cannot use GNN method.
2026-10-09 03:45:23,553 - WARNING - GNN failed on rep 86: PyTorch not installed. Cannot use GNN method.
2026-10-09 03:45:24,709 - WARNING - GNN failed on rep 87: PyTorch not installed. Cannot use GNN method.
2026-10-09 03:45:25,816 - WARNING - GNN failed on rep 88: PyTorch not installed. Cannot use GNN method.
2026-10-09 03:45:26,891 - WARNING - GNN failed on rep 89: PyTorch not installed. Cannot use GNN method.
2026-10-09 03:45:28,024 - WARNING - GNN failed on rep 90: PyTorch not installed. Cannot use GNN method.
2026-10-09 03:45:29,744 - WARNING - GNN failed on rep 91: PyTorch not installed. Cannot use GNN method.
2026-10-09 03:45:30,804 - WARNING - GNN failed on rep 92: PyTorch not installed. Cannot use GNN method.
2026-10-09 03:45:31,889 - WARNING - GNN failed on rep 93: PyTorch not installed. Cannot use GNN method.
2026-10-09 03:45:32,969 - WARNING - GNN failed on rep 94: PyTorch not installed. Cannot use GNN method.
2026-10-09 03:45:34,160 - WARNING - GNN failed on rep 95: PyTorch not installed. Cannot use GNN method.
2026-10-09 03:45:35,248 - WARNING - GNN failed on rep 96: PyTorch not installed. Cannot use GNN method.
2026-10-09 03:45:36,329 - WARNING - GNN failed on rep 97: PyTorch not installed. Cannot use GNN method.
2026-10-09 03:45:37,406 - WARNING - GNN failed on rep 98: PyTorch not installed. Cannot use GNN method.
2026-10-09 03:45:38,460 - WARNING - GNN failed on rep 99: PyTorch not installed. Cannot use GNN method.
2026-10-09 03:45:38,466 - INFO - Completed: T150_N0.5_D2_DF5
2026-10-09 03:45:38,474 - INFO - Configuration 52/90
2026-10-09 03:45:38,475 - INFO - Starting configuration: T150_N0.5_D4_DF5
2026-10-09 03:45:39,974 - WARNING - GNN failed on rep 0: PyTorch not installed. Cannot use GNN method.
2026-10-09 03:45:41,060 - WARNING - GNN failed on rep 1: PyTorch not installed. Cannot use GNN method.
2026-10-09 03:45:42,131 - WARNING - GNN failed on rep 2: PyTorch not installed. Cannot use GNN method.
2026-10-09 03:45:43,199 - WARNING - GNN failed on rep 3: PyTorch not installed. Cannot use GNN method.
2026-10-09 03:45:44,281 - WARNING - GNN failed on rep 4: PyTorch not installed. Cannot use GNN method.
2026-10-09 03:45:45,373 - WARNING - GNN failed on rep 5: PyTorch not installed. Cannot use GNN method.
2026-10-09 03:45:46,431 - WARNING - GNN failed on rep 6: PyTorch not installed. Cannot use GNN method.
2026-10-09 03:45:47,511 - WARNING - GNN failed on rep 7: PyTorch not installed. Cannot use GNN method.
2026-10-09 03:45:48,623 - WARNING - GNN failed on rep 8: PyTorch not installed. Cannot use GNN method.
2026-10-09 03:45:49,690 - WARNING - GNN failed on rep 9: PyTorch not installed. Cannot use GNN method.
2026-10-09 03:45:50,754 - WARNING - GNN failed on rep 10: PyTorch not installed. Cannot use GNN method.
2026-10-09 03:45:51,960 - WARNING - GNN failed on rep 11: PyTorch not installed. Cannot use GNN method.
2026-10-09 03:45:53,017 - WARNING - GNN failed on rep 12: PyTorch not installed. Cannot use GNN method.
2026-10-09 03:45:54,107 - WARNING - GNN failed on rep 13: PyTorch not installed. Cannot use GNN method.
2026-10-09 03:45:55,181 - WARNING - GNN failed on rep 14: PyTorch not installed. Cannot use GNN method.
2026-10-09 03:45:56,244 - WARNING - GNN failed on rep 15: PyTorch not installed. Cannot use GNN method.
2026-10-09 03:45:57,295 - WARNING - GNN failed on rep 16: PyTorch not installed. Cannot use GNN method.
2026-10-09 03:45:58,359 - WARNING - GNN failed on rep 17: PyTorch not installed. Cannot use GNN method.
2026-10-09 03:45:59,425 - WARNING - GNN failed on rep 18: PyTorch not installed. Cannot use GNN method.
2026-10-09 03:46:00,502 - WARNING - GNN failed on rep 19: PyTorch not installed. Cannot use GNN method.
2026-10-09 03:46:01,561 - WARNING - GNN failed on rep 20: PyTorch not installed. Cannot use GNN method.
2026-10-09 03:46:02,632 - WARNING - GNN failed on rep 21: PyTorch not installed. Cannot use GNN method.
2026-10-09 03:46:03,722 - WARNING - GNN failed on rep 22: PyTorch not installed. Cannot use GNN method.
2026-10-09 03:46:04,847 - WARNING - GNN failed on rep 23: PyTorch not installed. Cannot use GNN method.
2026-10-09 03:46:05,911 - WARNING - GNN failed on rep 24: PyTorch not installed. Cannot use GNN method.
2026-10-09 03:46:06,986 - WARNING - GNN failed on rep 25: PyTorch not installed. Cannot use GNN method.
2026-10-09 03:46:08,081 - WARNING - GNN failed on rep 26: PyTorch not installed. Cannot use GNN method.
2026-10-09 03:46:09,262 - WARNING - GNN failed on rep 27: PyTorch not installed. Cannot use GNN method.
2026-10-09 03:46:10,636 - WARNING - GNN failed on rep 28: PyTorch not installed. Cannot use GNN method.
2026-10-09 03:46:11,884 - WARNING - GNN failed on rep 29: PyTorch not installed. Cannot use GNN method.
2026-10-09 03:46:13,035 - WARNING - GNN failed on rep 30: PyTorch not installed. Cannot use GNN method.
2026-10-09 03:46:14,132 - WARNING - GNN failed on rep 31: PyTorch not installed. Cannot use GNN method.
2026-10-09 03:46:15,229 - WARNING - GNN failed on rep 32: PyTorch not installed. Cannot use GNN method.
2026-10-09 03:46:16,325 - WARNING - GNN failed on rep 33: PyTorch not installed. Cannot use GNN method.
2026-10-09 03:46:17,616 - WARNING - GNN failed on rep 34: PyTorch not installed. Cannot use GNN method.
2026-10-09 03:46:18,752 - WARNING - GNN failed on rep 35: PyTorch not installed. Cannot use GNN method.
2026-10-09 03:46:19,856 - WARNING - GNN failed on rep 36: PyTorch not installed. Cannot use GNN method.
2026-10-09 03:46:20,913 - WARNING - GNN failed on rep 37: PyTorch not installed. Cannot use GNN method.
2026-10-09 03:46:21,995 - WARNING - GNN failed on rep 38: PyTorch not installed. Cannot use GNN method.
2026-10-09 03:46:23,087 - WARNING - GNN failed on rep 39: PyTorch not installed. Cannot use GNN method.
2026-10-09 03:46:24,271 - WARNING - GNN failed on rep 40: PyTorch not installed. Cannot use GNN method.
2026-10-09 03:46:25,338 - WARNING - GNN failed on rep 41: PyTorch not installed. Cannot use GNN method.
2026-10-09 03:46:26,423 - WARNING - GNN failed on rep 42: PyTorch not installed. Cannot use GNN method.
2026-10-09 03:46:27,514 - WARNING - GNN failed on rep 43: PyTorch not installed. Cannot use GNN method.
2026-10-09 03:46:29,147 - WARNING - GNN failed on rep 44: PyTorch not installed. Cannot use GNN method.
2026-10-09 03:46:30,224 - WARNING - GNN failed on rep 45: PyTorch not installed. Cannot use GNN method.
2026-10-09 03:46:31,314 - WARNING - GNN failed on rep 46: PyTorch not installed. Cannot use GNN method.
2026-10-09 03:46:32,402 - WARNING - GNN failed on rep 47: PyTorch not installed. Cannot use GNN method.
2026-10-09 03:46:33,556 - WARNING - GNN failed on rep 48: PyTorch not installed. Cannot use GNN method.
2026-10-09 03:46:34,683 - WARNING - GNN failed on rep 49: PyTorch not installed. Cannot use GNN method.
2026-10-09 03:46:35,842 - WARNING - GNN failed on rep 50: PyTorch not installed. Cannot use GNN method.
2026-10-09 03:46:36,922 - WARNING - GNN failed on rep 51: PyTorch not installed. Cannot use GNN method.
2026-10-09 03:46:38,043 - WARNING - GNN failed on rep 52: PyTorch not installed. Cannot use GNN method.
2026-10-09 03:46:39,135 - WARNING - GNN failed on rep 53: PyTorch not installed. Cannot use GNN method.
2026-10-09 03:46:40,215 - WARNING - GNN failed on rep 54: PyTorch not installed. Cannot use GNN method.
2026-10-09 03:46:41,286 - WARNING - GNN failed on rep 55: PyTorch not installed. Cannot use GNN method.
2026-10-09 03:46:42,500 - WARNING - GNN failed on rep 56: PyTorch not installed. Cannot use GNN method.
2026-10-09 03:46:43,578 - WARNING - GNN failed on rep 57: PyTorch not installed. Cannot use GNN method.
2026-10-09 03:46:44,667 - WARNING - GNN failed on rep 58: PyTorch not installed. Cannot use GNN method.
2026-10-09 03:46:45,782 - WARNING - GNN failed on rep 59: PyTorch not installed. Cannot use GNN method.
2026-10-09 03:46:46,867 - WARNING - GNN failed on rep 60: PyTorch not installed. Cannot use GNN method.
2026-10-09 03:46:47,959 - WARNING - GNN failed on rep 61: PyTorch not installed. Cannot use GNN method.
2026-10-09 03:46:49,071 - WARNING - GNN failed on rep 62: PyTorch not installed. Cannot use GNN method.
2026-10-09 03:46:50,158 - WARNING - GNN failed on rep 63: PyTorch not installed. Cannot use GNN method.
2026-10-09 03:46:51,226 - WARNING - GNN failed on rep 64: PyTorch not installed. Cannot use GNN method.
2026-10-09 03:46:52,308 - WARNING - GNN failed on rep 65: PyTorch not installed. Cannot use GNN method.
2026-10-09 03:46:53,406 - WARNING - GNN failed on rep 66: PyTorch not installed. Cannot use GNN method.
2026-10-09 03:46:54,493 - WARNING - GNN failed on rep 67: PyTorch not installed. Cannot use GNN method.
2026-10-09 03:46:55,572 - WARNING - GNN failed on rep 68: PyTorch not installed. Cannot use GNN method.
2026-10-09 03:46:56,647 - WARNING - GNN failed on rep 69: PyTorch not installed. Cannot use GNN method.
2026-10-09 03:46:57,736 - WARNING - GNN failed on rep 70: PyTorch not installed. Cannot use GNN method.
2026-10-09 03:46:58,818 - WARNING - GNN failed on rep 71: PyTorch not installed. Cannot use GNN method.
2026-10-09 03:46:59,938 - WARNING - GNN failed on rep 72: PyTorch not installed. Cannot use GNN method.
2026-10-09 03:47:01,074 - WARNING - GNN failed on rep 73: PyTorch not installed. Cannot use GNN method.
2026-10-09 03:47:02,285 - WARNING - GNN failed on rep 74: PyTorch not installed. Cannot use GNN method.
2026-10-09 03:47:03,394 - WARNING - GNN failed on rep 75: PyTorch not installed. Cannot use GNN method.
2026-10-09 03:47:04,488 - WARNING - GNN failed on rep 76: PyTorch not installed. Cannot use GNN method.
2026-10-09 03:47:05,608 - WARNING - GNN failed on rep 77: PyTorch not installed. Cannot use GNN method.
2026-10-09 03:47:06,716 - WARNING - GNN failed on rep 78: PyTorch not installed. Cannot use GNN method.
2026-10-09 03:47:07,804 - WARNING - GNN failed on rep 79: PyTorch not installed. Cannot use GNN method.
2026-10-09 03:47:08,903 - WARNING - GNN failed on rep 80: PyTorch not installed. Cannot use GNN method.
2026-10-09 03:47:10,076 - WARNING - GNN failed on rep 81: PyTorch not installed. Cannot use GNN method.
2026-10-09 03:47:11,166 - WARNING - GNN failed on rep 82: PyTorch not installed. Cannot use GNN method.
2026-10-09 03:47:12,252 - WARNING - GNN failed on rep 83: PyTorch not installed. Cannot use GNN method.
2026-10-09 03:47:13,339 - WARNING - GNN failed on rep 84: PyTorch not installed. Cannot use GNN method.
2026-10-09 03:47:14,487 - WARNING - GNN failed on rep 85: PyTorch not installed. Cannot use GNN method.
2026-10-09 03:47:15,586 - WARNING - GNN failed on rep 86: PyTorch not installed. Cannot use GNN method.
2026-10-09 03:47:16,685 - WARNING - GNN failed on rep 87: PyTorch not installed. Cannot use GNN method.
2026-10-09 03:47:17,773 - WARNING - GNN failed on rep 88: PyTorch not installed. Cannot use GNN method.
2026-10-09 03:47:18,881 - WARNING - GNN failed on rep 89: PyTorch not installed. Cannot use GNN method.
2026-10-09 03:47:20,130 - WARNING - GNN failed on rep 90: PyTorch not installed. Cannot use GNN method.
2026-10-09 03:47:21,262 - WARNING - GNN failed on rep 91: PyTorch not installed. Cannot use GNN method.
2026-10-09 03:47:22,319 - WARNING - GNN failed on rep 92: PyTorch not installed. Cannot use GNN method.
2026-10-09 03:47:23,417 - WARNING - GNN failed on rep 93: PyTorch not installed. Cannot use GNN method.
2026-10-09 03:47:24,553 - WARNING - GNN failed on rep 94: PyTorch not installed. Cannot use GNN method.
2026-10-09 03:47:25,656 - WARNING - GNN failed on rep 95: PyTorch not installed. Cannot use GNN method.
2026-10-09 03:47:26,725 - WARNING - GNN failed on rep 96: PyTorch not installed. Cannot use GNN method.
2026-10-09 03:47:27,833 - WARNING - GNN failed on rep 97: PyTorch not installed. Cannot use GNN method.
2026-10-09 03:47:29,466 - WARNING - GNN failed on rep 98: PyTorch not installed. Cannot use GNN method.
2026-10-09 03:47:30,585 - WARNING - GNN failed on rep 99: PyTorch not installed. Cannot use GNN method.
2026-10-09 03:47:30,592 - INFO - Completed: T150_N0.5_D4_DF5
2026-10-09 03:47:30,596 - INFO - Configuration 53/90
2026-10-09 03:47:30,596 - INFO - Starting configuration: T150_N0.5_D2_DF10
2026-10-09 03:47:32,146 - WARNING - GNN failed on rep 0: PyTorch not installed. Cannot use GNN method.
2026-10-09 03:47:33,205 - WARNING - GNN failed on rep 1: PyTorch not installed. Cannot use GNN method.
2026-10-09 03:47:34,301 - WARNING - GNN failed on rep 2: PyTorch not installed. Cannot use GNN method.
2026-10-09 03:47:35,371 - WARNING - GNN failed on rep 3: PyTorch not installed. Cannot use GNN method.
2026-10-09 03:47:36,462 - WARNING - GNN failed on rep 4: PyTorch not installed. Cannot use GNN method.
2026-10-09 03:47:37,712 - WARNING - GNN failed on rep 5: PyTorch not installed. Cannot use GNN method.
2026-10-09 03:47:38,809 - WARNING - GNN failed on rep 6: PyTorch not installed. Cannot use GNN method.
2026-10-09 03:47:39,982 - WARNING - GNN failed on rep 7: PyTorch not installed. Cannot use GNN method.
2026-10-09 03:47:41,037 - WARNING - GNN failed on rep 8: PyTorch not installed. Cannot use GNN method.
2026-10-09 03:47:42,124 - WARNING - GNN failed on rep 9: PyTorch not installed. Cannot use GNN method.
2026-10-09 03:47:43,192 - WARNING - GNN failed on rep 10: PyTorch not installed. Cannot use GNN method.
2026-10-09 03:47:44,268 - WARNING - GNN failed on rep 11: PyTorch not installed. Cannot use GNN method.
2026-10-09 03:47:45,334 - WARNING - GNN failed on rep 12: PyTorch not installed. Cannot use GNN method.
2026-10-09 03:47:46,421 - WARNING - GNN failed on rep 13: PyTorch not installed. Cannot use GNN method.
2026-10-09 03:47:47,467 - WARNING - GNN failed on rep 14: PyTorch not installed. Cannot use GNN method.
2026-10-09 03:47:48,561 - WARNING - GNN failed on rep 15: PyTorch not installed. Cannot use GNN method.
2026-10-09 03:47:49,641 - WARNING - GNN failed on rep 16: PyTorch not installed. Cannot use GNN method.
2026-10-09 03:47:50,746 - WARNING - GNN failed on rep 17: PyTorch not installed. Cannot use GNN method.
2026-10-09 03:47:51,793 - WARNING - GNN failed on rep 18: PyTorch not installed. Cannot use GNN method.
2026-10-09 03:47:52,886 - WARNING - GNN failed on rep 19: PyTorch not installed. Cannot use GNN method.
2026-10-09 03:47:53,966 - WARNING - GNN failed on rep 20: PyTorch not installed. Cannot use GNN method.
2026-10-09 03:47:55,046 - WARNING - GNN failed on rep 21: PyTorch not installed. Cannot use GNN method.
2026-10-09 03:47:56,291 - WARNING - GNN failed on rep 22: PyTorch not installed. Cannot use GNN method.
2026-10-09 03:47:57,370 - WARNING - GNN failed on rep 23: PyTorch not installed. Cannot use GNN method.
2026-10-09 03:47:58,427 - WARNING - GNN failed on rep 24: PyTorch not installed. Cannot use GNN method.
2026-10-09 03:47:59,485 - WARNING - GNN failed on rep 25: PyTorch not installed. Cannot use GNN method.
2026-10-09 03:48:00,622 - WARNING - GNN failed on rep 26: PyTorch not installed. Cannot use GNN method.
2026-10-09 03:48:01,701 - WARNING - GNN failed on rep 27: PyTorch not installed. Cannot use GNN method.
2026-10-09 03:48:02,733 - WARNING - GNN failed on rep 28: PyTorch not installed. Cannot use GNN method.
2026-10-09 03:48:03,828 - WARNING - GNN failed on rep 29: PyTorch not installed. Cannot use GNN method.
2026-10-09 03:48:04,929 - WARNING - GNN failed on rep 30: PyTorch not installed. Cannot use GNN method.
2026-10-09 03:48:05,972 - WARNING - GNN failed on rep 31: PyTorch not installed. Cannot use GNN method.
2026-10-09 03:48:07,034 - WARNING - GNN failed on rep 32: PyTorch not installed. Cannot use GNN method.
2026-10-09 03:48:08,110 - WARNING - GNN failed on rep 33: PyTorch not installed. Cannot use GNN method.
2026-10-09 03:48:09,203 - WARNING - GNN failed on rep 34: PyTorch not installed. Cannot use GNN method.
2026-10-09 03:48:10,301 - WARNING - GNN failed on rep 35: PyTorch not installed. Cannot use GNN method.
2026-10-09 03:48:11,437 - WARNING - GNN failed on rep 36: PyTorch not installed. Cannot use GNN method.
2026-10-09 03:48:12,489 - WARNING - GNN failed on rep 37: PyTorch not installed. Cannot use GNN method.
2026-10-09 03:48:13,553 - WARNING - GNN failed on rep 38: PyTorch not installed. Cannot use GNN method.
2026-10-09 03:48:14,745 - WARNING - GNN failed on rep 39: PyTorch not installed. Cannot use GNN method.
2026-10-09 03:48:15,834 - WARNING - GNN failed on rep 40: PyTorch not installed. Cannot use GNN method.
2026-10-09 03:48:16,910 - WARNING - GNN failed on rep 41: PyTorch not installed. Cannot use GNN method.
2026-10-09 03:48:17,954 - WARNING - GNN failed on rep 42: PyTorch not installed. Cannot use GNN method.
2026-10-09 03:48:19,318 - WARNING - GNN failed on rep 43: PyTorch not installed. Cannot use GNN method.
2026-10-09 03:48:20,841 - WARNING - GNN failed on rep 44: PyTorch not installed. Cannot use GNN method.
2026-10-09 03:48:22,005 - WARNING - GNN failed on rep 45: PyTorch not installed. Cannot use GNN method.
2026-10-09 03:48:23,139 - WARNING - GNN failed on rep 46: PyTorch not installed. Cannot use GNN method.
2026-10-09 03:48:24,214 - WARNING - GNN failed on rep 47: PyTorch not installed. Cannot use GNN method.
2026-10-09 03:48:25,286 - WARNING - GNN failed on rep 48: PyTorch not installed. Cannot use GNN method.
2026-10-09 03:48:26,378 - WARNING - GNN failed on rep 49: PyTorch not installed. Cannot use GNN method.
2026-10-09 03:48:27,490 - WARNING - GNN failed on rep 50: PyTorch not installed. Cannot use GNN method.
2026-10-09 03:48:29,096 - WARNING - GNN failed on rep 51: PyTorch not installed. Cannot use GNN method.
2026-10-09 03:48:30,195 - WARNING - GNN failed on rep 52: PyTorch not installed. Cannot use GNN method.
2026-10-09 03:48:31,334 - WARNING - GNN failed on rep 53: PyTorch not installed. Cannot use GNN method.
2026-10-09 03:48:32,429 - WARNING - GNN failed on rep 54: PyTorch not installed. Cannot use GNN method.
2026-10-09 03:48:33,565 - WARNING - GNN failed on rep 55: PyTorch not installed. Cannot use GNN method.
2026-10-09 03:48:34,649 - WARNING - GNN failed on rep 56: PyTorch not installed. Cannot use GNN method.
2026-10-09 03:48:35,875 - WARNING - GNN failed on rep 57: PyTorch not installed. Cannot use GNN method.
2026-10-09 03:48:36,964 - WARNING - GNN failed on rep 58: PyTorch not installed. Cannot use GNN method.
2026-10-09 03:48:38,045 - WARNING - GNN failed on rep 59: PyTorch not installed. Cannot use GNN method.
2026-10-09 03:48:39,128 - WARNING - GNN failed on rep 60: PyTorch not installed. Cannot use GNN method.
2026-10-09 03:48:40,187 - WARNING - GNN failed on rep 61: PyTorch not installed. Cannot use GNN method.
2026-10-09 03:48:41,265 - WARNING - GNN failed on rep 62: PyTorch not installed. Cannot use GNN method.
2026-10-09 03:48:42,360 - WARNING - GNN failed on rep 63: PyTorch not installed. Cannot use GNN method.
2026-10-09 03:48:43,472 - WARNING - GNN failed on rep 64: PyTorch not installed. Cannot use GNN method.
2026-10-09 03:48:44,619 - WARNING - GNN failed on rep 65: PyTorch not installed. Cannot use GNN method.
2026-10-09 03:48:45,767 - WARNING - GNN failed on rep 66: PyTorch not installed. Cannot use GNN method.
2026-10-09 03:48:46,995 - WARNING - GNN failed on rep 67: PyTorch not installed. Cannot use GNN method.
2026-10-09 03:48:48,103 - WARNING - GNN failed on rep 68: PyTorch not installed. Cannot use GNN method.
2026-10-09 03:48:49,195 - WARNING - GNN failed on rep 69: PyTorch not installed. Cannot use GNN method.
2026-10-09 03:48:50,276 - WARNING - GNN failed on rep 70: PyTorch not installed. Cannot use GNN method.
2026-10-09 03:48:51,359 - WARNING - GNN failed on rep 71: PyTorch not installed. Cannot use GNN method.
2026-10-09 03:48:52,470 - WARNING - GNN failed on rep 72: PyTorch not installed. Cannot use GNN method.
2026-10-09 03:48:53,556 - WARNING - GNN failed on rep 73: PyTorch not installed. Cannot use GNN method.
2026-10-09 03:48:54,624 - WARNING - GNN failed on rep 74: PyTorch not installed. Cannot use GNN method.
2026-10-09 03:48:55,830 - WARNING - GNN failed on rep 75: PyTorch not installed. Cannot use GNN method.
2026-10-09 03:48:56,948 - WARNING - GNN failed on rep 76: PyTorch not installed. Cannot use GNN method.
2026-10-09 03:48:58,036 - WARNING - GNN failed on rep 77: PyTorch not installed. Cannot use GNN method.
2026-10-09 03:48:59,092 - WARNING - GNN failed on rep 78: PyTorch not installed. Cannot use GNN method.
2026-10-09 03:49:00,222 - WARNING - GNN failed on rep 79: PyTorch not installed. Cannot use GNN method.
2026-10-09 03:49:01,335 - WARNING - GNN failed on rep 80: PyTorch not installed. Cannot use GNN method.
2026-10-09 03:49:02,435 - WARNING - GNN failed on rep 81: PyTorch not installed. Cannot use GNN method.
2026-10-09 03:49:03,540 - WARNING - GNN failed on rep 82: PyTorch not installed. Cannot use GNN method.
2026-10-09 03:49:04,570 - WARNING - GNN failed on rep 83: PyTorch not installed. Cannot use GNN method.
2026-10-09 03:49:05,618 - WARNING - GNN failed on rep 84: PyTorch not installed. Cannot use GNN method.
2026-10-09 03:49:06,669 - WARNING - GNN failed on rep 85: PyTorch not installed. Cannot use GNN method.
2026-10-09 03:49:07,727 - WARNING - GNN failed on rep 86: PyTorch not installed. Cannot use GNN method.
2026-10-09 03:49:08,792 - WARNING - GNN failed on rep 87: PyTorch not installed. Cannot use GNN method.
2026-10-09 03:49:09,863 - WARNING - GNN failed on rep 88: PyTorch not installed. Cannot use GNN method.
2026-10-09 03:49:10,904 - WARNING - GNN failed on rep 89: PyTorch not installed. Cannot use GNN method.
2026-10-09 03:49:11,994 - WARNING - GNN failed on rep 90: PyTorch not installed. Cannot use GNN method.
2026-10-09 03:49:13,171 - WARNING - GNN failed on rep 91: PyTorch not installed. Cannot use GNN method.
2026-10-09 03:49:14,254 - WARNING - GNN failed on rep 92: PyTorch not installed. Cannot use GNN method.
2026-10-09 03:49:15,337 - WARNING - GNN failed on rep 93: PyTorch not installed. Cannot use GNN method.
2026-10-09 03:49:16,620 - WARNING - GNN failed on rep 94: PyTorch not installed. Cannot use GNN method.
2026-10-09 03:49:17,853 - WARNING - GNN failed on rep 95: PyTorch not installed. Cannot use GNN method.
2026-10-09 03:49:18,954 - WARNING - GNN failed on rep 96: PyTorch not installed. Cannot use GNN method.
2026-10-09 03:49:20,021 - WARNING - GNN failed on rep 97: PyTorch not installed. Cannot use GNN method.
2026-10-09 03:49:21,100 - WARNING - GNN failed on rep 98: PyTorch not installed. Cannot use GNN method.
2026-10-09 03:49:22,164 - WARNING - GNN failed on rep 99: PyTorch not installed. Cannot use GNN method.
2026-10-09 03:49:22,171 - INFO - Completed: T150_N0.5_D2_DF10
2026-10-09 03:49:22,176 - INFO - Configuration 54/90
2026-10-09 03:49:22,177 - INFO - Starting configuration: T150_N0.5_D4_DF10
2026-10-09 03:49:23,670 - WARNING - GNN failed on rep 0: PyTorch not installed. Cannot use GNN method.
2026-10-09 03:49:24,721 - WARNING - GNN failed on rep 1: PyTorch not installed. Cannot use GNN method.
2026-10-09 03:49:25,813 - WARNING - GNN failed on rep 2: PyTorch not installed. Cannot use GNN method.
2026-10-09 03:49:26,888 - WARNING - GNN failed on rep 3: PyTorch not installed. Cannot use GNN method.
2026-10-09 03:49:27,958 - WARNING - GNN failed on rep 4: PyTorch not installed. Cannot use GNN method.
2026-10-09 03:49:29,626 - WARNING - GNN failed on rep 5: PyTorch not installed. Cannot use GNN method.
2026-10-09 03:49:30,898 - WARNING - GNN failed on rep 6: PyTorch not installed. Cannot use GNN method.
2026-10-09 03:49:31,952 - WARNING - GNN failed on rep 7: PyTorch not installed. Cannot use GNN method.
2026-10-09 03:49:33,076 - WARNING - GNN failed on rep 8: PyTorch not installed. Cannot use GNN method.
2026-10-09 03:49:34,165 - WARNING - GNN failed on rep 9: PyTorch not installed. Cannot use GNN method.
2026-10-09 03:49:35,216 - WARNING - GNN failed on rep 10: PyTorch not installed. Cannot use GNN method.
2026-10-09 03:49:36,273 - WARNING - GNN failed on rep 11: PyTorch not installed. Cannot use GNN method.
2026-10-09 03:49:37,364 - WARNING - GNN failed on rep 12: PyTorch not installed. Cannot use GNN method.
2026-10-09 03:49:38,421 - WARNING - GNN failed on rep 13: PyTorch not installed. Cannot use GNN method.
2026-10-09 03:49:39,489 - WARNING - GNN failed on rep 14: PyTorch not installed. Cannot use GNN method.
2026-10-09 03:49:40,578 - WARNING - GNN failed on rep 15: PyTorch not installed. Cannot use GNN method.
2026-10-09 03:49:41,650 - WARNING - GNN failed on rep 16: PyTorch not installed. Cannot use GNN method.
2026-10-09 03:49:42,692 - WARNING - GNN failed on rep 17: PyTorch not installed. Cannot use GNN method.
2026-10-09 03:49:43,756 - WARNING - GNN failed on rep 18: PyTorch not installed. Cannot use GNN method.
2026-10-09 03:49:44,831 - WARNING - GNN failed on rep 19: PyTorch not installed. Cannot use GNN method.
2026-10-09 03:49:45,887 - WARNING - GNN failed on rep 20: PyTorch not installed. Cannot use GNN method.
2026-10-09 03:49:46,991 - WARNING - GNN failed on rep 21: PyTorch not installed. Cannot use GNN method.
2026-10-09 03:49:48,055 - WARNING - GNN failed on rep 22: PyTorch not installed. Cannot use GNN method.
2026-10-09 03:49:49,131 - WARNING - GNN failed on rep 23: PyTorch not installed. Cannot use GNN method.
2026-10-09 03:49:50,311 - WARNING - GNN failed on rep 24: PyTorch not installed. Cannot use GNN method.
2026-10-09 03:49:51,388 - WARNING - GNN failed on rep 25: PyTorch not installed. Cannot use GNN method.
2026-10-09 03:49:52,450 - WARNING - GNN failed on rep 26: PyTorch not installed. Cannot use GNN method.
2026-10-09 03:49:53,546 - WARNING - GNN failed on rep 27: PyTorch not installed. Cannot use GNN method.
2026-10-09 03:49:54,611 - WARNING - GNN failed on rep 28: PyTorch not installed. Cannot use GNN method.
2026-10-09 03:49:55,650 - WARNING - GNN failed on rep 29: PyTorch not installed. Cannot use GNN method.
2026-10-09 03:49:56,708 - WARNING - GNN failed on rep 30: PyTorch not installed. Cannot use GNN method.
2026-10-09 03:49:57,764 - WARNING - GNN failed on rep 31: PyTorch not installed. Cannot use GNN method.
2026-10-09 03:49:58,839 - WARNING - GNN failed on rep 32: PyTorch not installed. Cannot use GNN method.
2026-10-09 03:49:59,904 - WARNING - GNN failed on rep 33: PyTorch not installed. Cannot use GNN method.
2026-10-09 03:50:00,970 - WARNING - GNN failed on rep 34: PyTorch not installed. Cannot use GNN method.
2026-10-09 03:50:02,027 - WARNING - GNN failed on rep 35: PyTorch not installed. Cannot use GNN method.
2026-10-09 03:50:03,093 - WARNING - GNN failed on rep 36: PyTorch not installed. Cannot use GNN method.
2026-10-09 03:50:04,141 - WARNING - GNN failed on rep 37: PyTorch not installed. Cannot use GNN method.
2026-10-09 03:50:05,199 - WARNING - GNN failed on rep 38: PyTorch not installed. Cannot use GNN method.
2026-10-09 03:50:06,254 - WARNING - GNN failed on rep 39: PyTorch not installed. Cannot use GNN method.
2026-10-09 03:50:07,314 - WARNING - GNN failed on rep 40: PyTorch not installed. Cannot use GNN method.
2026-10-09 03:50:08,354 - WARNING - GNN failed on rep 41: PyTorch not installed. Cannot use GNN method.
2026-10-09 03:50:09,564 - WARNING - GNN failed on rep 42: PyTorch not installed. Cannot use GNN method.
2026-10-09 03:50:10,610 - WARNING - GNN failed on rep 43: PyTorch not installed. Cannot use GNN method.
2026-10-09 03:50:11,732 - WARNING - GNN failed on rep 44: PyTorch not installed. Cannot use GNN method.
2026-10-09 03:50:12,803 - WARNING - GNN failed on rep 45: PyTorch not installed. Cannot use GNN method.
2026-10-09 03:50:14,039 - WARNING - GNN failed on rep 46: PyTorch not installed. Cannot use GNN method.
2026-10-09 03:50:15,133 - WARNING - GNN failed on rep 47: PyTorch not installed. Cannot use GNN method.
2026-10-09 03:50:16,350 - WARNING - GNN failed on rep 48: PyTorch not installed. Cannot use GNN method.
2026-10-09 03:50:17,455 - WARNING - GNN failed on rep 49: PyTorch not installed. Cannot use GNN method.
2026-10-09 03:50:18,644 - WARNING - GNN failed on rep 50: PyTorch not installed. Cannot use GNN method.
2026-10-09 03:50:20,536 - WARNING - GNN failed on rep 51: PyTorch not installed. Cannot use GNN method.
2026-10-09 03:50:21,817 - WARNING - GNN failed on rep 52: PyTorch not installed. Cannot use GNN method.
2026-10-09 03:50:22,915 - WARNING - GNN failed on rep 53: PyTorch not installed. Cannot use GNN method.
2026-10-09 03:50:23,974 - WARNING - GNN failed on rep 54: PyTorch not installed. Cannot use GNN method.
2026-10-09 03:50:25,066 - WARNING - GNN failed on rep 55: PyTorch not installed. Cannot use GNN method.
2026-10-09 03:50:26,125 - WARNING - GNN failed on rep 56: PyTorch not installed. Cannot use GNN method.
2026-10-09 03:50:27,189 - WARNING - GNN failed on rep 57: PyTorch not installed. Cannot use GNN method.
2026-10-09 03:50:28,696 - WARNING - GNN failed on rep 58: PyTorch not installed. Cannot use GNN method.
2026-10-09 03:50:30,122 - WARNING - GNN failed on rep 59: PyTorch not installed. Cannot use GNN method.
2026-10-09 03:50:31,322 - WARNING - GNN failed on rep 60: PyTorch not installed. Cannot use GNN method.
2026-10-09 03:50:32,400 - WARNING - GNN failed on rep 61: PyTorch not installed. Cannot use GNN method.
2026-10-09 03:50:33,478 - WARNING - GNN failed on rep 62: PyTorch not installed. Cannot use GNN method.
2026-10-09 03:50:34,548 - WARNING - GNN failed on rep 63: PyTorch not installed. Cannot use GNN method.
2026-10-09 03:50:35,642 - WARNING - GNN failed on rep 64: PyTorch not installed. Cannot use GNN method.
2026-10-09 03:50:36,703 - WARNING - GNN failed on rep 65: PyTorch not installed. Cannot use GNN method.
2026-10-09 03:50:37,770 - WARNING - GNN failed on rep 66: PyTorch not installed. Cannot use GNN method.
2026-10-09 03:50:38,829 - WARNING - GNN failed on rep 67: PyTorch not installed. Cannot use GNN method.
2026-10-09 03:50:39,891 - WARNING - GNN failed on rep 68: PyTorch not installed. Cannot use GNN method.
2026-10-09 03:50:40,969 - WARNING - GNN failed on rep 69: PyTorch not installed. Cannot use GNN method.
2026-10-09 03:50:42,088 - WARNING - GNN failed on rep 70: PyTorch not installed. Cannot use GNN method.
2026-10-09 03:50:43,262 - WARNING - GNN failed on rep 71: PyTorch not installed. Cannot use GNN method.
2026-10-09 03:50:44,429 - WARNING - GNN failed on rep 72: PyTorch not installed. Cannot use GNN method.
2026-10-09 03:50:45,593 - WARNING - GNN failed on rep 73: PyTorch not installed. Cannot use GNN method.
2026-10-09 03:50:46,685 - WARNING - GNN failed on rep 74: PyTorch not installed. Cannot use GNN method.
2026-10-09 03:50:47,787 - WARNING - GNN failed on rep 75: PyTorch not installed. Cannot use GNN method.
2026-10-09 03:50:48,895 - WARNING - GNN failed on rep 76: PyTorch not installed. Cannot use GNN method.
2026-10-09 03:50:49,998 - WARNING - GNN failed on rep 77: PyTorch not installed. Cannot use GNN method.
2026-10-09 03:50:51,196 - WARNING - GNN failed on rep 78: PyTorch not installed. Cannot use GNN method.
2026-10-09 03:50:52,295 - WARNING - GNN failed on rep 79: PyTorch not installed. Cannot use GNN method.
2026-10-09 03:50:53,392 - WARNING - GNN failed on rep 80: PyTorch not installed. Cannot use GNN method.
2026-10-09 03:50:54,476 - WARNING - GNN failed on rep 81: PyTorch not installed. Cannot use GNN method.
2026-10-09 03:50:55,653 - WARNING - GNN failed on rep 82: PyTorch not installed. Cannot use GNN method.
2026-10-09 03:50:56,834 - WARNING - GNN failed on rep 83: PyTorch not installed. Cannot use GNN method.
2026-10-09 03:50:58,082 - WARNING - GNN failed on rep 84: PyTorch not installed. Cannot use GNN method.
2026-10-09 03:50:59,856 - WARNING - GNN failed on rep 85: PyTorch not installed. Cannot use GNN method.
2026-10-09 03:51:01,796 - WARNING - GNN failed on rep 86: PyTorch not installed. Cannot use GNN method.
2026-10-09 03:51:02,894 - WARNING - GNN failed on rep 87: PyTorch not installed. Cannot use GNN method.
2026-10-09 03:51:03,979 - WARNING - GNN failed on rep 88: PyTorch not installed. Cannot use GNN method.
2026-10-09 03:51:05,078 - WARNING - GNN failed on rep 89: PyTorch not installed. Cannot use GNN method.
2026-10-09 03:51:06,157 - WARNING - GNN failed on rep 90: PyTorch not installed. Cannot use GNN method.
2026-10-09 03:51:07,236 - WARNING - GNN failed on rep 91: PyTorch not installed. Cannot use GNN method.
2026-10-09 03:51:08,325 - WARNING - GNN failed on rep 92: PyTorch not installed. Cannot use GNN method.
2026-10-09 03:51:09,403 - WARNING - GNN failed on rep 93: PyTorch not installed. Cannot use GNN method.
2026-10-09 03:51:10,627 - WARNING - GNN failed on rep 94: PyTorch not installed. Cannot use GNN method.
2026-10-09 03:51:11,715 - WARNING - GNN failed on rep 95: PyTorch not installed. Cannot use GNN method.
2026-10-09 03:51:12,810 - WARNING - GNN failed on rep 96: PyTorch not installed. Cannot use GNN method.
2026-10-09 03:51:13,907 - WARNING - GNN failed on rep 97: PyTorch not installed. Cannot use GNN method.
2026-10-09 03:51:14,976 - WARNING - GNN failed on rep 98: PyTorch not installed. Cannot use GNN method.
2026-10-09 03:51:16,104 - WARNING - GNN failed on rep 99: PyTorch not installed. Cannot use GNN method.
2026-10-09 03:51:16,111 - INFO - Completed: T150_N0.5_D4_DF10
2026-10-09 03:51:16,115 - INFO - Configuration 55/90
2026-10-09 03:51:16,116 - INFO - Starting configuration: T200_N0.1_D2_DF3
2026-10-09 03:51:17,644 - WARNING - GNN failed on rep 0: PyTorch not installed. Cannot use GNN method.
2026-10-09 03:51:18,704 - WARNING - GNN failed on rep 1: PyTorch not installed. Cannot use GNN method.
2026-10-09 03:51:19,777 - WARNING - GNN failed on rep 2: PyTorch not installed. Cannot use GNN method.
2026-10-09 03:51:20,840 - WARNING - GNN failed on rep 3: PyTorch not installed. Cannot use GNN method.
2026-10-09 03:51:21,909 - WARNING - GNN failed on rep 4: PyTorch not installed. Cannot use GNN method.
2026-10-09 03:51:22,964 - WARNING - GNN failed on rep 5: PyTorch not installed. Cannot use GNN method.
2026-10-09 03:51:24,032 - WARNING - GNN failed on rep 6: PyTorch not installed. Cannot use GNN method.
2026-10-09 03:51:25,096 - WARNING - GNN failed on rep 7: PyTorch not installed. Cannot use GNN method.
2026-10-09 03:51:26,164 - WARNING - GNN failed on rep 8: PyTorch not installed. Cannot use GNN method.
2026-10-09 03:51:27,208 - WARNING - GNN failed on rep 9: PyTorch not installed. Cannot use GNN method.
2026-10-09 03:51:28,888 - WARNING - GNN failed on rep 10: PyTorch not installed. Cannot use GNN method.
2026-10-09 03:51:30,023 - WARNING - GNN failed on rep 11: PyTorch not installed. Cannot use GNN method.
2026-10-09 03:51:31,098 - WARNING - GNN failed on rep 12: PyTorch not installed. Cannot use GNN method.
2026-10-09 03:51:32,165 - WARNING - GNN failed on rep 13: PyTorch not installed. Cannot use GNN method.
2026-10-09 03:51:33,234 - WARNING - GNN failed on rep 14: PyTorch not installed. Cannot use GNN method.
2026-10-09 03:51:34,305 - WARNING - GNN failed on rep 15: PyTorch not installed. Cannot use GNN method.
2026-10-09 03:51:35,382 - WARNING - GNN failed on rep 16: PyTorch not installed. Cannot use GNN method.
2026-10-09 03:51:36,434 - WARNING - GNN failed on rep 17: PyTorch not installed. Cannot use GNN method.
2026-10-09 03:51:37,547 - WARNING - GNN failed on rep 18: PyTorch not installed. Cannot use GNN method.
2026-10-09 03:51:38,620 - WARNING - GNN failed on rep 19: PyTorch not installed. Cannot use GNN method.
2026-10-09 03:51:39,689 - WARNING - GNN failed on rep 20: PyTorch not installed. Cannot use GNN method.
2026-10-09 03:51:40,731 - WARNING - GNN failed on rep 21: PyTorch not installed. Cannot use GNN method.
2026-10-09 03:51:41,806 - WARNING - GNN failed on rep 22: PyTorch not installed. Cannot use GNN method.
2026-10-09 03:51:42,858 - WARNING - GNN failed on rep 23: PyTorch not installed. Cannot use GNN method.
2026-10-09 03:51:43,913 - WARNING - GNN failed on rep 24: PyTorch not installed. Cannot use GNN method.
2026-10-09 03:51:44,987 - WARNING - GNN failed on rep 25: PyTorch not installed. Cannot use GNN method.
2026-10-09 03:51:46,047 - WARNING - GNN failed on rep 26: PyTorch not installed. Cannot use GNN method.
2026-10-09 03:51:47,124 - WARNING - GNN failed on rep 27: PyTorch not installed. Cannot use GNN method.
2026-10-09 03:51:48,301 - WARNING - GNN failed on rep 28: PyTorch not installed. Cannot use GNN method.
2026-10-09 03:51:49,361 - WARNING - GNN failed on rep 29: PyTorch not installed. Cannot use GNN method.
2026-10-09 03:51:50,435 - WARNING - GNN failed on rep 30: PyTorch not installed. Cannot use GNN method.
2026-10-09 03:51:51,483 - WARNING - GNN failed on rep 31: PyTorch not installed. Cannot use GNN method.
2026-10-09 03:51:52,540 - WARNING - GNN failed on rep 32: PyTorch not installed. Cannot use GNN method.
2026-10-09 03:51:53,600 - WARNING - GNN failed on rep 33: PyTorch not installed. Cannot use GNN method.
2026-10-09 03:51:54,668 - WARNING - GNN failed on rep 34: PyTorch not installed. Cannot use GNN method.
2026-10-09 03:51:55,756 - WARNING - GNN failed on rep 35: PyTorch not installed. Cannot use GNN method.
2026-10-09 03:51:56,809 - WARNING - GNN failed on rep 36: PyTorch not installed. Cannot use GNN method.
2026-10-09 03:51:57,887 - WARNING - GNN failed on rep 37: PyTorch not installed. Cannot use GNN method.
2026-10-09 03:51:58,986 - WARNING - GNN failed on rep 38: PyTorch not installed. Cannot use GNN method.
2026-10-09 03:52:00,066 - WARNING - GNN failed on rep 39: PyTorch not installed. Cannot use GNN method.
2026-10-09 03:52:01,125 - WARNING - GNN failed on rep 40: PyTorch not installed. Cannot use GNN method.
2026-10-09 03:52:02,197 - WARNING - GNN failed on rep 41: PyTorch not installed. Cannot use GNN method.
2026-10-09 03:52:03,269 - WARNING - GNN failed on rep 42: PyTorch not installed. Cannot use GNN method.
2026-10-09 03:52:04,311 - WARNING - GNN failed on rep 43: PyTorch not installed. Cannot use GNN method.
2026-10-09 03:52:05,385 - WARNING - GNN failed on rep 44: PyTorch not installed. Cannot use GNN method.
2026-10-09 03:52:06,440 - WARNING - GNN failed on rep 45: PyTorch not installed. Cannot use GNN method.
2026-10-09 03:52:07,617 - WARNING - GNN failed on rep 46: PyTorch not installed. Cannot use GNN method.
2026-10-09 03:52:08,675 - WARNING - GNN failed on rep 47: PyTorch not installed. Cannot use GNN method.
2026-10-09 03:52:09,734 - WARNING - GNN failed on rep 48: PyTorch not installed. Cannot use GNN method.
2026-10-09 03:52:10,777 - WARNING - GNN failed on rep 49: PyTorch not installed. Cannot use GNN method.
2026-10-09 03:52:11,833 - WARNING - GNN failed on rep 50: PyTorch not installed. Cannot use GNN method.
2026-10-09 03:52:12,882 - WARNING - GNN failed on rep 51: PyTorch not installed. Cannot use GNN method.
2026-10-09 03:52:13,954 - WARNING - GNN failed on rep 52: PyTorch not installed. Cannot use GNN method.
2026-10-09 03:52:15,100 - WARNING - GNN failed on rep 53: PyTorch not installed. Cannot use GNN method.
2026-10-09 03:52:16,542 - WARNING - GNN failed on rep 54: PyTorch not installed. Cannot use GNN method.
2026-10-09 03:52:17,666 - WARNING - GNN failed on rep 55: PyTorch not installed. Cannot use GNN method.
2026-10-09 03:52:18,774 - WARNING - GNN failed on rep 56: PyTorch not installed. Cannot use GNN method.
2026-10-09 03:52:19,889 - WARNING - GNN failed on rep 57: PyTorch not installed. Cannot use GNN method.
2026-10-09 03:52:20,991 - WARNING - GNN failed on rep 58: PyTorch not installed. Cannot use GNN method.
2026-10-09 03:52:22,047 - WARNING - GNN failed on rep 59: PyTorch not installed. Cannot use GNN method.
2026-10-09 03:52:23,106 - WARNING - GNN failed on rep 60: PyTorch not installed. Cannot use GNN method.
2026-10-09 03:52:24,165 - WARNING - GNN failed on rep 61: PyTorch not installed. Cannot use GNN method.
2026-10-09 03:52:25,232 - WARNING - GNN failed on rep 62: PyTorch not installed. Cannot use GNN method.
2026-10-09 03:52:26,292 - WARNING - GNN failed on rep 63: PyTorch not installed. Cannot use GNN method.
2026-10-09 03:52:27,480 - WARNING - GNN failed on rep 64: PyTorch not installed. Cannot use GNN method.
2026-10-09 03:52:29,032 - WARNING - GNN failed on rep 65: PyTorch not installed. Cannot use GNN method.
2026-10-09 03:52:30,124 - WARNING - GNN failed on rep 66: PyTorch not installed. Cannot use GNN method.
2026-10-09 03:52:31,213 - WARNING - GNN failed on rep 67: PyTorch not installed. Cannot use GNN method.
2026-10-09 03:52:32,279 - WARNING - GNN failed on rep 68: PyTorch not installed. Cannot use GNN method.
2026-10-09 03:52:33,361 - WARNING - GNN failed on rep 69: PyTorch not installed. Cannot use GNN method.
2026-10-09 03:52:34,416 - WARNING - GNN failed on rep 70: PyTorch not installed. Cannot use GNN method.
2026-10-09 03:52:35,459 - WARNING - GNN failed on rep 71: PyTorch not installed. Cannot use GNN method.
2026-10-09 03:52:36,505 - WARNING - GNN failed on rep 72: PyTorch not installed. Cannot use GNN method.
2026-10-09 03:52:37,572 - WARNING - GNN failed on rep 73: PyTorch not installed. Cannot use GNN method.
2026-10-09 03:52:38,646 - WARNING - GNN failed on rep 74: PyTorch not installed. Cannot use GNN method.
2026-10-09 03:52:39,698 - WARNING - GNN failed on rep 75: PyTorch not installed. Cannot use GNN method.
2026-10-09 03:52:40,811 - WARNING - GNN failed on rep 76: PyTorch not installed. Cannot use GNN method.
2026-10-09 03:52:41,861 - WARNING - GNN failed on rep 77: PyTorch not installed. Cannot use GNN method.
2026-10-09 03:52:42,909 - WARNING - GNN failed on rep 78: PyTorch not installed. Cannot use GNN method.
2026-10-09 03:52:43,953 - WARNING - GNN failed on rep 79: PyTorch not installed. Cannot use GNN method.
2026-10-09 03:52:45,014 - WARNING - GNN failed on rep 80: PyTorch not installed. Cannot use GNN method.
2026-10-09 03:52:46,170 - WARNING - GNN failed on rep 81: PyTorch not installed. Cannot use GNN method.
2026-10-09 03:52:47,215 - WARNING - GNN failed on rep 82: PyTorch not installed. Cannot use GNN method.
2026-10-09 03:52:48,257 - WARNING - GNN failed on rep 83: PyTorch not installed. Cannot use GNN method.
2026-10-09 03:52:49,299 - WARNING - GNN failed on rep 84: PyTorch not installed. Cannot use GNN method.
2026-10-09 03:52:50,332 - WARNING - GNN failed on rep 85: PyTorch not installed. Cannot use GNN method.
2026-10-09 03:52:51,380 - WARNING - GNN failed on rep 86: PyTorch not installed. Cannot use GNN method.
2026-10-09 03:52:52,439 - WARNING - GNN failed on rep 87: PyTorch not installed. Cannot use GNN method.
2026-10-09 03:52:53,756 - WARNING - GNN failed on rep 88: PyTorch not installed. Cannot use GNN method.
2026-10-09 03:52:54,976 - WARNING - GNN failed on rep 89: PyTorch not installed. Cannot use GNN method.
2026-10-09 03:52:56,071 - WARNING - GNN failed on rep 90: PyTorch not installed. Cannot use GNN method.
2026-10-09 03:52:57,229 - WARNING - GNN failed on rep 91: PyTorch not installed. Cannot use GNN method.
2026-10-09 03:52:58,387 - WARNING - GNN failed on rep 92: PyTorch not installed. Cannot use GNN method.
2026-10-09 03:52:59,446 - WARNING - GNN failed on rep 93: PyTorch not installed. Cannot use GNN method.
2026-10-09 03:53:00,556 - WARNING - GNN failed on rep 94: PyTorch not installed. Cannot use GNN method.
2026-10-09 03:53:01,606 - WARNING - GNN failed on rep 95: PyTorch not installed. Cannot use GNN method.
2026-10-09 03:53:02,653 - WARNING - GNN failed on rep 96: PyTorch not installed. Cannot use GNN method.
2026-10-09 03:53:03,731 - WARNING - GNN failed on rep 97: PyTorch not installed. Cannot use GNN method.
2026-10-09 03:53:04,769 - WARNING - GNN failed on rep 98: PyTorch not installed. Cannot use GNN method.
2026-10-09 03:53:05,848 - WARNING - GNN failed on rep 99: PyTorch not installed. Cannot use GNN method.
2026-10-09 03:53:05,856 - INFO - Completed: T200_N0.1_D2_DF3
2026-10-09 03:53:05,869 - INFO - Configuration 56/90
2026-10-09 03:53:05,869 - INFO - Starting configuration: T200_N0.1_D4_DF3
2026-10-09 03:53:07,383 - WARNING - GNN failed on rep 0: PyTorch not installed. Cannot use GNN method.
2026-10-09 03:53:08,452 - WARNING - GNN failed on rep 1: PyTorch not installed. Cannot use GNN method.
2026-10-09 03:53:09,523 - WARNING - GNN failed on rep 2: PyTorch not installed. Cannot use GNN method.
2026-10-09 03:53:10,619 - WARNING - GNN failed on rep 3: PyTorch not installed. Cannot use GNN method.
2026-10-09 03:53:11,671 - WARNING - GNN failed on rep 4: PyTorch not installed. Cannot use GNN method.
2026-10-09 03:53:12,726 - WARNING - GNN failed on rep 5: PyTorch not installed. Cannot use GNN method.
2026-10-09 03:53:13,777 - WARNING - GNN failed on rep 6: PyTorch not installed. Cannot use GNN method.
2026-10-09 03:53:14,822 - WARNING - GNN failed on rep 7: PyTorch not installed. Cannot use GNN method.
2026-10-09 03:53:16,002 - WARNING - GNN failed on rep 8: PyTorch not installed. Cannot use GNN method.
2026-10-09 03:53:17,067 - WARNING - GNN failed on rep 9: PyTorch not installed. Cannot use GNN method.
2026-10-09 03:53:18,090 - WARNING - GNN failed on rep 10: PyTorch not installed. Cannot use GNN method.
2026-10-09 03:53:19,134 - WARNING - GNN failed on rep 11: PyTorch not installed. Cannot use GNN method.
2026-10-09 03:53:20,214 - WARNING - GNN failed on rep 12: PyTorch not installed. Cannot use GNN method.
2026-10-09 03:53:21,306 - WARNING - GNN failed on rep 13: PyTorch not installed. Cannot use GNN method.
2026-10-09 03:53:22,373 - WARNING - GNN failed on rep 14: PyTorch not installed. Cannot use GNN method.
2026-10-09 03:53:23,434 - WARNING - GNN failed on rep 15: PyTorch not installed. Cannot use GNN method.
2026-10-09 03:53:24,490 - WARNING - GNN failed on rep 16: PyTorch not installed. Cannot use GNN method.
2026-10-09 03:53:25,560 - WARNING - GNN failed on rep 17: PyTorch not installed. Cannot use GNN method.
2026-10-09 03:53:26,854 - WARNING - GNN failed on rep 18: PyTorch not installed. Cannot use GNN method.
2026-10-09 03:53:27,935 - WARNING - GNN failed on rep 19: PyTorch not installed. Cannot use GNN method.
2026-10-09 03:53:29,637 - WARNING - GNN failed on rep 20: PyTorch not installed. Cannot use GNN method.
2026-10-09 03:53:30,709 - WARNING - GNN failed on rep 21: PyTorch not installed. Cannot use GNN method.
2026-10-09 03:53:31,764 - WARNING - GNN failed on rep 22: PyTorch not installed. Cannot use GNN method.
2026-10-09 03:53:32,812 - WARNING - GNN failed on rep 23: PyTorch not installed. Cannot use GNN method.
2026-10-09 03:53:33,874 - WARNING - GNN failed on rep 24: PyTorch not installed. Cannot use GNN method.
2026-10-09 03:53:34,926 - WARNING - GNN failed on rep 25: PyTorch not installed. Cannot use GNN method.
2026-10-09 03:53:36,127 - WARNING - GNN failed on rep 26: PyTorch not installed. Cannot use GNN method.
2026-10-09 03:53:37,201 - WARNING - GNN failed on rep 27: PyTorch not installed. Cannot use GNN method.
2026-10-09 03:53:38,272 - WARNING - GNN failed on rep 28: PyTorch not installed. Cannot use GNN method.
2026-10-09 03:53:39,317 - WARNING - GNN failed on rep 29: PyTorch not installed. Cannot use GNN method.
2026-10-09 03:53:40,402 - WARNING - GNN failed on rep 30: PyTorch not installed. Cannot use GNN method.
2026-10-09 03:53:41,477 - WARNING - GNN failed on rep 31: PyTorch not installed. Cannot use GNN method.
2026-10-09 03:53:42,571 - WARNING - GNN failed on rep 32: PyTorch not installed. Cannot use GNN method.
2026-10-09 03:53:43,614 - WARNING - GNN failed on rep 33: PyTorch not installed. Cannot use GNN method.
2026-10-09 03:53:44,694 - WARNING - GNN failed on rep 34: PyTorch not installed. Cannot use GNN method.
2026-10-09 03:53:45,755 - WARNING - GNN failed on rep 35: PyTorch not installed. Cannot use GNN method.
2026-10-09 03:53:46,806 - WARNING - GNN failed on rep 36: PyTorch not installed. Cannot use GNN method.
2026-10-09 03:53:47,865 - WARNING - GNN failed on rep 37: PyTorch not installed. Cannot use GNN method.
2026-10-09 03:53:48,902 - WARNING - GNN failed on rep 38: PyTorch not installed. Cannot use GNN method.
2026-10-09 03:53:49,960 - WARNING - GNN failed on rep 39: PyTorch not installed. Cannot use GNN method.
2026-10-09 03:53:51,023 - WARNING - GNN failed on rep 40: PyTorch not installed. Cannot use GNN method.
2026-10-09 03:53:52,072 - WARNING - GNN failed on rep 41: PyTorch not installed. Cannot use GNN method.
2026-10-09 03:53:53,114 - WARNING - GNN failed on rep 42: PyTorch not installed. Cannot use GNN method.
2026-10-09 03:53:54,288 - WARNING - GNN failed on rep 43: PyTorch not installed. Cannot use GNN method.
2026-10-09 03:53:55,332 - WARNING - GNN failed on rep 44: PyTorch not installed. Cannot use GNN method.
2026-10-09 03:53:56,399 - WARNING - GNN failed on rep 45: PyTorch not installed. Cannot use GNN method.
2026-10-09 03:53:57,489 - WARNING - GNN failed on rep 46: PyTorch not installed. Cannot use GNN method.
2026-10-09 03:53:58,553 - WARNING - GNN failed on rep 47: PyTorch not installed. Cannot use GNN method.
2026-10-09 03:53:59,620 - WARNING - GNN failed on rep 48: PyTorch not installed. Cannot use GNN method.
2026-10-09 03:54:00,688 - WARNING - GNN failed on rep 49: PyTorch not installed. Cannot use GNN method.
2026-10-09 03:54:01,753 - WARNING - GNN failed on rep 50: PyTorch not installed. Cannot use GNN method.
2026-10-09 03:54:02,819 - WARNING - GNN failed on rep 51: PyTorch not installed. Cannot use GNN method.
2026-10-09 03:54:03,928 - WARNING - GNN failed on rep 52: PyTorch not installed. Cannot use GNN method.
2026-10-09 03:54:05,004 - WARNING - GNN failed on rep 53: PyTorch not installed. Cannot use GNN method.
2026-10-09 03:54:06,054 - WARNING - GNN failed on rep 54: PyTorch not installed. Cannot use GNN method.
2026-10-09 03:54:07,113 - WARNING - GNN failed on rep 55: PyTorch not installed. Cannot use GNN method.
2026-10-09 03:54:08,161 - WARNING - GNN failed on rep 56: PyTorch not installed. Cannot use GNN method.
2026-10-09 03:54:09,220 - WARNING - GNN failed on rep 57: PyTorch not installed. Cannot use GNN method.
2026-10-09 03:54:10,276 - WARNING - GNN failed on rep 58: PyTorch not installed. Cannot use GNN method.
2026-10-09 03:54:11,328 - WARNING - GNN failed on rep 59: PyTorch not installed. Cannot use GNN method.
2026-10-09 03:54:12,382 - WARNING - GNN failed on rep 60: PyTorch not installed. Cannot use GNN method.
2026-10-09 03:54:13,527 - WARNING - GNN failed on rep 61: PyTorch not installed. Cannot use GNN method.
2026-10-09 03:54:14,579 - WARNING - GNN failed on rep 62: PyTorch not installed. Cannot use GNN method.
2026-10-09 03:54:15,621 - WARNING - GNN failed on rep 63: PyTorch not installed. Cannot use GNN method.
2026-10-09 03:54:16,665 - WARNING - GNN failed on rep 64: PyTorch not installed. Cannot use GNN method.
2026-10-09 03:54:17,728 - WARNING - GNN failed on rep 65: PyTorch not installed. Cannot use GNN method.
2026-10-09 03:54:18,773 - WARNING - GNN failed on rep 66: PyTorch not installed. Cannot use GNN method.
2026-10-09 03:54:19,819 - WARNING - GNN failed on rep 67: PyTorch not installed. Cannot use GNN method.
2026-10-09 03:54:20,856 - WARNING - GNN failed on rep 68: PyTorch not installed. Cannot use GNN method.
2026-10-09 03:54:21,902 - WARNING - GNN failed on rep 69: PyTorch not installed. Cannot use GNN method.
2026-10-09 03:54:22,955 - WARNING - GNN failed on rep 70: PyTorch not installed. Cannot use GNN method.
2026-10-09 03:54:24,018 - WARNING - GNN failed on rep 71: PyTorch not installed. Cannot use GNN method.
2026-10-09 03:54:25,105 - WARNING - GNN failed on rep 72: PyTorch not installed. Cannot use GNN method.
2026-10-09 03:54:26,178 - WARNING - GNN failed on rep 73: PyTorch not installed. Cannot use GNN method.
2026-10-09 03:54:27,219 - WARNING - GNN failed on rep 74: PyTorch not installed. Cannot use GNN method.
2026-10-09 03:54:28,560 - WARNING - GNN failed on rep 75: PyTorch not installed. Cannot use GNN method.
2026-10-09 03:54:29,940 - WARNING - GNN failed on rep 76: PyTorch not installed. Cannot use GNN method.
2026-10-09 03:54:30,981 - WARNING - GNN failed on rep 77: PyTorch not installed. Cannot use GNN method.
2026-10-09 03:54:32,028 - WARNING - GNN failed on rep 78: PyTorch not installed. Cannot use GNN method.
2026-10-09 03:54:33,230 - WARNING - GNN failed on rep 79: PyTorch not installed. Cannot use GNN method.
2026-10-09 03:54:34,291 - WARNING - GNN failed on rep 80: PyTorch not installed. Cannot use GNN method.
2026-10-09 03:54:35,347 - WARNING - GNN failed on rep 81: PyTorch not installed. Cannot use GNN method.
2026-10-09 03:54:36,389 - WARNING - GNN failed on rep 82: PyTorch not installed. Cannot use GNN method.
2026-10-09 03:54:37,441 - WARNING - GNN failed on rep 83: PyTorch not installed. Cannot use GNN method.
2026-10-09 03:54:38,501 - WARNING - GNN failed on rep 84: PyTorch not installed. Cannot use GNN method.
2026-10-09 03:54:39,567 - WARNING - GNN failed on rep 85: PyTorch not installed. Cannot use GNN method.
2026-10-09 03:54:40,617 - WARNING - GNN failed on rep 86: PyTorch not installed. Cannot use GNN method.
2026-10-09 03:54:41,649 - WARNING - GNN failed on rep 87: PyTorch not installed. Cannot use GNN method.
2026-10-09 03:54:42,717 - WARNING - GNN failed on rep 88: PyTorch not installed. Cannot use GNN method.
2026-10-09 03:54:43,762 - WARNING - GNN failed on rep 89: PyTorch not installed. Cannot use GNN method.
2026-10-09 03:54:44,859 - WARNING - GNN failed on rep 90: PyTorch not installed. Cannot use GNN method.
2026-10-09 03:54:45,901 - WARNING - GNN failed on rep 91: PyTorch not installed. Cannot use GNN method.
2026-10-09 03:54:46,971 - WARNING - GNN failed on rep 92: PyTorch not installed. Cannot use GNN method.
2026-10-09 03:54:48,032 - WARNING - GNN failed on rep 93: PyTorch not installed. Cannot use GNN method.
2026-10-09 03:54:49,087 - WARNING - GNN failed on rep 94: PyTorch not installed. Cannot use GNN method.
2026-10-09 03:54:50,162 - WARNING - GNN failed on rep 95: PyTorch not installed. Cannot use GNN method.
2026-10-09 03:54:51,227 - WARNING - GNN failed on rep 96: PyTorch not installed. Cannot use GNN method.
2026-10-09 03:54:52,395 - WARNING - GNN failed on rep 97: PyTorch not installed. Cannot use GNN method.
2026-10-09 03:54:53,453 - WARNING - GNN failed on rep 98: PyTorch not installed. Cannot use GNN method.
2026-10-09 03:54:54,470 - WARNING - GNN failed on rep 99: PyTorch not installed. Cannot use GNN method.
2026-10-09 03:54:54,476 - INFO - Completed: T200_N0.1_D4_DF3
2026-10-09 03:54:54,481 - INFO - Configuration 57/90
2026-10-09 03:54:54,481 - INFO - Starting configuration: T200_N0.1_D2_DF5
2026-10-09 03:54:56,013 - WARNING - GNN failed on rep 0: PyTorch not installed. Cannot use GNN method.
2026-10-09 03:54:57,078 - WARNING - GNN failed on rep 1: PyTorch not installed. Cannot use GNN method.
2026-10-09 03:54:58,138 - WARNING - GNN failed on rep 2: PyTorch not installed. Cannot use GNN method.
2026-10-09 03:54:59,203 - WARNING - GNN failed on rep 3: PyTorch not installed. Cannot use GNN method.
2026-10-09 03:55:00,275 - WARNING - GNN failed on rep 4: PyTorch not installed. Cannot use GNN method.
2026-10-09 03:55:01,332 - WARNING - GNN failed on rep 5: PyTorch not installed. Cannot use GNN method.
2026-10-09 03:55:02,383 - WARNING - GNN failed on rep 6: PyTorch not installed. Cannot use GNN method.
2026-10-09 03:55:03,433 - WARNING - GNN failed on rep 7: PyTorch not installed. Cannot use GNN method.
2026-10-09 03:55:04,481 - WARNING - GNN failed on rep 8: PyTorch not installed. Cannot use GNN method.
2026-10-09 03:55:05,583 - WARNING - GNN failed on rep 9: PyTorch not installed. Cannot use GNN method.
2026-10-09 03:55:06,632 - WARNING - GNN failed on rep 10: PyTorch not installed. Cannot use GNN method.
2026-10-09 03:55:07,693 - WARNING - GNN failed on rep 11: PyTorch not installed. Cannot use GNN method.
2026-10-09 03:55:08,752 - WARNING - GNN failed on rep 12: PyTorch not installed. Cannot use GNN method.
2026-10-09 03:55:09,919 - WARNING - GNN failed on rep 13: PyTorch not installed. Cannot use GNN method.
2026-10-09 03:55:10,977 - WARNING - GNN failed on rep 14: PyTorch not installed. Cannot use GNN method.
2026-10-09 03:55:12,087 - WARNING - GNN failed on rep 15: PyTorch not installed. Cannot use GNN method.
2026-10-09 03:55:13,139 - WARNING - GNN failed on rep 16: PyTorch not installed. Cannot use GNN method.
2026-10-09 03:55:14,505 - WARNING - GNN failed on rep 17: PyTorch not installed. Cannot use GNN method.
2026-10-09 03:55:15,637 - WARNING - GNN failed on rep 18: PyTorch not installed. Cannot use GNN method.
2026-10-09 03:55:16,756 - WARNING - GNN failed on rep 19: PyTorch not installed. Cannot use GNN method.
2026-10-09 03:55:17,844 - WARNING - GNN failed on rep 20: PyTorch not installed. Cannot use GNN method.
2026-10-09 03:55:18,905 - WARNING - GNN failed on rep 21: PyTorch not installed. Cannot use GNN method.
2026-10-09 03:55:19,979 - WARNING - GNN failed on rep 22: PyTorch not installed. Cannot use GNN method.
2026-10-09 03:55:21,035 - WARNING - GNN failed on rep 23: PyTorch not installed. Cannot use GNN method.
2026-10-09 03:55:22,096 - WARNING - GNN failed on rep 24: PyTorch not installed. Cannot use GNN method.
2026-10-09 03:55:23,135 - WARNING - GNN failed on rep 25: PyTorch not installed. Cannot use GNN method.
2026-10-09 03:55:24,188 - WARNING - GNN failed on rep 26: PyTorch not installed. Cannot use GNN method.
2026-10-09 03:55:25,235 - WARNING - GNN failed on rep 27: PyTorch not installed. Cannot use GNN method.
2026-10-09 03:55:26,276 - WARNING - GNN failed on rep 28: PyTorch not installed. Cannot use GNN method.
2026-10-09 03:55:27,350 - WARNING - GNN failed on rep 29: PyTorch not installed. Cannot use GNN method.
2026-10-09 03:55:28,889 - WARNING - GNN failed on rep 30: PyTorch not installed. Cannot use GNN method.
2026-10-09 03:55:30,289 - WARNING - GNN failed on rep 31: PyTorch not installed. Cannot use GNN method.
2026-10-09 03:55:31,339 - WARNING - GNN failed on rep 32: PyTorch not installed. Cannot use GNN method.
2026-10-09 03:55:32,418 - WARNING - GNN failed on rep 33: PyTorch not installed. Cannot use GNN method.
2026-10-09 03:55:33,462 - WARNING - GNN failed on rep 34: PyTorch not installed. Cannot use GNN method.
2026-10-09 03:55:34,501 - WARNING - GNN failed on rep 35: PyTorch not installed. Cannot use GNN method.
2026-10-09 03:55:35,549 - WARNING - GNN failed on rep 36: PyTorch not installed. Cannot use GNN method.
2026-10-09 03:55:36,611 - WARNING - GNN failed on rep 37: PyTorch not installed. Cannot use GNN method.
2026-10-09 03:55:37,673 - WARNING - GNN failed on rep 38: PyTorch not installed. Cannot use GNN method.
2026-10-09 03:55:38,748 - WARNING - GNN failed on rep 39: PyTorch not installed. Cannot use GNN method.
2026-10-09 03:55:39,800 - WARNING - GNN failed on rep 40: PyTorch not installed. Cannot use GNN method.
2026-10-09 03:55:40,853 - WARNING - GNN failed on rep 41: PyTorch not installed. Cannot use GNN method.
2026-10-09 03:55:41,901 - WARNING - GNN failed on rep 42: PyTorch not installed. Cannot use GNN method.
2026-10-09 03:55:42,951 - WARNING - GNN failed on rep 43: PyTorch not installed. Cannot use GNN method.
2026-10-09 03:55:44,031 - WARNING - GNN failed on rep 44: PyTorch not installed. Cannot use GNN method.
2026-10-09 03:55:45,127 - WARNING - GNN failed on rep 45: PyTorch not installed. Cannot use GNN method.
2026-10-09 03:55:46,163 - WARNING - GNN failed on rep 46: PyTorch not installed. Cannot use GNN method.
2026-10-09 03:55:47,215 - WARNING - GNN failed on rep 47: PyTorch not installed. Cannot use GNN method.
2026-10-09 03:55:48,416 - WARNING - GNN failed on rep 48: PyTorch not installed. Cannot use GNN method.
2026-10-09 03:55:49,476 - WARNING - GNN failed on rep 49: PyTorch not installed. Cannot use GNN method.
2026-10-09 03:55:50,535 - WARNING - GNN failed on rep 50: PyTorch not installed. Cannot use GNN method.
2026-10-09 03:55:51,609 - WARNING - GNN failed on rep 51: PyTorch not installed. Cannot use GNN method.
2026-10-09 03:55:52,659 - WARNING - GNN failed on rep 52: PyTorch not installed. Cannot use GNN method.
2026-10-09 03:55:53,730 - WARNING - GNN failed on rep 53: PyTorch not installed. Cannot use GNN method.
2026-10-09 03:55:54,766 - WARNING - GNN failed on rep 54: PyTorch not installed. Cannot use GNN method.
2026-10-09 03:55:55,851 - WARNING - GNN failed on rep 55: PyTorch not installed. Cannot use GNN method.
2026-10-09 03:55:56,890 - WARNING - GNN failed on rep 56: PyTorch not installed. Cannot use GNN method.
2026-10-09 03:55:57,947 - WARNING - GNN failed on rep 57: PyTorch not installed. Cannot use GNN method.
2026-10-09 03:55:58,994 - WARNING - GNN failed on rep 58: PyTorch not installed. Cannot use GNN method.
2026-10-09 03:56:00,054 - WARNING - GNN failed on rep 59: PyTorch not installed. Cannot use GNN method.
2026-10-09 03:56:01,107 - WARNING - GNN failed on rep 60: PyTorch not installed. Cannot use GNN method.
2026-10-09 03:56:02,204 - WARNING - GNN failed on rep 61: PyTorch not installed. Cannot use GNN method.
2026-10-09 03:56:03,318 - WARNING - GNN failed on rep 62: PyTorch not installed. Cannot use GNN method.
2026-10-09 03:56:04,405 - WARNING - GNN failed on rep 63: PyTorch not installed. Cannot use GNN method.
2026-10-09 03:56:05,632 - WARNING - GNN failed on rep 64: PyTorch not installed. Cannot use GNN method.
2026-10-09 03:56:06,737 - WARNING - GNN failed on rep 65: PyTorch not installed. Cannot use GNN method.
2026-10-09 03:56:07,811 - WARNING - GNN failed on rep 66: PyTorch not installed. Cannot use GNN method.
2026-10-09 03:56:08,950 - WARNING - GNN failed on rep 67: PyTorch not installed. Cannot use GNN method.
2026-10-09 03:56:10,026 - WARNING - GNN failed on rep 68: PyTorch not installed. Cannot use GNN method.
2026-10-09 03:56:11,165 - WARNING - GNN failed on rep 69: PyTorch not installed. Cannot use GNN method.
2026-10-09 03:56:12,259 - WARNING - GNN failed on rep 70: PyTorch not installed. Cannot use GNN method.
2026-10-09 03:56:13,359 - WARNING - GNN failed on rep 71: PyTorch not installed. Cannot use GNN method.
2026-10-09 03:56:14,453 - WARNING - GNN failed on rep 72: PyTorch not installed. Cannot use GNN method.
2026-10-09 03:56:15,509 - WARNING - GNN failed on rep 73: PyTorch not installed. Cannot use GNN method.
2026-10-09 03:56:16,555 - WARNING - GNN failed on rep 74: PyTorch not installed. Cannot use GNN method.
2026-10-09 03:56:17,596 - WARNING - GNN failed on rep 75: PyTorch not installed. Cannot use GNN method.
2026-10-09 03:56:18,658 - WARNING - GNN failed on rep 76: PyTorch not installed. Cannot use GNN method.
2026-10-09 03:56:19,695 - WARNING - GNN failed on rep 77: PyTorch not installed. Cannot use GNN method.
2026-10-09 03:56:20,763 - WARNING - GNN failed on rep 78: PyTorch not installed. Cannot use GNN method.
2026-10-09 03:56:21,824 - WARNING - GNN failed on rep 79: PyTorch not installed. Cannot use GNN method.
2026-10-09 03:56:22,876 - WARNING - GNN failed on rep 80: PyTorch not installed. Cannot use GNN method.
2026-10-09 03:56:23,950 - WARNING - GNN failed on rep 81: PyTorch not installed. Cannot use GNN method.
2026-10-09 03:56:25,100 - WARNING - GNN failed on rep 82: PyTorch not installed. Cannot use GNN method.
2026-10-09 03:56:26,152 - WARNING - GNN failed on rep 83: PyTorch not installed. Cannot use GNN method.
2026-10-09 03:56:27,211 - WARNING - GNN failed on rep 84: PyTorch not installed. Cannot use GNN method.
2026-10-09 03:56:28,527 - WARNING - GNN failed on rep 85: PyTorch not installed. Cannot use GNN method.
2026-10-09 03:56:29,869 - WARNING - GNN failed on rep 86: PyTorch not installed. Cannot use GNN method.
2026-10-09 03:56:30,915 - WARNING - GNN failed on rep 87: PyTorch not installed. Cannot use GNN method.
2026-10-09 03:56:31,989 - WARNING - GNN failed on rep 88: PyTorch not installed. Cannot use GNN method.
2026-10-09 03:56:33,045 - WARNING - GNN failed on rep 89: PyTorch not installed. Cannot use GNN method.
2026-10-09 03:56:34,100 - WARNING - GNN failed on rep 90: PyTorch not installed. Cannot use GNN method.
2026-10-09 03:56:35,172 - WARNING - GNN failed on rep 91: PyTorch not installed. Cannot use GNN method.
2026-10-09 03:56:36,229 - WARNING - GNN failed on rep 92: PyTorch not installed. Cannot use GNN method.
2026-10-09 03:56:37,281 - WARNING - GNN failed on rep 93: PyTorch not installed. Cannot use GNN method.
2026-10-09 03:56:38,350 - WARNING - GNN failed on rep 94: PyTorch not installed. Cannot use GNN method.
2026-10-09 03:56:39,409 - WARNING - GNN failed on rep 95: PyTorch not installed. Cannot use GNN method.
2026-10-09 03:56:40,448 - WARNING - GNN failed on rep 96: PyTorch not installed. Cannot use GNN method.
2026-10-09 03:56:41,499 - WARNING - GNN failed on rep 97: PyTorch not installed. Cannot use GNN method.
2026-10-09 03:56:42,694 - WARNING - GNN failed on rep 98: PyTorch not installed. Cannot use GNN method.
2026-10-09 03:56:43,735 - WARNING - GNN failed on rep 99: PyTorch not installed. Cannot use GNN method.
2026-10-09 03:56:43,743 - INFO - Completed: T200_N0.1_D2_DF5
2026-10-09 03:56:43,748 - INFO - Configuration 58/90
2026-10-09 03:56:43,749 - INFO - Starting configuration: T200_N0.1_D4_DF5
2026-10-09 03:56:45,324 - WARNING - GNN failed on rep 0: PyTorch not installed. Cannot use GNN method.
2026-10-09 03:56:46,424 - WARNING - GNN failed on rep 1: PyTorch not installed. Cannot use GNN method.
2026-10-09 03:56:47,532 - WARNING - GNN failed on rep 2: PyTorch not installed. Cannot use GNN method.
2026-10-09 03:56:48,598 - WARNING - GNN failed on rep 3: PyTorch not installed. Cannot use GNN method.
2026-10-09 03:56:49,672 - WARNING - GNN failed on rep 4: PyTorch not installed. Cannot use GNN method.
2026-10-09 03:56:50,809 - WARNING - GNN failed on rep 5: PyTorch not installed. Cannot use GNN method.
2026-10-09 03:56:51,861 - WARNING - GNN failed on rep 6: PyTorch not installed. Cannot use GNN method.
2026-10-09 03:56:52,955 - WARNING - GNN failed on rep 7: PyTorch not installed. Cannot use GNN method.
2026-10-09 03:56:54,094 - WARNING - GNN failed on rep 8: PyTorch not installed. Cannot use GNN method.
2026-10-09 03:56:55,184 - WARNING - GNN failed on rep 9: PyTorch not installed. Cannot use GNN method.
2026-10-09 03:56:56,229 - WARNING - GNN failed on rep 10: PyTorch not installed. Cannot use GNN method.
2026-10-09 03:56:57,296 - WARNING - GNN failed on rep 11: PyTorch not installed. Cannot use GNN method.
2026-10-09 03:56:58,389 - WARNING - GNN failed on rep 12: PyTorch not installed. Cannot use GNN method.
2026-10-09 03:56:59,475 - WARNING - GNN failed on rep 13: PyTorch not installed. Cannot use GNN method.
2026-10-09 03:57:00,686 - WARNING - GNN failed on rep 14: PyTorch not installed. Cannot use GNN method.
2026-10-09 03:57:01,804 - WARNING - GNN failed on rep 15: PyTorch not installed. Cannot use GNN method.
2026-10-09 03:57:02,885 - WARNING - GNN failed on rep 16: PyTorch not installed. Cannot use GNN method.
2026-10-09 03:57:03,970 - WARNING - GNN failed on rep 17: PyTorch not installed. Cannot use GNN method.
2026-10-09 03:57:05,077 - WARNING - GNN failed on rep 18: PyTorch not installed. Cannot use GNN method.
2026-10-09 03:57:06,126 - WARNING - GNN failed on rep 19: PyTorch not installed. Cannot use GNN method.
2026-10-09 03:57:07,192 - WARNING - GNN failed on rep 20: PyTorch not installed. Cannot use GNN method.
2026-10-09 03:57:08,274 - WARNING - GNN failed on rep 21: PyTorch not installed. Cannot use GNN method.
2026-10-09 03:57:09,361 - WARNING - GNN failed on rep 22: PyTorch not installed. Cannot use GNN method.
2026-10-09 03:57:10,426 - WARNING - GNN failed on rep 23: PyTorch not installed. Cannot use GNN method.
2026-10-09 03:57:11,522 - WARNING - GNN failed on rep 24: PyTorch not installed. Cannot use GNN method.
2026-10-09 03:57:12,606 - WARNING - GNN failed on rep 25: PyTorch not installed. Cannot use GNN method.
2026-10-09 03:57:13,715 - WARNING - GNN failed on rep 26: PyTorch not installed. Cannot use GNN method.
2026-10-09 03:57:14,802 - WARNING - GNN failed on rep 27: PyTorch not installed. Cannot use GNN method.
2026-10-09 03:57:15,899 - WARNING - GNN failed on rep 28: PyTorch not installed. Cannot use GNN method.
2026-10-09 03:57:16,997 - WARNING - GNN failed on rep 29: PyTorch not installed. Cannot use GNN method.
2026-10-09 03:57:18,067 - WARNING - GNN failed on rep 30: PyTorch not installed. Cannot use GNN method.
2026-10-09 03:57:19,238 - WARNING - GNN failed on rep 31: PyTorch not installed. Cannot use GNN method.
2026-10-09 03:57:20,302 - WARNING - GNN failed on rep 32: PyTorch not installed. Cannot use GNN method.
2026-10-09 03:57:21,395 - WARNING - GNN failed on rep 33: PyTorch not installed. Cannot use GNN method.
2026-10-09 03:57:22,470 - WARNING - GNN failed on rep 34: PyTorch not installed. Cannot use GNN method.
2026-10-09 03:57:23,547 - WARNING - GNN failed on rep 35: PyTorch not installed. Cannot use GNN method.
2026-10-09 03:57:24,612 - WARNING - GNN failed on rep 36: PyTorch not installed. Cannot use GNN method.
2026-10-09 03:57:25,680 - WARNING - GNN failed on rep 37: PyTorch not installed. Cannot use GNN method.
2026-10-09 03:57:26,746 - WARNING - GNN failed on rep 38: PyTorch not installed. Cannot use GNN method.
2026-10-09 03:57:27,855 - WARNING - GNN failed on rep 39: PyTorch not installed. Cannot use GNN method.
2026-10-09 03:57:29,410 - WARNING - GNN failed on rep 40: PyTorch not installed. Cannot use GNN method.
2026-10-09 03:57:30,485 - WARNING - GNN failed on rep 41: PyTorch not installed. Cannot use GNN method.
2026-10-09 03:57:31,541 - WARNING - GNN failed on rep 42: PyTorch not installed. Cannot use GNN method.
2026-10-09 03:57:32,647 - WARNING - GNN failed on rep 43: PyTorch not installed. Cannot use GNN method.
2026-10-09 03:57:34,048 - WARNING - GNN failed on rep 44: PyTorch not installed. Cannot use GNN method.
2026-10-09 03:57:36,517 - WARNING - GNN failed on rep 45: PyTorch not installed. Cannot use GNN method.
2026-10-09 03:57:38,562 - WARNING - GNN failed on rep 46: PyTorch not installed. Cannot use GNN method.
2026-10-09 03:57:40,687 - WARNING - GNN failed on rep 47: PyTorch not installed. Cannot use GNN method.
2026-10-09 03:57:42,900 - WARNING - GNN failed on rep 48: PyTorch not installed. Cannot use GNN method.
2026-10-09 03:57:45,173 - WARNING - GNN failed on rep 49: PyTorch not installed. Cannot use GNN method.
2026-10-09 03:57:47,677 - WARNING - GNN failed on rep 50: PyTorch not installed. Cannot use GNN method.
2026-10-09 03:57:49,972 - WARNING - GNN failed on rep 51: PyTorch not installed. Cannot use GNN method.
2026-10-09 03:57:52,482 - WARNING - GNN failed on rep 52: PyTorch not installed. Cannot use GNN method.
2026-10-09 03:57:54,394 - WARNING - GNN failed on rep 53: PyTorch not installed. Cannot use GNN method.
2026-10-09 03:57:55,489 - WARNING - GNN failed on rep 54: PyTorch not installed. Cannot use GNN method.
2026-10-09 03:57:56,642 - WARNING - GNN failed on rep 55: PyTorch not installed. Cannot use GNN method.
2026-10-09 03:57:57,939 - WARNING - GNN failed on rep 56: PyTorch not installed. Cannot use GNN method.
2026-10-09 03:57:59,063 - WARNING - GNN failed on rep 57: PyTorch not installed. Cannot use GNN method.
2026-10-09 03:58:00,143 - WARNING - GNN failed on rep 58: PyTorch not installed. Cannot use GNN method.
2026-10-09 03:58:01,262 - WARNING - GNN failed on rep 59: PyTorch not installed. Cannot use GNN method.
2026-10-09 03:58:02,360 - WARNING - GNN failed on rep 60: PyTorch not installed. Cannot use GNN method.
2026-10-09 03:58:03,635 - WARNING - GNN failed on rep 61: PyTorch not installed. Cannot use GNN method.
2026-10-09 03:58:04,760 - WARNING - GNN failed on rep 62: PyTorch not installed. Cannot use GNN method.
2026-10-09 03:58:05,877 - WARNING - GNN failed on rep 63: PyTorch not installed. Cannot use GNN method.
2026-10-09 03:58:06,957 - WARNING - GNN failed on rep 64: PyTorch not installed. Cannot use GNN method.
2026-10-09 03:58:08,091 - WARNING - GNN failed on rep 65: PyTorch not installed. Cannot use GNN method.
2026-10-09 03:58:09,181 - WARNING - GNN failed on rep 66: PyTorch not installed. Cannot use GNN method.
2026-10-09 03:58:10,409 - WARNING - GNN failed on rep 67: PyTorch not installed. Cannot use GNN method.
2026-10-09 03:58:11,512 - WARNING - GNN failed on rep 68: PyTorch not installed. Cannot use GNN method.
2026-10-09 03:58:12,603 - WARNING - GNN failed on rep 69: PyTorch not installed. Cannot use GNN method.
2026-10-09 03:58:13,734 - WARNING - GNN failed on rep 70: PyTorch not installed. Cannot use GNN method.
2026-10-09 03:58:14,803 - WARNING - GNN failed on rep 71: PyTorch not installed. Cannot use GNN method.
2026-10-09 03:58:15,901 - WARNING - GNN failed on rep 72: PyTorch not installed. Cannot use GNN method.
2026-10-09 03:58:16,968 - WARNING - GNN failed on rep 73: PyTorch not installed. Cannot use GNN method.
2026-10-09 03:58:18,071 - WARNING - GNN failed on rep 74: PyTorch not installed. Cannot use GNN method.
2026-10-09 03:58:19,163 - WARNING - GNN failed on rep 75: PyTorch not installed. Cannot use GNN method.
2026-10-09 03:58:20,287 - WARNING - GNN failed on rep 76: PyTorch not installed. Cannot use GNN method.
2026-10-09 03:58:21,373 - WARNING - GNN failed on rep 77: PyTorch not installed. Cannot use GNN method.
2026-10-09 03:58:22,482 - WARNING - GNN failed on rep 78: PyTorch not installed. Cannot use GNN method.
2026-10-09 03:58:23,589 - WARNING - GNN failed on rep 79: PyTorch not installed. Cannot use GNN method.
2026-10-09 03:58:24,673 - WARNING - GNN failed on rep 80: PyTorch not installed. Cannot use GNN method.
2026-10-09 03:58:25,748 - WARNING - GNN failed on rep 81: PyTorch not installed. Cannot use GNN method.
2026-10-09 03:58:26,947 - WARNING - GNN failed on rep 82: PyTorch not installed. Cannot use GNN method.
2026-10-09 03:58:28,028 - WARNING - GNN failed on rep 83: PyTorch not installed. Cannot use GNN method.
2026-10-09 03:58:29,614 - WARNING - GNN failed on rep 84: PyTorch not installed. Cannot use GNN method.
2026-10-09 03:58:30,694 - WARNING - GNN failed on rep 85: PyTorch not installed. Cannot use GNN method.
2026-10-09 03:58:31,803 - WARNING - GNN failed on rep 86: PyTorch not installed. Cannot use GNN method.
2026-10-09 03:58:32,867 - WARNING - GNN failed on rep 87: PyTorch not installed. Cannot use GNN method.
2026-10-09 03:58:33,964 - WARNING - GNN failed on rep 88: PyTorch not installed. Cannot use GNN method.
2026-10-09 03:58:35,133 - WARNING - GNN failed on rep 89: PyTorch not installed. Cannot use GNN method.
2026-10-09 03:58:36,222 - WARNING - GNN failed on rep 90: PyTorch not installed. Cannot use GNN method.
2026-10-09 03:58:37,324 - WARNING - GNN failed on rep 91: PyTorch not installed. Cannot use GNN method.
2026-10-09 03:58:38,410 - WARNING - GNN failed on rep 92: PyTorch not installed. Cannot use GNN method.
2026-10-09 03:58:39,501 - WARNING - GNN failed on rep 93: PyTorch not installed. Cannot use GNN method.
2026-10-09 03:58:40,568 - WARNING - GNN failed on rep 94: PyTorch not installed. Cannot use GNN method.
2026-10-09 03:58:41,647 - WARNING - GNN failed on rep 95: PyTorch not installed. Cannot use GNN method.
2026-10-09 03:58:42,775 - WARNING - GNN failed on rep 96: PyTorch not installed. Cannot use GNN method.
2026-10-09 03:58:43,847 - WARNING - GNN failed on rep 97: PyTorch not installed. Cannot use GNN method.
2026-10-09 03:58:44,886 - WARNING - GNN failed on rep 98: PyTorch not installed. Cannot use GNN method.
2026-10-09 03:58:46,091 - WARNING - GNN failed on rep 99: PyTorch not installed. Cannot use GNN method.
2026-10-09 03:58:46,098 - INFO - Completed: T200_N0.1_D4_DF5
2026-10-09 03:58:46,105 - INFO - Configuration 59/90
2026-10-09 03:58:46,109 - INFO - Starting configuration: T200_N0.1_D2_DF10
2026-10-09 03:58:47,642 - WARNING - GNN failed on rep 0: PyTorch not installed. Cannot use GNN method.
2026-10-09 03:58:48,718 - WARNING - GNN failed on rep 1: PyTorch not installed. Cannot use GNN method.
2026-10-09 03:58:49,765 - WARNING - GNN failed on rep 2: PyTorch not installed. Cannot use GNN method.
2026-10-09 03:58:50,859 - WARNING - GNN failed on rep 3: PyTorch not installed. Cannot use GNN method.
2026-10-09 03:58:51,979 - WARNING - GNN failed on rep 4: PyTorch not installed. Cannot use GNN method.
2026-10-09 03:58:53,051 - WARNING - GNN failed on rep 5: PyTorch not installed. Cannot use GNN method.
2026-10-09 03:58:54,153 - WARNING - GNN failed on rep 6: PyTorch not installed. Cannot use GNN method.
2026-10-09 03:58:55,275 - WARNING - GNN failed on rep 7: PyTorch not installed. Cannot use GNN method.
2026-10-09 03:58:56,374 - WARNING - GNN failed on rep 8: PyTorch not installed. Cannot use GNN method.
2026-10-09 03:58:57,387 - WARNING - GNN failed on rep 9: PyTorch not installed. Cannot use GNN method.
2026-10-09 03:58:58,439 - WARNING - GNN failed on rep 10: PyTorch not installed. Cannot use GNN method.
2026-10-09 03:58:59,525 - WARNING - GNN failed on rep 11: PyTorch not installed. Cannot use GNN method.
2026-10-09 03:59:00,597 - WARNING - GNN failed on rep 12: PyTorch not installed. Cannot use GNN method.
2026-10-09 03:59:01,726 - WARNING - GNN failed on rep 13: PyTorch not installed. Cannot use GNN method.
2026-10-09 03:59:02,778 - WARNING - GNN failed on rep 14: PyTorch not installed. Cannot use GNN method.
2026-10-09 03:59:03,952 - WARNING - GNN failed on rep 15: PyTorch not installed. Cannot use GNN method.
2026-10-09 03:59:05,075 - WARNING - GNN failed on rep 16: PyTorch not installed. Cannot use GNN method.
2026-10-09 03:59:06,108 - WARNING - GNN failed on rep 17: PyTorch not installed. Cannot use GNN method.
2026-10-09 03:59:07,164 - WARNING - GNN failed on rep 18: PyTorch not installed. Cannot use GNN method.
2026-10-09 03:59:08,231 - WARNING - GNN failed on rep 19: PyTorch not installed. Cannot use GNN method.
2026-10-09 03:59:09,315 - WARNING - GNN failed on rep 20: PyTorch not installed. Cannot use GNN method.
2026-10-09 03:59:10,381 - WARNING - GNN failed on rep 21: PyTorch not installed. Cannot use GNN method.
2026-10-09 03:59:11,464 - WARNING - GNN failed on rep 22: PyTorch not installed. Cannot use GNN method.
2026-10-09 03:59:12,522 - WARNING - GNN failed on rep 23: PyTorch not installed. Cannot use GNN method.
2026-10-09 03:59:13,663 - WARNING - GNN failed on rep 24: PyTorch not installed. Cannot use GNN method.
2026-10-09 03:59:14,737 - WARNING - GNN failed on rep 25: PyTorch not installed. Cannot use GNN method.
2026-10-09 03:59:15,827 - WARNING - GNN failed on rep 26: PyTorch not installed. Cannot use GNN method.
2026-10-09 03:59:16,890 - WARNING - GNN failed on rep 27: PyTorch not installed. Cannot use GNN method.
2026-10-09 03:59:18,116 - WARNING - GNN failed on rep 28: PyTorch not installed. Cannot use GNN method.
2026-10-09 03:59:19,252 - WARNING - GNN failed on rep 29: PyTorch not installed. Cannot use GNN method.
2026-10-09 03:59:20,418 - WARNING - GNN failed on rep 30: PyTorch not installed. Cannot use GNN method.
2026-10-09 03:59:21,789 - WARNING - GNN failed on rep 31: PyTorch not installed. Cannot use GNN method.
2026-10-09 03:59:23,224 - WARNING - GNN failed on rep 32: PyTorch not installed. Cannot use GNN method.
2026-10-09 03:59:24,455 - WARNING - GNN failed on rep 33: PyTorch not installed. Cannot use GNN method.
2026-10-09 03:59:25,858 - WARNING - GNN failed on rep 34: PyTorch not installed. Cannot use GNN method.
2026-10-09 03:59:27,167 - WARNING - GNN failed on rep 35: PyTorch not installed. Cannot use GNN method.
2026-10-09 03:59:28,625 - WARNING - GNN failed on rep 36: PyTorch not installed. Cannot use GNN method.
2026-10-09 03:59:30,381 - WARNING - GNN failed on rep 37: PyTorch not installed. Cannot use GNN method.
2026-10-09 03:59:31,507 - WARNING - GNN failed on rep 38: PyTorch not installed. Cannot use GNN method.
2026-10-09 03:59:32,641 - WARNING - GNN failed on rep 39: PyTorch not installed. Cannot use GNN method.
2026-10-09 03:59:33,715 - WARNING - GNN failed on rep 40: PyTorch not installed. Cannot use GNN method.
2026-10-09 03:59:34,774 - WARNING - GNN failed on rep 41: PyTorch not installed. Cannot use GNN method.
2026-10-09 03:59:35,860 - WARNING - GNN failed on rep 42: PyTorch not installed. Cannot use GNN method.
2026-10-09 03:59:36,937 - WARNING - GNN failed on rep 43: PyTorch not installed. Cannot use GNN method.
2026-10-09 03:59:38,064 - WARNING - GNN failed on rep 44: PyTorch not installed. Cannot use GNN method.
2026-10-09 03:59:39,117 - WARNING - GNN failed on rep 45: PyTorch not installed. Cannot use GNN method.
2026-10-09 03:59:40,204 - WARNING - GNN failed on rep 46: PyTorch not installed. Cannot use GNN method.
2026-10-09 03:59:41,309 - WARNING - GNN failed on rep 47: PyTorch not installed. Cannot use GNN method.
2026-10-09 03:59:42,388 - WARNING - GNN failed on rep 48: PyTorch not installed. Cannot use GNN method.
2026-10-09 03:59:43,472 - WARNING - GNN failed on rep 49: PyTorch not installed. Cannot use GNN method.
2026-10-09 03:59:44,550 - WARNING - GNN failed on rep 50: PyTorch not installed. Cannot use GNN method.
2026-10-09 03:59:45,645 - WARNING - GNN failed on rep 51: PyTorch not installed. Cannot use GNN method.
2026-10-09 03:59:46,884 - WARNING - GNN failed on rep 52: PyTorch not installed. Cannot use GNN method.
2026-10-09 03:59:47,938 - WARNING - GNN failed on rep 53: PyTorch not installed. Cannot use GNN method.
2026-10-09 03:59:49,046 - WARNING - GNN failed on rep 54: PyTorch not installed. Cannot use GNN method.
2026-10-09 03:59:50,101 - WARNING - GNN failed on rep 55: PyTorch not installed. Cannot use GNN method.
2026-10-09 03:59:51,170 - WARNING - GNN failed on rep 56: PyTorch not installed. Cannot use GNN method.
2026-10-09 03:59:52,203 - WARNING - GNN failed on rep 57: PyTorch not installed. Cannot use GNN method.
2026-10-09 03:59:53,265 - WARNING - GNN failed on rep 58: PyTorch not installed. Cannot use GNN method.
2026-10-09 03:59:54,313 - WARNING - GNN failed on rep 59: PyTorch not installed. Cannot use GNN method.
2026-10-09 03:59:55,393 - WARNING - GNN failed on rep 60: PyTorch not installed. Cannot use GNN method.
2026-10-09 03:59:56,435 - WARNING - GNN failed on rep 61: PyTorch not installed. Cannot use GNN method.
2026-10-09 03:59:57,525 - WARNING - GNN failed on rep 62: PyTorch not installed. Cannot use GNN method.
2026-10-09 03:59:58,566 - WARNING - GNN failed on rep 63: PyTorch not installed. Cannot use GNN method.
2026-10-09 03:59:59,617 - WARNING - GNN failed on rep 64: PyTorch not installed. Cannot use GNN method.
2026-10-09 04:00:00,677 - WARNING - GNN failed on rep 65: PyTorch not installed. Cannot use GNN method.
2026-10-09 04:00:01,731 - WARNING - GNN failed on rep 66: PyTorch not installed. Cannot use GNN method.
2026-10-09 04:00:02,784 - WARNING - GNN failed on rep 67: PyTorch not installed. Cannot use GNN method.
2026-10-09 04:00:03,826 - WARNING - GNN failed on rep 68: PyTorch not installed. Cannot use GNN method.
2026-10-09 04:00:04,869 - WARNING - GNN failed on rep 69: PyTorch not installed. Cannot use GNN method.
2026-10-09 04:00:06,221 - WARNING - GNN failed on rep 70: PyTorch not installed. Cannot use GNN method.
2026-10-09 04:00:07,289 - WARNING - GNN failed on rep 71: PyTorch not installed. Cannot use GNN method.
2026-10-09 04:00:08,336 - WARNING - GNN failed on rep 72: PyTorch not installed. Cannot use GNN method.
2026-10-09 04:00:09,384 - WARNING - GNN failed on rep 73: PyTorch not installed. Cannot use GNN method.
2026-10-09 04:00:10,439 - WARNING - GNN failed on rep 74: PyTorch not installed. Cannot use GNN method.
2026-10-09 04:00:11,563 - WARNING - GNN failed on rep 75: PyTorch not installed. Cannot use GNN method.
2026-10-09 04:00:12,621 - WARNING - GNN failed on rep 76: PyTorch not installed. Cannot use GNN method.
2026-10-09 04:00:13,813 - WARNING - GNN failed on rep 77: PyTorch not installed. Cannot use GNN method.
2026-10-09 04:00:14,949 - WARNING - GNN failed on rep 78: PyTorch not installed. Cannot use GNN method.
2026-10-09 04:00:16,147 - WARNING - GNN failed on rep 79: PyTorch not installed. Cannot use GNN method.
2026-10-09 04:00:17,219 - WARNING - GNN failed on rep 80: PyTorch not installed. Cannot use GNN method.
2026-10-09 04:00:18,316 - WARNING - GNN failed on rep 81: PyTorch not installed. Cannot use GNN method.
2026-10-09 04:00:19,381 - WARNING - GNN failed on rep 82: PyTorch not installed. Cannot use GNN method.
2026-10-09 04:00:20,432 - WARNING - GNN failed on rep 83: PyTorch not installed. Cannot use GNN method.
2026-10-09 04:00:21,486 - WARNING - GNN failed on rep 84: PyTorch not installed. Cannot use GNN method.
2026-10-09 04:00:22,566 - WARNING - GNN failed on rep 85: PyTorch not installed. Cannot use GNN method.
2026-10-09 04:00:23,611 - WARNING - GNN failed on rep 86: PyTorch not installed. Cannot use GNN method.
2026-10-09 04:00:24,672 - WARNING - GNN failed on rep 87: PyTorch not installed. Cannot use GNN method.
2026-10-09 04:00:25,856 - WARNING - GNN failed on rep 88: PyTorch not installed. Cannot use GNN method.
2026-10-09 04:00:26,923 - WARNING - GNN failed on rep 89: PyTorch not installed. Cannot use GNN method.
2026-10-09 04:00:27,995 - WARNING - GNN failed on rep 90: PyTorch not installed. Cannot use GNN method.
2026-10-09 04:00:29,641 - WARNING - GNN failed on rep 91: PyTorch not installed. Cannot use GNN method.
2026-10-09 04:00:30,711 - WARNING - GNN failed on rep 92: PyTorch not installed. Cannot use GNN method.
2026-10-09 04:00:31,749 - WARNING - GNN failed on rep 93: PyTorch not installed. Cannot use GNN method.
2026-10-09 04:00:32,813 - WARNING - GNN failed on rep 94: PyTorch not installed. Cannot use GNN method.
2026-10-09 04:00:33,854 - WARNING - GNN failed on rep 95: PyTorch not installed. Cannot use GNN method.
2026-10-09 04:00:34,919 - WARNING - GNN failed on rep 96: PyTorch not installed. Cannot use GNN method.
2026-10-09 04:00:35,984 - WARNING - GNN failed on rep 97: PyTorch not installed. Cannot use GNN method.
2026-10-09 04:00:37,052 - WARNING - GNN failed on rep 98: PyTorch not installed. Cannot use GNN method.
2026-10-09 04:00:38,101 - WARNING - GNN failed on rep 99: PyTorch not installed. Cannot use GNN method.
2026-10-09 04:00:38,110 - INFO - Completed: T200_N0.1_D2_DF10
2026-10-09 04:00:38,119 - INFO - Configuration 60/90
2026-10-09 04:00:38,119 - INFO - Starting configuration: T200_N0.1_D4_DF10
2026-10-09 04:00:39,661 - WARNING - GNN failed on rep 0: PyTorch not installed. Cannot use GNN method.
2026-10-09 04:00:40,743 - WARNING - GNN failed on rep 1: PyTorch not installed. Cannot use GNN method.
2026-10-09 04:00:41,913 - WARNING - GNN failed on rep 2: PyTorch not installed. Cannot use GNN method.
2026-10-09 04:00:42,978 - WARNING - GNN failed on rep 3: PyTorch not installed. Cannot use GNN method.
2026-10-09 04:00:44,040 - WARNING - GNN failed on rep 4: PyTorch not installed. Cannot use GNN method.
2026-10-09 04:00:45,110 - WARNING - GNN failed on rep 5: PyTorch not installed. Cannot use GNN method.
2026-10-09 04:00:46,160 - WARNING - GNN failed on rep 6: PyTorch not installed. Cannot use GNN method.
2026-10-09 04:00:47,215 - WARNING - GNN failed on rep 7: PyTorch not installed. Cannot use GNN method.
2026-10-09 04:00:48,265 - WARNING - GNN failed on rep 8: PyTorch not installed. Cannot use GNN method.
2026-10-09 04:00:49,322 - WARNING - GNN failed on rep 9: PyTorch not installed. Cannot use GNN method.
2026-10-09 04:00:50,361 - WARNING - GNN failed on rep 10: PyTorch not installed. Cannot use GNN method.
2026-10-09 04:00:51,408 - WARNING - GNN failed on rep 11: PyTorch not installed. Cannot use GNN method.
2026-10-09 04:00:52,454 - WARNING - GNN failed on rep 12: PyTorch not installed. Cannot use GNN method.
2026-10-09 04:00:53,501 - WARNING - GNN failed on rep 13: PyTorch not installed. Cannot use GNN method.
2026-10-09 04:00:54,562 - WARNING - GNN failed on rep 14: PyTorch not installed. Cannot use GNN method.
2026-10-09 04:00:55,610 - WARNING - GNN failed on rep 15: PyTorch not installed. Cannot use GNN method.
2026-10-09 04:00:56,662 - WARNING - GNN failed on rep 16: PyTorch not installed. Cannot use GNN method.
2026-10-09 04:00:57,699 - WARNING - GNN failed on rep 17: PyTorch not installed. Cannot use GNN method.
2026-10-09 04:00:58,756 - WARNING - GNN failed on rep 18: PyTorch not installed. Cannot use GNN method.
2026-10-09 04:00:59,797 - WARNING - GNN failed on rep 19: PyTorch not installed. Cannot use GNN method.
2026-10-09 04:01:01,022 - WARNING - GNN failed on rep 20: PyTorch not installed. Cannot use GNN method.
2026-10-09 04:01:02,055 - WARNING - GNN failed on rep 21: PyTorch not installed. Cannot use GNN method.
2026-10-09 04:01:03,094 - WARNING - GNN failed on rep 22: PyTorch not installed. Cannot use GNN method.
2026-10-09 04:01:04,146 - WARNING - GNN failed on rep 23: PyTorch not installed. Cannot use GNN method.
2026-10-09 04:01:05,207 - WARNING - GNN failed on rep 24: PyTorch not installed. Cannot use GNN method.
2026-10-09 04:01:06,267 - WARNING - GNN failed on rep 25: PyTorch not installed. Cannot use GNN method.
2026-10-09 04:01:07,322 - WARNING - GNN failed on rep 26: PyTorch not installed. Cannot use GNN method.
2026-10-09 04:01:08,370 - WARNING - GNN failed on rep 27: PyTorch not installed. Cannot use GNN method.
2026-10-09 04:01:09,410 - WARNING - GNN failed on rep 28: PyTorch not installed. Cannot use GNN method.
2026-10-09 04:01:10,474 - WARNING - GNN failed on rep 29: PyTorch not installed. Cannot use GNN method.
2026-10-09 04:01:11,610 - WARNING - GNN failed on rep 30: PyTorch not installed. Cannot use GNN method.
2026-10-09 04:01:12,765 - WARNING - GNN failed on rep 31: PyTorch not installed. Cannot use GNN method.
2026-10-09 04:01:13,823 - WARNING - GNN failed on rep 32: PyTorch not installed. Cannot use GNN method.
2026-10-09 04:01:14,892 - WARNING - GNN failed on rep 33: PyTorch not installed. Cannot use GNN method.
2026-10-09 04:01:15,960 - WARNING - GNN failed on rep 34: PyTorch not installed. Cannot use GNN method.
2026-10-09 04:01:17,013 - WARNING - GNN failed on rep 35: PyTorch not installed. Cannot use GNN method.
2026-10-09 04:01:18,064 - WARNING - GNN failed on rep 36: PyTorch not installed. Cannot use GNN method.
2026-10-09 04:01:19,118 - WARNING - GNN failed on rep 37: PyTorch not installed. Cannot use GNN method.
2026-10-09 04:01:20,286 - WARNING - GNN failed on rep 38: PyTorch not installed. Cannot use GNN method.
2026-10-09 04:01:21,363 - WARNING - GNN failed on rep 39: PyTorch not installed. Cannot use GNN method.
2026-10-09 04:01:22,405 - WARNING - GNN failed on rep 40: PyTorch not installed. Cannot use GNN method.
2026-10-09 04:01:23,457 - WARNING - GNN failed on rep 41: PyTorch not installed. Cannot use GNN method.
2026-10-09 04:01:24,507 - WARNING - GNN failed on rep 42: PyTorch not installed. Cannot use GNN method.
2026-10-09 04:01:25,539 - WARNING - GNN failed on rep 43: PyTorch not installed. Cannot use GNN method.
2026-10-09 04:01:26,609 - WARNING - GNN failed on rep 44: PyTorch not installed. Cannot use GNN method.
2026-10-09 04:01:27,661 - WARNING - GNN failed on rep 45: PyTorch not installed. Cannot use GNN method.
2026-10-09 04:01:29,224 - WARNING - GNN failed on rep 46: PyTorch not installed. Cannot use GNN method.
2026-10-09 04:01:30,276 - WARNING - GNN failed on rep 47: PyTorch not installed. Cannot use GNN method.
2026-10-09 04:01:31,322 - WARNING - GNN failed on rep 48: PyTorch not installed. Cannot use GNN method.
2026-10-09 04:01:32,375 - WARNING - GNN failed on rep 49: PyTorch not installed. Cannot use GNN method.
2026-10-09 04:01:33,470 - WARNING - GNN failed on rep 50: PyTorch not installed. Cannot use GNN method.
2026-10-09 04:01:34,533 - WARNING - GNN failed on rep 51: PyTorch not installed. Cannot use GNN method.
2026-10-09 04:01:35,584 - WARNING - GNN failed on rep 52: PyTorch not installed. Cannot use GNN method.
2026-10-09 04:01:36,631 - WARNING - GNN failed on rep 53: PyTorch not installed. Cannot use GNN method.
2026-10-09 04:01:37,682 - WARNING - GNN failed on rep 54: PyTorch not installed. Cannot use GNN method.
2026-10-09 04:01:38,728 - WARNING - GNN failed on rep 55: PyTorch not installed. Cannot use GNN method.
2026-10-09 04:01:39,928 - WARNING - GNN failed on rep 56: PyTorch not installed. Cannot use GNN method.
2026-10-09 04:01:40,969 - WARNING - GNN failed on rep 57: PyTorch not installed. Cannot use GNN method.
2026-10-09 04:01:42,078 - WARNING - GNN failed on rep 58: PyTorch not installed. Cannot use GNN method.
2026-10-09 04:01:43,174 - WARNING - GNN failed on rep 59: PyTorch not installed. Cannot use GNN method.
2026-10-09 04:01:44,238 - WARNING - GNN failed on rep 60: PyTorch not installed. Cannot use GNN method.
2026-10-09 04:01:45,295 - WARNING - GNN failed on rep 61: PyTorch not installed. Cannot use GNN method.
2026-10-09 04:01:46,351 - WARNING - GNN failed on rep 62: PyTorch not installed. Cannot use GNN method.
2026-10-09 04:01:47,399 - WARNING - GNN failed on rep 63: PyTorch not installed. Cannot use GNN method.
2026-10-09 04:01:48,446 - WARNING - GNN failed on rep 64: PyTorch not installed. Cannot use GNN method.
2026-10-09 04:01:49,500 - WARNING - GNN failed on rep 65: PyTorch not installed. Cannot use GNN method.
2026-10-09 04:01:50,560 - WARNING - GNN failed on rep 66: PyTorch not installed. Cannot use GNN method.
2026-10-09 04:01:51,602 - WARNING - GNN failed on rep 67: PyTorch not installed. Cannot use GNN method.
2026-10-09 04:01:52,670 - WARNING - GNN failed on rep 68: PyTorch not installed. Cannot use GNN method.
2026-10-09 04:01:53,772 - WARNING - GNN failed on rep 69: PyTorch not installed. Cannot use GNN method.
2026-10-09 04:01:54,816 - WARNING - GNN failed on rep 70: PyTorch not installed. Cannot use GNN method.
2026-10-09 04:01:55,866 - WARNING - GNN failed on rep 71: PyTorch not installed. Cannot use GNN method.
2026-10-09 04:01:56,910 - WARNING - GNN failed on rep 72: PyTorch not installed. Cannot use GNN method.
2026-10-09 04:01:57,989 - WARNING - GNN failed on rep 73: PyTorch not installed. Cannot use GNN method.
2026-10-09 04:01:59,139 - WARNING - GNN failed on rep 74: PyTorch not installed. Cannot use GNN method.
2026-10-09 04:02:00,184 - WARNING - GNN failed on rep 75: PyTorch not installed. Cannot use GNN method.
2026-10-09 04:02:01,238 - WARNING - GNN failed on rep 76: PyTorch not installed. Cannot use GNN method.
2026-10-09 04:02:02,300 - WARNING - GNN failed on rep 77: PyTorch not installed. Cannot use GNN method.
2026-10-09 04:02:03,374 - WARNING - GNN failed on rep 78: PyTorch not installed. Cannot use GNN method.
2026-10-09 04:02:04,418 - WARNING - GNN failed on rep 79: PyTorch not installed. Cannot use GNN method.
2026-10-09 04:02:05,470 - WARNING - GNN failed on rep 80: PyTorch not installed. Cannot use GNN method.
2026-10-09 04:02:06,537 - WARNING - GNN failed on rep 81: PyTorch not installed. Cannot use GNN method.
2026-10-09 04:02:07,760 - WARNING - GNN failed on rep 82: PyTorch not installed. Cannot use GNN method.
2026-10-09 04:02:08,823 - WARNING - GNN failed on rep 83: PyTorch not installed. Cannot use GNN method.
2026-10-09 04:02:09,894 - WARNING - GNN failed on rep 84: PyTorch not installed. Cannot use GNN method.
2026-10-09 04:02:10,973 - WARNING - GNN failed on rep 85: PyTorch not installed. Cannot use GNN method.
2026-10-09 04:02:12,035 - WARNING - GNN failed on rep 86: PyTorch not installed. Cannot use GNN method.
2026-10-09 04:02:13,097 - WARNING - GNN failed on rep 87: PyTorch not installed. Cannot use GNN method.
2026-10-09 04:02:14,153 - WARNING - GNN failed on rep 88: PyTorch not installed. Cannot use GNN method.
2026-10-09 04:02:15,195 - WARNING - GNN failed on rep 89: PyTorch not installed. Cannot use GNN method.
2026-10-09 04:02:16,249 - WARNING - GNN failed on rep 90: PyTorch not installed. Cannot use GNN method.
2026-10-09 04:02:17,293 - WARNING - GNN failed on rep 91: PyTorch not installed. Cannot use GNN method.
2026-10-09 04:02:18,488 - WARNING - GNN failed on rep 92: PyTorch not installed. Cannot use GNN method.
2026-10-09 04:02:19,548 - WARNING - GNN failed on rep 93: PyTorch not installed. Cannot use GNN method.
2026-10-09 04:02:20,615 - WARNING - GNN failed on rep 94: PyTorch not installed. Cannot use GNN method.
2026-10-09 04:02:21,681 - WARNING - GNN failed on rep 95: PyTorch not installed. Cannot use GNN method.
2026-10-09 04:02:22,745 - WARNING - GNN failed on rep 96: PyTorch not installed. Cannot use GNN method.
2026-10-09 04:02:23,831 - WARNING - GNN failed on rep 97: PyTorch not installed. Cannot use GNN method.
2026-10-09 04:02:24,897 - WARNING - GNN failed on rep 98: PyTorch not installed. Cannot use GNN method.
2026-10-09 04:02:25,952 - WARNING - GNN failed on rep 99: PyTorch not installed. Cannot use GNN method.
2026-10-09 04:02:25,959 - INFO - Completed: T200_N0.1_D4_DF10
2026-10-09 04:02:25,964 - INFO - Configuration 61/90
2026-10-09 04:02:25,965 - INFO - Starting configuration: T200_N0.3_D2_DF3
2026-10-09 04:02:27,477 - WARNING - GNN failed on rep 0: PyTorch not installed. Cannot use GNN method.
2026-10-09 04:02:29,026 - WARNING - GNN failed on rep 1: PyTorch not installed. Cannot use GNN method.
2026-10-09 04:02:30,076 - WARNING - GNN failed on rep 2: PyTorch not installed. Cannot use GNN method.
2026-10-09 04:02:31,137 - WARNING - GNN failed on rep 3: PyTorch not installed. Cannot use GNN method.
2026-10-09 04:02:32,173 - WARNING - GNN failed on rep 4: PyTorch not installed. Cannot use GNN method.
2026-10-09 04:02:33,224 - WARNING - GNN failed on rep 5: PyTorch not installed. Cannot use GNN method.
2026-10-09 04:02:34,272 - WARNING - GNN failed on rep 6: PyTorch not installed. Cannot use GNN method.
2026-10-09 04:02:35,312 - WARNING - GNN failed on rep 7: PyTorch not installed. Cannot use GNN method.
2026-10-09 04:02:36,474 - WARNING - GNN failed on rep 8: PyTorch not installed. Cannot use GNN method.
2026-10-09 04:02:37,546 - WARNING - GNN failed on rep 9: PyTorch not installed. Cannot use GNN method.
2026-10-09 04:02:38,600 - WARNING - GNN failed on rep 10: PyTorch not installed. Cannot use GNN method.
2026-10-09 04:02:39,661 - WARNING - GNN failed on rep 11: PyTorch not installed. Cannot use GNN method.
2026-10-09 04:02:40,699 - WARNING - GNN failed on rep 12: PyTorch not installed. Cannot use GNN method.
2026-10-09 04:02:41,751 - WARNING - GNN failed on rep 13: PyTorch not installed. Cannot use GNN method.
2026-10-09 04:02:42,789 - WARNING - GNN failed on rep 14: PyTorch not installed. Cannot use GNN method.
2026-10-09 04:02:43,877 - WARNING - GNN failed on rep 15: PyTorch not installed. Cannot use GNN method.
2026-10-09 04:02:44,921 - WARNING - GNN failed on rep 16: PyTorch not installed. Cannot use GNN method.
2026-10-09 04:02:45,969 - WARNING - GNN failed on rep 17: PyTorch not installed. Cannot use GNN method.
2026-10-09 04:02:47,020 - WARNING - GNN failed on rep 18: PyTorch not installed. Cannot use GNN method.
2026-10-09 04:02:48,064 - WARNING - GNN failed on rep 19: PyTorch not installed. Cannot use GNN method.
2026-10-09 04:02:49,107 - WARNING - GNN failed on rep 20: PyTorch not installed. Cannot use GNN method.
2026-10-09 04:02:50,161 - WARNING - GNN failed on rep 21: PyTorch not installed. Cannot use GNN method.
2026-10-09 04:02:51,216 - WARNING - GNN failed on rep 22: PyTorch not installed. Cannot use GNN method.
2026-10-09 04:02:52,277 - WARNING - GNN failed on rep 23: PyTorch not installed. Cannot use GNN method.
2026-10-09 04:02:53,330 - WARNING - GNN failed on rep 24: PyTorch not installed. Cannot use GNN method.
2026-10-09 04:02:54,386 - WARNING - GNN failed on rep 25: PyTorch not installed. Cannot use GNN method.
2026-10-09 04:02:55,453 - WARNING - GNN failed on rep 26: PyTorch not installed. Cannot use GNN method.
2026-10-09 04:02:56,645 - WARNING - GNN failed on rep 27: PyTorch not installed. Cannot use GNN method.
2026-10-09 04:02:57,709 - WARNING - GNN failed on rep 28: PyTorch not installed. Cannot use GNN method.
2026-10-09 04:02:58,739 - WARNING - GNN failed on rep 29: PyTorch not installed. Cannot use GNN method.
2026-10-09 04:02:59,776 - WARNING - GNN failed on rep 30: PyTorch not installed. Cannot use GNN method.
2026-10-09 04:03:00,878 - WARNING - GNN failed on rep 31: PyTorch not installed. Cannot use GNN method.
2026-10-09 04:03:01,913 - WARNING - GNN failed on rep 32: PyTorch not installed. Cannot use GNN method.
2026-10-09 04:03:02,964 - WARNING - GNN failed on rep 33: PyTorch not installed. Cannot use GNN method.
2026-10-09 04:03:04,022 - WARNING - GNN failed on rep 34: PyTorch not installed. Cannot use GNN method.
2026-10-09 04:03:05,164 - WARNING - GNN failed on rep 35: PyTorch not installed. Cannot use GNN method.
2026-10-09 04:03:06,276 - WARNING - GNN failed on rep 36: PyTorch not installed. Cannot use GNN method.
2026-10-09 04:03:07,398 - WARNING - GNN failed on rep 37: PyTorch not installed. Cannot use GNN method.
2026-10-09 04:03:08,472 - WARNING - GNN failed on rep 38: PyTorch not installed. Cannot use GNN method.
2026-10-09 04:03:09,526 - WARNING - GNN failed on rep 39: PyTorch not installed. Cannot use GNN method.
2026-10-09 04:03:10,602 - WARNING - GNN failed on rep 40: PyTorch not installed. Cannot use GNN method.
2026-10-09 04:03:11,659 - WARNING - GNN failed on rep 41: PyTorch not installed. Cannot use GNN method.
2026-10-09 04:03:12,722 - WARNING - GNN failed on rep 42: PyTorch not installed. Cannot use GNN method.
2026-10-09 04:03:13,775 - WARNING - GNN failed on rep 43: PyTorch not installed. Cannot use GNN method.
2026-10-09 04:03:14,953 - WARNING - GNN failed on rep 44: PyTorch not installed. Cannot use GNN method.
2026-10-09 04:03:16,001 - WARNING - GNN failed on rep 45: PyTorch not installed. Cannot use GNN method.
2026-10-09 04:03:17,080 - WARNING - GNN failed on rep 46: PyTorch not installed. Cannot use GNN method.
2026-10-09 04:03:18,186 - WARNING - GNN failed on rep 47: PyTorch not installed. Cannot use GNN method.
2026-10-09 04:03:19,224 - WARNING - GNN failed on rep 48: PyTorch not installed. Cannot use GNN method.
2026-10-09 04:03:20,262 - WARNING - GNN failed on rep 49: PyTorch not installed. Cannot use GNN method.
2026-10-09 04:03:21,311 - WARNING - GNN failed on rep 50: PyTorch not installed. Cannot use GNN method.
2026-10-09 04:03:22,349 - WARNING - GNN failed on rep 51: PyTorch not installed. Cannot use GNN method.
2026-10-09 04:03:23,386 - WARNING - GNN failed on rep 52: PyTorch not installed. Cannot use GNN method.
2026-10-09 04:03:24,457 - WARNING - GNN failed on rep 53: PyTorch not installed. Cannot use GNN method.
2026-10-09 04:03:25,531 - WARNING - GNN failed on rep 54: PyTorch not installed. Cannot use GNN method.
2026-10-09 04:03:26,578 - WARNING - GNN failed on rep 55: PyTorch not installed. Cannot use GNN method.
2026-10-09 04:03:27,632 - WARNING - GNN failed on rep 56: PyTorch not installed. Cannot use GNN method.
2026-10-09 04:03:29,185 - WARNING - GNN failed on rep 57: PyTorch not installed. Cannot use GNN method.
2026-10-09 04:03:30,238 - WARNING - GNN failed on rep 58: PyTorch not installed. Cannot use GNN method.
2026-10-09 04:03:31,282 - WARNING - GNN failed on rep 59: PyTorch not installed. Cannot use GNN method.
2026-10-09 04:03:32,332 - WARNING - GNN failed on rep 60: PyTorch not installed. Cannot use GNN method.
2026-10-09 04:03:33,373 - WARNING - GNN failed on rep 61: PyTorch not installed. Cannot use GNN method.
2026-10-09 04:03:34,556 - WARNING - GNN failed on rep 62: PyTorch not installed. Cannot use GNN method.
2026-10-09 04:03:35,597 - WARNING - GNN failed on rep 63: PyTorch not installed. Cannot use GNN method.
2026-10-09 04:03:36,657 - WARNING - GNN failed on rep 64: PyTorch not installed. Cannot use GNN method.
2026-10-09 04:03:37,725 - WARNING - GNN failed on rep 65: PyTorch not installed. Cannot use GNN method.
2026-10-09 04:03:38,774 - WARNING - GNN failed on rep 66: PyTorch not installed. Cannot use GNN method.
2026-10-09 04:03:39,856 - WARNING - GNN failed on rep 67: PyTorch not installed. Cannot use GNN method.
2026-10-09 04:03:40,914 - WARNING - GNN failed on rep 68: PyTorch not installed. Cannot use GNN method.
2026-10-09 04:03:41,977 - WARNING - GNN failed on rep 69: PyTorch not installed. Cannot use GNN method.
2026-10-09 04:03:43,032 - WARNING - GNN failed on rep 70: PyTorch not installed. Cannot use GNN method.
2026-10-09 04:03:44,095 - WARNING - GNN failed on rep 71: PyTorch not installed. Cannot use GNN method.
2026-10-09 04:03:45,130 - WARNING - GNN failed on rep 72: PyTorch not installed. Cannot use GNN method.
2026-10-09 04:03:46,224 - WARNING - GNN failed on rep 73: PyTorch not installed. Cannot use GNN method.
2026-10-09 04:03:47,265 - WARNING - GNN failed on rep 74: PyTorch not installed. Cannot use GNN method.
2026-10-09 04:03:48,310 - WARNING - GNN failed on rep 75: PyTorch not installed. Cannot use GNN method.
2026-10-09 04:03:49,372 - WARNING - GNN failed on rep 76: PyTorch not installed. Cannot use GNN method.
2026-10-09 04:03:50,422 - WARNING - GNN failed on rep 77: PyTorch not installed. Cannot use GNN method.
2026-10-09 04:03:51,471 - WARNING - GNN failed on rep 78: PyTorch not installed. Cannot use GNN method.
2026-10-09 04:03:52,527 - WARNING - GNN failed on rep 79: PyTorch not installed. Cannot use GNN method.
2026-10-09 04:03:53,681 - WARNING - GNN failed on rep 80: PyTorch not installed. Cannot use GNN method.
2026-10-09 04:03:54,737 - WARNING - GNN failed on rep 81: PyTorch not installed. Cannot use GNN method.
2026-10-09 04:03:55,765 - WARNING - GNN failed on rep 82: PyTorch not installed. Cannot use GNN method.
2026-10-09 04:03:56,836 - WARNING - GNN failed on rep 83: PyTorch not installed. Cannot use GNN method.
2026-10-09 04:03:57,883 - WARNING - GNN failed on rep 84: PyTorch not installed. Cannot use GNN method.
2026-10-09 04:03:58,927 - WARNING - GNN failed on rep 85: PyTorch not installed. Cannot use GNN method.
2026-10-09 04:03:59,975 - WARNING - GNN failed on rep 86: PyTorch not installed. Cannot use GNN method.
2026-10-09 04:04:01,026 - WARNING - GNN failed on rep 87: PyTorch not installed. Cannot use GNN method.
2026-10-09 04:04:02,259 - WARNING - GNN failed on rep 88: PyTorch not installed. Cannot use GNN method.
2026-10-09 04:04:03,325 - WARNING - GNN failed on rep 89: PyTorch not installed. Cannot use GNN method.
2026-10-09 04:04:04,396 - WARNING - GNN failed on rep 90: PyTorch not installed. Cannot use GNN method.
2026-10-09 04:04:05,467 - WARNING - GNN failed on rep 91: PyTorch not installed. Cannot use GNN method.
2026-10-09 04:04:06,572 - WARNING - GNN failed on rep 92: PyTorch not installed. Cannot use GNN method.
2026-10-09 04:04:07,632 - WARNING - GNN failed on rep 93: PyTorch not installed. Cannot use GNN method.
2026-10-09 04:04:08,688 - WARNING - GNN failed on rep 94: PyTorch not installed. Cannot use GNN method.
2026-10-09 04:04:09,749 - WARNING - GNN failed on rep 95: PyTorch not installed. Cannot use GNN method.
2026-10-09 04:04:10,814 - WARNING - GNN failed on rep 96: PyTorch not installed. Cannot use GNN method.
2026-10-09 04:04:11,858 - WARNING - GNN failed on rep 97: PyTorch not installed. Cannot use GNN method.
2026-10-09 04:04:13,018 - WARNING - GNN failed on rep 98: PyTorch not installed. Cannot use GNN method.
2026-10-09 04:04:14,081 - WARNING - GNN failed on rep 99: PyTorch not installed. Cannot use GNN method.
2026-10-09 04:04:14,089 - INFO - Completed: T200_N0.3_D2_DF3
2026-10-09 04:04:14,094 - INFO - Configuration 62/90
2026-10-09 04:04:14,101 - INFO - Starting configuration: T200_N0.3_D4_DF3
2026-10-09 04:04:15,639 - WARNING - GNN failed on rep 0: PyTorch not installed. Cannot use GNN method.
2026-10-09 04:04:16,706 - WARNING - GNN failed on rep 1: PyTorch not installed. Cannot use GNN method.
2026-10-09 04:04:17,776 - WARNING - GNN failed on rep 2: PyTorch not installed. Cannot use GNN method.
2026-10-09 04:04:18,869 - WARNING - GNN failed on rep 3: PyTorch not installed. Cannot use GNN method.
2026-10-09 04:04:19,943 - WARNING - GNN failed on rep 4: PyTorch not installed. Cannot use GNN method.
2026-10-09 04:04:21,035 - WARNING - GNN failed on rep 5: PyTorch not installed. Cannot use GNN method.
2026-10-09 04:04:22,137 - WARNING - GNN failed on rep 6: PyTorch not installed. Cannot use GNN method.
2026-10-09 04:04:23,231 - WARNING - GNN failed on rep 7: PyTorch not installed. Cannot use GNN method.
2026-10-09 04:04:24,313 - WARNING - GNN failed on rep 8: PyTorch not installed. Cannot use GNN method.
2026-10-09 04:04:25,392 - WARNING - GNN failed on rep 9: PyTorch not installed. Cannot use GNN method.
2026-10-09 04:04:26,504 - WARNING - GNN failed on rep 10: PyTorch not installed. Cannot use GNN method.
2026-10-09 04:04:27,631 - WARNING - GNN failed on rep 11: PyTorch not installed. Cannot use GNN method.
2026-10-09 04:04:29,240 - WARNING - GNN failed on rep 12: PyTorch not installed. Cannot use GNN method.
2026-10-09 04:04:30,308 - WARNING - GNN failed on rep 13: PyTorch not installed. Cannot use GNN method.
2026-10-09 04:04:31,543 - WARNING - GNN failed on rep 14: PyTorch not installed. Cannot use GNN method.
2026-10-09 04:04:32,633 - WARNING - GNN failed on rep 15: PyTorch not installed. Cannot use GNN method.
2026-10-09 04:04:34,002 - WARNING - GNN failed on rep 16: PyTorch not installed. Cannot use GNN method.
2026-10-09 04:04:35,134 - WARNING - GNN failed on rep 17: PyTorch not installed. Cannot use GNN method.
2026-10-09 04:04:36,210 - WARNING - GNN failed on rep 18: PyTorch not installed. Cannot use GNN method.
2026-10-09 04:04:37,273 - WARNING - GNN failed on rep 19: PyTorch not installed. Cannot use GNN method.
2026-10-09 04:04:38,354 - WARNING - GNN failed on rep 20: PyTorch not installed. Cannot use GNN method.
2026-10-09 04:04:39,448 - WARNING - GNN failed on rep 21: PyTorch not installed. Cannot use GNN method.
2026-10-09 04:04:40,528 - WARNING - GNN failed on rep 22: PyTorch not installed. Cannot use GNN method.
2026-10-09 04:04:41,606 - WARNING - GNN failed on rep 23: PyTorch not installed. Cannot use GNN method.
2026-10-09 04:04:42,665 - WARNING - GNN failed on rep 24: PyTorch not installed. Cannot use GNN method.
2026-10-09 04:04:43,742 - WARNING - GNN failed on rep 25: PyTorch not installed. Cannot use GNN method.
2026-10-09 04:04:44,817 - WARNING - GNN failed on rep 26: PyTorch not installed. Cannot use GNN method.
2026-10-09 04:04:45,893 - WARNING - GNN failed on rep 27: PyTorch not installed. Cannot use GNN method.
2026-10-09 04:04:46,990 - WARNING - GNN failed on rep 28: PyTorch not installed. Cannot use GNN method.
2026-10-09 04:04:48,110 - WARNING - GNN failed on rep 29: PyTorch not installed. Cannot use GNN method.
2026-10-09 04:04:49,150 - WARNING - GNN failed on rep 30: PyTorch not installed. Cannot use GNN method.
2026-10-09 04:04:50,250 - WARNING - GNN failed on rep 31: PyTorch not installed. Cannot use GNN method.
2026-10-09 04:04:51,410 - WARNING - GNN failed on rep 32: PyTorch not installed. Cannot use GNN method.
2026-10-09 04:04:52,500 - WARNING - GNN failed on rep 33: PyTorch not installed. Cannot use GNN method.
2026-10-09 04:04:53,572 - WARNING - GNN failed on rep 34: PyTorch not installed. Cannot use GNN method.
2026-10-09 04:04:54,676 - WARNING - GNN failed on rep 35: PyTorch not installed. Cannot use GNN method.
2026-10-09 04:04:55,789 - WARNING - GNN failed on rep 36: PyTorch not installed. Cannot use GNN method.
2026-10-09 04:04:56,880 - WARNING - GNN failed on rep 37: PyTorch not installed. Cannot use GNN method.
2026-10-09 04:04:58,008 - WARNING - GNN failed on rep 38: PyTorch not installed. Cannot use GNN method.
2026-10-09 04:04:59,102 - WARNING - GNN failed on rep 39: PyTorch not installed. Cannot use GNN method.
2026-10-09 04:05:00,173 - WARNING - GNN failed on rep 40: PyTorch not installed. Cannot use GNN method.
2026-10-09 04:05:01,253 - WARNING - GNN failed on rep 41: PyTorch not installed. Cannot use GNN method.
2026-10-09 04:05:02,328 - WARNING - GNN failed on rep 42: PyTorch not installed. Cannot use GNN method.
2026-10-09 04:05:03,408 - WARNING - GNN failed on rep 43: PyTorch not installed. Cannot use GNN method.
2026-10-09 04:05:04,538 - WARNING - GNN failed on rep 44: PyTorch not installed. Cannot use GNN method.
2026-10-09 04:05:05,608 - WARNING - GNN failed on rep 45: PyTorch not installed. Cannot use GNN method.
2026-10-09 04:05:06,681 - WARNING - GNN failed on rep 46: PyTorch not installed. Cannot use GNN method.
2026-10-09 04:05:07,722 - WARNING - GNN failed on rep 47: PyTorch not installed. Cannot use GNN method.
2026-10-09 04:05:08,769 - WARNING - GNN failed on rep 48: PyTorch not installed. Cannot use GNN method.
2026-10-09 04:05:10,014 - WARNING - GNN failed on rep 49: PyTorch not installed. Cannot use GNN method.
2026-10-09 04:05:11,101 - WARNING - GNN failed on rep 50: PyTorch not installed. Cannot use GNN method.
2026-10-09 04:05:12,258 - WARNING - GNN failed on rep 51: PyTorch not installed. Cannot use GNN method.
2026-10-09 04:05:13,321 - WARNING - GNN failed on rep 52: PyTorch not installed. Cannot use GNN method.
2026-10-09 04:05:14,826 - WARNING - GNN failed on rep 53: PyTorch not installed. Cannot use GNN method.
2026-10-09 04:05:16,067 - WARNING - GNN failed on rep 54: PyTorch not installed. Cannot use GNN method.
2026-10-09 04:05:17,128 - WARNING - GNN failed on rep 55: PyTorch not installed. Cannot use GNN method.
2026-10-09 04:05:18,217 - WARNING - GNN failed on rep 56: PyTorch not installed. Cannot use GNN method.
2026-10-09 04:05:19,296 - WARNING - GNN failed on rep 57: PyTorch not installed. Cannot use GNN method.
2026-10-09 04:05:20,418 - WARNING - GNN failed on rep 58: PyTorch not installed. Cannot use GNN method.
2026-10-09 04:05:21,530 - WARNING - GNN failed on rep 59: PyTorch not installed. Cannot use GNN method.
2026-10-09 04:05:22,560 - WARNING - GNN failed on rep 60: PyTorch not installed. Cannot use GNN method.
2026-10-09 04:05:23,629 - WARNING - GNN failed on rep 61: PyTorch not installed. Cannot use GNN method.
2026-10-09 04:05:24,774 - WARNING - GNN failed on rep 62: PyTorch not installed. Cannot use GNN method.
2026-10-09 04:05:25,846 - WARNING - GNN failed on rep 63: PyTorch not installed. Cannot use GNN method.
2026-10-09 04:05:26,956 - WARNING - GNN failed on rep 64: PyTorch not installed. Cannot use GNN method.
2026-10-09 04:05:28,039 - WARNING - GNN failed on rep 65: PyTorch not installed. Cannot use GNN method.
2026-10-09 04:05:30,025 - WARNING - GNN failed on rep 66: PyTorch not installed. Cannot use GNN method.
2026-10-09 04:05:31,129 - WARNING - GNN failed on rep 67: PyTorch not installed. Cannot use GNN method.
2026-10-09 04:05:32,239 - WARNING - GNN failed on rep 68: PyTorch not installed. Cannot use GNN method.
2026-10-09 04:05:33,284 - WARNING - GNN failed on rep 69: PyTorch not installed. Cannot use GNN method.
2026-10-09 04:05:34,331 - WARNING - GNN failed on rep 70: PyTorch not installed. Cannot use GNN method.
2026-10-09 04:05:35,426 - WARNING - GNN failed on rep 71: PyTorch not installed. Cannot use GNN method.
2026-10-09 04:05:36,505 - WARNING - GNN failed on rep 72: PyTorch not installed. Cannot use GNN method.
2026-10-09 04:05:37,593 - WARNING - GNN failed on rep 73: PyTorch not installed. Cannot use GNN method.
2026-10-09 04:05:38,665 - WARNING - GNN failed on rep 74: PyTorch not installed. Cannot use GNN method.
2026-10-09 04:05:39,712 - WARNING - GNN failed on rep 75: PyTorch not installed. Cannot use GNN method.
2026-10-09 04:05:40,836 - WARNING - GNN failed on rep 76: PyTorch not installed. Cannot use GNN method.
2026-10-09 04:05:41,855 - WARNING - GNN failed on rep 77: PyTorch not installed. Cannot use GNN method.
2026-10-09 04:05:42,916 - WARNING - GNN failed on rep 78: PyTorch not installed. Cannot use GNN method.
2026-10-09 04:05:43,996 - WARNING - GNN failed on rep 79: PyTorch not installed. Cannot use GNN method.
2026-10-09 04:05:45,105 - WARNING - GNN failed on rep 80: PyTorch not installed. Cannot use GNN method.
2026-10-09 04:05:46,165 - WARNING - GNN failed on rep 81: PyTorch not installed. Cannot use GNN method.
2026-10-09 04:05:47,277 - WARNING - GNN failed on rep 82: PyTorch not installed. Cannot use GNN method.
2026-10-09 04:05:48,383 - WARNING - GNN failed on rep 83: PyTorch not installed. Cannot use GNN method.
2026-10-09 04:05:49,566 - WARNING - GNN failed on rep 84: PyTorch not installed. Cannot use GNN method.
2026-10-09 04:05:50,706 - WARNING - GNN failed on rep 85: PyTorch not installed. Cannot use GNN method.
2026-10-09 04:05:51,761 - WARNING - GNN failed on rep 86: PyTorch not installed. Cannot use GNN method.
2026-10-09 04:05:52,819 - WARNING - GNN failed on rep 87: PyTorch not installed. Cannot use GNN method.
2026-10-09 04:05:53,896 - WARNING - GNN failed on rep 88: PyTorch not installed. Cannot use GNN method.
2026-10-09 04:05:54,976 - WARNING - GNN failed on rep 89: PyTorch not installed. Cannot use GNN method.
2026-10-09 04:05:56,087 - WARNING - GNN failed on rep 90: PyTorch not installed. Cannot use GNN method.
2026-10-09 04:05:57,159 - WARNING - GNN failed on rep 91: PyTorch not installed. Cannot use GNN method.
2026-10-09 04:05:58,237 - WARNING - GNN failed on rep 92: PyTorch not installed. Cannot use GNN method.
2026-10-09 04:05:59,331 - WARNING - GNN failed on rep 93: PyTorch not installed. Cannot use GNN method.
2026-10-09 04:06:00,410 - WARNING - GNN failed on rep 94: PyTorch not installed. Cannot use GNN method.
2026-10-09 04:06:01,508 - WARNING - GNN failed on rep 95: PyTorch not installed. Cannot use GNN method.
2026-10-09 04:06:02,611 - WARNING - GNN failed on rep 96: PyTorch not installed. Cannot use GNN method.
2026-10-09 04:06:03,681 - WARNING - GNN failed on rep 97: PyTorch not installed. Cannot use GNN method.
2026-10-09 04:06:04,787 - WARNING - GNN failed on rep 98: PyTorch not installed. Cannot use GNN method.
2026-10-09 04:06:05,898 - WARNING - GNN failed on rep 99: PyTorch not installed. Cannot use GNN method.
2026-10-09 04:06:05,906 - INFO - Completed: T200_N0.3_D4_DF3
2026-10-09 04:06:05,910 - INFO - Configuration 63/90
2026-10-09 04:06:05,910 - INFO - Starting configuration: T200_N0.3_D2_DF5
2026-10-09 04:06:07,564 - WARNING - GNN failed on rep 0: PyTorch not installed. Cannot use GNN method.
2026-10-09 04:06:08,635 - WARNING - GNN failed on rep 1: PyTorch not installed. Cannot use GNN method.
2026-10-09 04:06:09,730 - WARNING - GNN failed on rep 2: PyTorch not installed. Cannot use GNN method.
2026-10-09 04:06:10,990 - WARNING - GNN failed on rep 3: PyTorch not installed. Cannot use GNN method.
2026-10-09 04:06:12,140 - WARNING - GNN failed on rep 4: PyTorch not installed. Cannot use GNN method.
2026-10-09 04:06:13,248 - WARNING - GNN failed on rep 5: PyTorch not installed. Cannot use GNN method.
2026-10-09 04:06:14,307 - WARNING - GNN failed on rep 6: PyTorch not installed. Cannot use GNN method.
2026-10-09 04:06:15,406 - WARNING - GNN failed on rep 7: PyTorch not installed. Cannot use GNN method.
2026-10-09 04:06:16,479 - WARNING - GNN failed on rep 8: PyTorch not installed. Cannot use GNN method.
2026-10-09 04:06:17,559 - WARNING - GNN failed on rep 9: PyTorch not installed. Cannot use GNN method.
2026-10-09 04:06:18,609 - WARNING - GNN failed on rep 10: PyTorch not installed. Cannot use GNN method.
2026-10-09 04:06:19,795 - WARNING - GNN failed on rep 11: PyTorch not installed. Cannot use GNN method.
2026-10-09 04:06:20,857 - WARNING - GNN failed on rep 12: PyTorch not installed. Cannot use GNN method.
2026-10-09 04:06:21,921 - WARNING - GNN failed on rep 13: PyTorch not installed. Cannot use GNN method.
2026-10-09 04:06:22,982 - WARNING - GNN failed on rep 14: PyTorch not installed. Cannot use GNN method.
2026-10-09 04:06:24,121 - WARNING - GNN failed on rep 15: PyTorch not installed. Cannot use GNN method.
2026-10-09 04:06:25,237 - WARNING - GNN failed on rep 16: PyTorch not installed. Cannot use GNN method.
2026-10-09 04:06:26,347 - WARNING - GNN failed on rep 17: PyTorch not installed. Cannot use GNN method.
2026-10-09 04:06:27,545 - WARNING - GNN failed on rep 18: PyTorch not installed. Cannot use GNN method.
2026-10-09 04:06:29,133 - WARNING - GNN failed on rep 19: PyTorch not installed. Cannot use GNN method.
2026-10-09 04:06:30,254 - WARNING - GNN failed on rep 20: PyTorch not installed. Cannot use GNN method.
2026-10-09 04:06:31,301 - WARNING - GNN failed on rep 21: PyTorch not installed. Cannot use GNN method.
2026-10-09 04:06:32,456 - WARNING - GNN failed on rep 22: PyTorch not installed. Cannot use GNN method.
2026-10-09 04:06:33,583 - WARNING - GNN failed on rep 23: PyTorch not installed. Cannot use GNN method.
2026-10-09 04:06:34,697 - WARNING - GNN failed on rep 24: PyTorch not installed. Cannot use GNN method.
2026-10-09 04:06:35,805 - WARNING - GNN failed on rep 25: PyTorch not installed. Cannot use GNN method.
2026-10-09 04:06:36,884 - WARNING - GNN failed on rep 26: PyTorch not installed. Cannot use GNN method.
2026-10-09 04:06:37,998 - WARNING - GNN failed on rep 27: PyTorch not installed. Cannot use GNN method.
2026-10-09 04:06:39,032 - WARNING - GNN failed on rep 28: PyTorch not installed. Cannot use GNN method.
2026-10-09 04:06:40,099 - WARNING - GNN failed on rep 29: PyTorch not installed. Cannot use GNN method.
2026-10-09 04:06:41,170 - WARNING - GNN failed on rep 30: PyTorch not installed. Cannot use GNN method.
2026-10-09 04:06:42,208 - WARNING - GNN failed on rep 31: PyTorch not installed. Cannot use GNN method.
2026-10-09 04:06:43,239 - WARNING - GNN failed on rep 32: PyTorch not installed. Cannot use GNN method.
2026-10-09 04:06:44,356 - WARNING - GNN failed on rep 33: PyTorch not installed. Cannot use GNN method.
2026-10-09 04:06:45,450 - WARNING - GNN failed on rep 34: PyTorch not installed. Cannot use GNN method.
2026-10-09 04:06:46,512 - WARNING - GNN failed on rep 35: PyTorch not installed. Cannot use GNN method.
2026-10-09 04:06:47,688 - WARNING - GNN failed on rep 36: PyTorch not installed. Cannot use GNN method.
2026-10-09 04:06:48,718 - WARNING - GNN failed on rep 37: PyTorch not installed. Cannot use GNN method.
2026-10-09 04:06:49,768 - WARNING - GNN failed on rep 38: PyTorch not installed. Cannot use GNN method.
2026-10-09 04:06:50,860 - WARNING - GNN failed on rep 39: PyTorch not installed. Cannot use GNN method.
2026-10-09 04:06:51,917 - WARNING - GNN failed on rep 40: PyTorch not installed. Cannot use GNN method.
2026-10-09 04:06:53,052 - WARNING - GNN failed on rep 41: PyTorch not installed. Cannot use GNN method.
2026-10-09 04:06:54,081 - WARNING - GNN failed on rep 42: PyTorch not installed. Cannot use GNN method.
2026-10-09 04:06:55,144 - WARNING - GNN failed on rep 43: PyTorch not installed. Cannot use GNN method.
2026-10-09 04:06:56,195 - WARNING - GNN failed on rep 44: PyTorch not installed. Cannot use GNN method.
2026-10-09 04:06:57,250 - WARNING - GNN failed on rep 45: PyTorch not installed. Cannot use GNN method.
2026-10-09 04:06:58,340 - WARNING - GNN failed on rep 46: PyTorch not installed. Cannot use GNN method.
2026-10-09 04:06:59,377 - WARNING - GNN failed on rep 47: PyTorch not installed. Cannot use GNN method.
2026-10-09 04:07:00,444 - WARNING - GNN failed on rep 48: PyTorch not installed. Cannot use GNN method.
2026-10-09 04:07:01,540 - WARNING - GNN failed on rep 49: PyTorch not installed. Cannot use GNN method.
2026-10-09 04:07:02,647 - WARNING - GNN failed on rep 50: PyTorch not installed. Cannot use GNN method.
2026-10-09 04:07:03,716 - WARNING - GNN failed on rep 51: PyTorch not installed. Cannot use GNN method.
2026-10-09 04:07:04,796 - WARNING - GNN failed on rep 52: PyTorch not installed. Cannot use GNN method.
2026-10-09 04:07:06,013 - WARNING - GNN failed on rep 53: PyTorch not installed. Cannot use GNN method.
2026-10-09 04:07:07,072 - WARNING - GNN failed on rep 54: PyTorch not installed. Cannot use GNN method.
2026-10-09 04:07:08,114 - WARNING - GNN failed on rep 55: PyTorch not installed. Cannot use GNN method.
2026-10-09 04:07:09,178 - WARNING - GNN failed on rep 56: PyTorch not installed. Cannot use GNN method.
2026-10-09 04:07:10,222 - WARNING - GNN failed on rep 57: PyTorch not installed. Cannot use GNN method.
2026-10-09 04:07:11,278 - WARNING - GNN failed on rep 58: PyTorch not installed. Cannot use GNN method.
2026-10-09 04:07:12,361 - WARNING - GNN failed on rep 59: PyTorch not installed. Cannot use GNN method.
2026-10-09 04:07:13,481 - WARNING - GNN failed on rep 60: PyTorch not installed. Cannot use GNN method.
2026-10-09 04:07:14,589 - WARNING - GNN failed on rep 61: PyTorch not installed. Cannot use GNN method.
2026-10-09 04:07:15,630 - WARNING - GNN failed on rep 62: PyTorch not installed. Cannot use GNN method.
2026-10-09 04:07:16,672 - WARNING - GNN failed on rep 63: PyTorch not installed. Cannot use GNN method.
2026-10-09 04:07:17,728 - WARNING - GNN failed on rep 64: PyTorch not installed. Cannot use GNN method.
2026-10-09 04:07:18,760 - WARNING - GNN failed on rep 65: PyTorch not installed. Cannot use GNN method.
2026-10-09 04:07:19,822 - WARNING - GNN failed on rep 66: PyTorch not installed. Cannot use GNN method.
2026-10-09 04:07:20,855 - WARNING - GNN failed on rep 67: PyTorch not installed. Cannot use GNN method.
2026-10-09 04:07:21,945 - WARNING - GNN failed on rep 68: PyTorch not installed. Cannot use GNN method.
2026-10-09 04:07:23,025 - WARNING - GNN failed on rep 69: PyTorch not installed. Cannot use GNN method.
2026-10-09 04:07:24,197 - WARNING - GNN failed on rep 70: PyTorch not installed. Cannot use GNN method.
2026-10-09 04:07:25,258 - WARNING - GNN failed on rep 71: PyTorch not installed. Cannot use GNN method.
2026-10-09 04:07:26,303 - WARNING - GNN failed on rep 72: PyTorch not installed. Cannot use GNN method.
2026-10-09 04:07:27,346 - WARNING - GNN failed on rep 73: PyTorch not installed. Cannot use GNN method.
2026-10-09 04:07:28,658 - WARNING - GNN failed on rep 74: PyTorch not installed. Cannot use GNN method.
2026-10-09 04:07:29,980 - WARNING - GNN failed on rep 75: PyTorch not installed. Cannot use GNN method.
2026-10-09 04:07:31,045 - WARNING - GNN failed on rep 76: PyTorch not installed. Cannot use GNN method.
2026-10-09 04:07:32,126 - WARNING - GNN failed on rep 77: PyTorch not installed. Cannot use GNN method.
2026-10-09 04:07:33,216 - WARNING - GNN failed on rep 78: PyTorch not installed. Cannot use GNN method.
2026-10-09 04:07:34,285 - WARNING - GNN failed on rep 79: PyTorch not installed. Cannot use GNN method.
2026-10-09 04:07:35,377 - WARNING - GNN failed on rep 80: PyTorch not installed. Cannot use GNN method.
2026-10-09 04:07:36,489 - WARNING - GNN failed on rep 81: PyTorch not installed. Cannot use GNN method.
2026-10-09 04:07:37,566 - WARNING - GNN failed on rep 82: PyTorch not installed. Cannot use GNN method.
2026-10-09 04:07:38,629 - WARNING - GNN failed on rep 83: PyTorch not installed. Cannot use GNN method.
2026-10-09 04:07:39,724 - WARNING - GNN failed on rep 84: PyTorch not installed. Cannot use GNN method.
2026-10-09 04:07:40,827 - WARNING - GNN failed on rep 85: PyTorch not installed. Cannot use GNN method.
2026-10-09 04:07:41,900 - WARNING - GNN failed on rep 86: PyTorch not installed. Cannot use GNN method.
2026-10-09 04:07:43,083 - WARNING - GNN failed on rep 87: PyTorch not installed. Cannot use GNN method.
2026-10-09 04:07:44,133 - WARNING - GNN failed on rep 88: PyTorch not installed. Cannot use GNN method.
2026-10-09 04:07:45,191 - WARNING - GNN failed on rep 89: PyTorch not installed. Cannot use GNN method.
2026-10-09 04:07:46,265 - WARNING - GNN failed on rep 90: PyTorch not installed. Cannot use GNN method.
2026-10-09 04:07:47,364 - WARNING - GNN failed on rep 91: PyTorch not installed. Cannot use GNN method.
2026-10-09 04:07:48,441 - WARNING - GNN failed on rep 92: PyTorch not installed. Cannot use GNN method.
2026-10-09 04:07:49,512 - WARNING - GNN failed on rep 93: PyTorch not installed. Cannot use GNN method.
2026-10-09 04:07:50,578 - WARNING - GNN failed on rep 94: PyTorch not installed. Cannot use GNN method.
2026-10-09 04:07:51,625 - WARNING - GNN failed on rep 95: PyTorch not installed. Cannot use GNN method.
2026-10-09 04:07:52,750 - WARNING - GNN failed on rep 96: PyTorch not installed. Cannot use GNN method.
2026-10-09 04:07:53,898 - WARNING - GNN failed on rep 97: PyTorch not installed. Cannot use GNN method.
2026-10-09 04:07:54,964 - WARNING - GNN failed on rep 98: PyTorch not installed. Cannot use GNN method.
2026-10-09 04:07:56,108 - WARNING - GNN failed on rep 99: PyTorch not installed. Cannot use GNN method.
2026-10-09 04:07:56,114 - INFO - Completed: T200_N0.3_D2_DF5
2026-10-09 04:07:56,120 - INFO - Configuration 64/90
2026-10-09 04:07:56,120 - INFO - Starting configuration: T200_N0.3_D4_DF5
2026-10-09 04:07:57,649 - WARNING - GNN failed on rep 0: PyTorch not installed. Cannot use GNN method.
2026-10-09 04:07:58,715 - WARNING - GNN failed on rep 1: PyTorch not installed. Cannot use GNN method.
2026-10-09 04:07:59,789 - WARNING - GNN failed on rep 2: PyTorch not installed. Cannot use GNN method.
2026-10-09 04:08:01,021 - WARNING - GNN failed on rep 3: PyTorch not installed. Cannot use GNN method.
2026-10-09 04:08:02,065 - WARNING - GNN failed on rep 4: PyTorch not installed. Cannot use GNN method.
2026-10-09 04:08:03,120 - WARNING - GNN failed on rep 5: PyTorch not installed. Cannot use GNN method.
2026-10-09 04:08:04,174 - WARNING - GNN failed on rep 6: PyTorch not installed. Cannot use GNN method.
2026-10-09 04:08:05,670 - WARNING - GNN failed on rep 7: PyTorch not installed. Cannot use GNN method.
2026-10-09 04:08:07,102 - WARNING - GNN failed on rep 8: PyTorch not installed. Cannot use GNN method.
2026-10-09 04:08:08,212 - WARNING - GNN failed on rep 9: PyTorch not installed. Cannot use GNN method.
2026-10-09 04:08:09,346 - WARNING - GNN failed on rep 10: PyTorch not installed. Cannot use GNN method.
2026-10-09 04:08:10,435 - WARNING - GNN failed on rep 11: PyTorch not installed. Cannot use GNN method.
2026-10-09 04:08:11,527 - WARNING - GNN failed on rep 12: PyTorch not installed. Cannot use GNN method.
2026-10-09 04:08:12,607 - WARNING - GNN failed on rep 13: PyTorch not installed. Cannot use GNN method.
2026-10-09 04:08:13,659 - WARNING - GNN failed on rep 14: PyTorch not installed. Cannot use GNN method.
2026-10-09 04:08:14,980 - WARNING - GNN failed on rep 15: PyTorch not installed. Cannot use GNN method.
2026-10-09 04:08:16,096 - WARNING - GNN failed on rep 16: PyTorch not installed. Cannot use GNN method.
2026-10-09 04:08:17,238 - WARNING - GNN failed on rep 17: PyTorch not installed. Cannot use GNN method.
2026-10-09 04:08:18,283 - WARNING - GNN failed on rep 18: PyTorch not installed. Cannot use GNN method.
2026-10-09 04:08:19,329 - WARNING - GNN failed on rep 19: PyTorch not installed. Cannot use GNN method.
2026-10-09 04:08:20,509 - WARNING - GNN failed on rep 20: PyTorch not installed. Cannot use GNN method.
2026-10-09 04:08:21,542 - WARNING - GNN failed on rep 21: PyTorch not installed. Cannot use GNN method.
2026-10-09 04:08:22,613 - WARNING - GNN failed on rep 22: PyTorch not installed. Cannot use GNN method.
2026-10-09 04:08:23,737 - WARNING - GNN failed on rep 23: PyTorch not installed. Cannot use GNN method.
2026-10-09 04:08:24,812 - WARNING - GNN failed on rep 24: PyTorch not installed. Cannot use GNN method.
2026-10-09 04:08:25,884 - WARNING - GNN failed on rep 25: PyTorch not installed. Cannot use GNN method.
2026-10-09 04:08:26,926 - WARNING - GNN failed on rep 26: PyTorch not installed. Cannot use GNN method.
2026-10-09 04:08:28,005 - WARNING - GNN failed on rep 27: PyTorch not installed. Cannot use GNN method.
2026-10-09 04:08:29,860 - WARNING - GNN failed on rep 28: PyTorch not installed. Cannot use GNN method.
2026-10-09 04:08:30,914 - WARNING - GNN failed on rep 29: PyTorch not installed. Cannot use GNN method.
2026-10-09 04:08:32,003 - WARNING - GNN failed on rep 30: PyTorch not installed. Cannot use GNN method.
2026-10-09 04:08:33,119 - WARNING - GNN failed on rep 31: PyTorch not installed. Cannot use GNN method.
2026-10-09 04:08:34,181 - WARNING - GNN failed on rep 32: PyTorch not installed. Cannot use GNN method.
2026-10-09 04:08:35,212 - WARNING - GNN failed on rep 33: PyTorch not installed. Cannot use GNN method.
2026-10-09 04:08:36,265 - WARNING - GNN failed on rep 34: PyTorch not installed. Cannot use GNN method.
2026-10-09 04:08:37,373 - WARNING - GNN failed on rep 35: PyTorch not installed. Cannot use GNN method.
2026-10-09 04:08:38,477 - WARNING - GNN failed on rep 36: PyTorch not installed. Cannot use GNN method.
2026-10-09 04:08:39,566 - WARNING - GNN failed on rep 37: PyTorch not installed. Cannot use GNN method.
2026-10-09 04:08:40,732 - WARNING - GNN failed on rep 38: PyTorch not installed. Cannot use GNN method.
2026-10-09 04:08:41,832 - WARNING - GNN failed on rep 39: PyTorch not installed. Cannot use GNN method.
2026-10-09 04:08:42,905 - WARNING - GNN failed on rep 40: PyTorch not installed. Cannot use GNN method.
2026-10-09 04:08:43,986 - WARNING - GNN failed on rep 41: PyTorch not installed. Cannot use GNN method.
2026-10-09 04:08:45,050 - WARNING - GNN failed on rep 42: PyTorch not installed. Cannot use GNN method.
2026-10-09 04:08:46,090 - WARNING - GNN failed on rep 43: PyTorch not installed. Cannot use GNN method.
2026-10-09 04:08:47,134 - WARNING - GNN failed on rep 44: PyTorch not installed. Cannot use GNN method.
2026-10-09 04:08:48,156 - WARNING - GNN failed on rep 45: PyTorch not installed. Cannot use GNN method.
2026-10-09 04:08:49,185 - WARNING - GNN failed on rep 46: PyTorch not installed. Cannot use GNN method.
2026-10-09 04:08:50,232 - WARNING - GNN failed on rep 47: PyTorch not installed. Cannot use GNN method.
2026-10-09 04:08:51,286 - WARNING - GNN failed on rep 48: PyTorch not installed. Cannot use GNN method.
2026-10-09 04:08:52,328 - WARNING - GNN failed on rep 49: PyTorch not installed. Cannot use GNN method.
2026-10-09 04:08:53,358 - WARNING - GNN failed on rep 50: PyTorch not installed. Cannot use GNN method.
2026-10-09 04:08:54,407 - WARNING - GNN failed on rep 51: PyTorch not installed. Cannot use GNN method.
2026-10-09 04:08:55,447 - WARNING - GNN failed on rep 52: PyTorch not installed. Cannot use GNN method.
2026-10-09 04:08:56,502 - WARNING - GNN failed on rep 53: PyTorch not installed. Cannot use GNN method.
2026-10-09 04:08:57,563 - WARNING - GNN failed on rep 54: PyTorch not installed. Cannot use GNN method.
2026-10-09 04:08:58,621 - WARNING - GNN failed on rep 55: PyTorch not installed. Cannot use GNN method.
2026-10-09 04:08:59,783 - WARNING - GNN failed on rep 56: PyTorch not installed. Cannot use GNN method.
2026-10-09 04:09:00,829 - WARNING - GNN failed on rep 57: PyTorch not installed. Cannot use GNN method.
2026-10-09 04:09:01,855 - WARNING - GNN failed on rep 58: PyTorch not installed. Cannot use GNN method.
2026-10-09 04:09:02,875 - WARNING - GNN failed on rep 59: PyTorch not installed. Cannot use GNN method.
2026-10-09 04:09:03,991 - WARNING - GNN failed on rep 60: PyTorch not installed. Cannot use GNN method.
2026-10-09 04:09:05,011 - WARNING - GNN failed on rep 61: PyTorch not installed. Cannot use GNN method.
2026-10-09 04:09:06,094 - WARNING - GNN failed on rep 62: PyTorch not installed. Cannot use GNN method.
2026-10-09 04:09:07,129 - WARNING - GNN failed on rep 63: PyTorch not installed. Cannot use GNN method.
2026-10-09 04:09:08,168 - WARNING - GNN failed on rep 64: PyTorch not installed. Cannot use GNN method.
2026-10-09 04:09:09,214 - WARNING - GNN failed on rep 65: PyTorch not installed. Cannot use GNN method.
2026-10-09 04:09:10,263 - WARNING - GNN failed on rep 66: PyTorch not installed. Cannot use GNN method.
2026-10-09 04:09:11,326 - WARNING - GNN failed on rep 67: PyTorch not installed. Cannot use GNN method.
2026-10-09 04:09:12,393 - WARNING - GNN failed on rep 68: PyTorch not installed. Cannot use GNN method.
2026-10-09 04:09:13,462 - WARNING - GNN failed on rep 69: PyTorch not installed. Cannot use GNN method.
2026-10-09 04:09:14,507 - WARNING - GNN failed on rep 70: PyTorch not installed. Cannot use GNN method.
2026-10-09 04:09:15,565 - WARNING - GNN failed on rep 71: PyTorch not installed. Cannot use GNN method.
2026-10-09 04:09:16,613 - WARNING - GNN failed on rep 72: PyTorch not installed. Cannot use GNN method.
2026-10-09 04:09:17,812 - WARNING - GNN failed on rep 73: PyTorch not installed. Cannot use GNN method.
2026-10-09 04:09:18,858 - WARNING - GNN failed on rep 74: PyTorch not installed. Cannot use GNN method.
2026-10-09 04:09:19,904 - WARNING - GNN failed on rep 75: PyTorch not installed. Cannot use GNN method.
2026-10-09 04:09:21,071 - WARNING - GNN failed on rep 76: PyTorch not installed. Cannot use GNN method.
2026-10-09 04:09:22,198 - WARNING - GNN failed on rep 77: PyTorch not installed. Cannot use GNN method.
2026-10-09 04:09:23,356 - WARNING - GNN failed on rep 78: PyTorch not installed. Cannot use GNN method.
2026-10-09 04:09:24,407 - WARNING - GNN failed on rep 79: PyTorch not installed. Cannot use GNN method.
2026-10-09 04:09:25,480 - WARNING - GNN failed on rep 80: PyTorch not installed. Cannot use GNN method.
2026-10-09 04:09:26,550 - WARNING - GNN failed on rep 81: PyTorch not installed. Cannot use GNN method.
2026-10-09 04:09:27,641 - WARNING - GNN failed on rep 82: PyTorch not installed. Cannot use GNN method.
2026-10-09 04:09:29,373 - WARNING - GNN failed on rep 83: PyTorch not installed. Cannot use GNN method.
2026-10-09 04:09:30,452 - WARNING - GNN failed on rep 84: PyTorch not installed. Cannot use GNN method.
2026-10-09 04:09:31,507 - WARNING - GNN failed on rep 85: PyTorch not installed. Cannot use GNN method.
2026-10-09 04:09:32,542 - WARNING - GNN failed on rep 86: PyTorch not installed. Cannot use GNN method.
2026-10-09 04:09:33,600 - WARNING - GNN failed on rep 87: PyTorch not installed. Cannot use GNN method.
2026-10-09 04:09:34,661 - WARNING - GNN failed on rep 88: PyTorch not installed. Cannot use GNN method.
2026-10-09 04:09:35,727 - WARNING - GNN failed on rep 89: PyTorch not installed. Cannot use GNN method.
2026-10-09 04:09:36,881 - WARNING - GNN failed on rep 90: PyTorch not installed. Cannot use GNN method.
2026-10-09 04:09:37,946 - WARNING - GNN failed on rep 91: PyTorch not installed. Cannot use GNN method.
2026-10-09 04:09:38,994 - WARNING - GNN failed on rep 92: PyTorch not installed. Cannot use GNN method.
2026-10-09 04:09:40,037 - WARNING - GNN failed on rep 93: PyTorch not installed. Cannot use GNN method.
2026-10-09 04:09:41,084 - WARNING - GNN failed on rep 94: PyTorch not installed. Cannot use GNN method.
2026-10-09 04:09:42,134 - WARNING - GNN failed on rep 95: PyTorch not installed. Cannot use GNN method.
2026-10-09 04:09:43,182 - WARNING - GNN failed on rep 96: PyTorch not installed. Cannot use GNN method.
2026-10-09 04:09:44,245 - WARNING - GNN failed on rep 97: PyTorch not installed. Cannot use GNN method.
2026-10-09 04:09:45,303 - WARNING - GNN failed on rep 98: PyTorch not installed. Cannot use GNN method.
2026-10-09 04:09:46,382 - WARNING - GNN failed on rep 99: PyTorch not installed. Cannot use GNN method.
2026-10-09 04:09:46,392 - INFO - Completed: T200_N0.3_D4_DF5
2026-10-09 04:09:46,400 - INFO - Configuration 65/90
2026-10-09 04:09:46,400 - INFO - Starting configuration: T200_N0.3_D2_DF10
2026-10-09 04:09:47,923 - WARNING - GNN failed on rep 0: PyTorch not installed. Cannot use GNN method.
2026-10-09 04:09:49,005 - WARNING - GNN failed on rep 1: PyTorch not installed. Cannot use GNN method.
2026-10-09 04:09:50,056 - WARNING - GNN failed on rep 2: PyTorch not installed. Cannot use GNN method.
2026-10-09 04:09:51,121 - WARNING - GNN failed on rep 3: PyTorch not installed. Cannot use GNN method.
2026-10-09 04:09:52,250 - WARNING - GNN failed on rep 4: PyTorch not installed. Cannot use GNN method.
2026-10-09 04:09:53,326 - WARNING - GNN failed on rep 5: PyTorch not installed. Cannot use GNN method.
2026-10-09 04:09:54,490 - WARNING - GNN failed on rep 6: PyTorch not installed. Cannot use GNN method.
2026-10-09 04:09:55,555 - WARNING - GNN failed on rep 7: PyTorch not installed. Cannot use GNN method.
2026-10-09 04:09:56,600 - WARNING - GNN failed on rep 8: PyTorch not installed. Cannot use GNN method.
2026-10-09 04:09:57,655 - WARNING - GNN failed on rep 9: PyTorch not installed. Cannot use GNN method.
2026-10-09 04:09:58,758 - WARNING - GNN failed on rep 10: PyTorch not installed. Cannot use GNN method.
2026-10-09 04:09:59,851 - WARNING - GNN failed on rep 11: PyTorch not installed. Cannot use GNN method.
2026-10-09 04:10:00,938 - WARNING - GNN failed on rep 12: PyTorch not installed. Cannot use GNN method.
2026-10-09 04:10:02,004 - WARNING - GNN failed on rep 13: PyTorch not installed. Cannot use GNN method.
2026-10-09 04:10:03,076 - WARNING - GNN failed on rep 14: PyTorch not installed. Cannot use GNN method.
2026-10-09 04:10:04,135 - WARNING - GNN failed on rep 15: PyTorch not installed. Cannot use GNN method.
2026-10-09 04:10:05,221 - WARNING - GNN failed on rep 16: PyTorch not installed. Cannot use GNN method.
2026-10-09 04:10:06,309 - WARNING - GNN failed on rep 17: PyTorch not installed. Cannot use GNN method.
2026-10-09 04:10:07,417 - WARNING - GNN failed on rep 18: PyTorch not installed. Cannot use GNN method.
2026-10-09 04:10:08,477 - WARNING - GNN failed on rep 19: PyTorch not installed. Cannot use GNN method.
2026-10-09 04:10:09,528 - WARNING - GNN failed on rep 20: PyTorch not installed. Cannot use GNN method.
2026-10-09 04:10:10,592 - WARNING - GNN failed on rep 21: PyTorch not installed. Cannot use GNN method.
2026-10-09 04:10:11,762 - WARNING - GNN failed on rep 22: PyTorch not installed. Cannot use GNN method.
2026-10-09 04:10:12,826 - WARNING - GNN failed on rep 23: PyTorch not installed. Cannot use GNN method.
2026-10-09 04:10:14,354 - WARNING - GNN failed on rep 24: PyTorch not installed. Cannot use GNN method.
2026-10-09 04:10:15,652 - WARNING - GNN failed on rep 25: PyTorch not installed. Cannot use GNN method.
2026-10-09 04:10:16,852 - WARNING - GNN failed on rep 26: PyTorch not installed. Cannot use GNN method.
2026-10-09 04:10:17,987 - WARNING - GNN failed on rep 27: PyTorch not installed. Cannot use GNN method.
2026-10-09 04:10:19,046 - WARNING - GNN failed on rep 28: PyTorch not installed. Cannot use GNN method.
2026-10-09 04:10:20,097 - WARNING - GNN failed on rep 29: PyTorch not installed. Cannot use GNN method.
2026-10-09 04:10:21,170 - WARNING - GNN failed on rep 30: PyTorch not installed. Cannot use GNN method.
2026-10-09 04:10:22,246 - WARNING - GNN failed on rep 31: PyTorch not installed. Cannot use GNN method.
2026-10-09 04:10:23,289 - WARNING - GNN failed on rep 32: PyTorch not installed. Cannot use GNN method.
2026-10-09 04:10:24,342 - WARNING - GNN failed on rep 33: PyTorch not installed. Cannot use GNN method.
2026-10-09 04:10:25,377 - WARNING - GNN failed on rep 34: PyTorch not installed. Cannot use GNN method.
2026-10-09 04:10:26,448 - WARNING - GNN failed on rep 35: PyTorch not installed. Cannot use GNN method.
2026-10-09 04:10:27,531 - WARNING - GNN failed on rep 36: PyTorch not installed. Cannot use GNN method.
2026-10-09 04:10:28,959 - WARNING - GNN failed on rep 37: PyTorch not installed. Cannot use GNN method.
2026-10-09 04:10:30,279 - WARNING - GNN failed on rep 38: PyTorch not installed. Cannot use GNN method.
2026-10-09 04:10:31,384 - WARNING - GNN failed on rep 39: PyTorch not installed. Cannot use GNN method.
2026-10-09 04:10:32,467 - WARNING - GNN failed on rep 40: PyTorch not installed. Cannot use GNN method.
2026-10-09 04:10:33,519 - WARNING - GNN failed on rep 41: PyTorch not installed. Cannot use GNN method.
2026-10-09 04:10:34,738 - WARNING - GNN failed on rep 42: PyTorch not installed. Cannot use GNN method.
2026-10-09 04:10:35,828 - WARNING - GNN failed on rep 43: PyTorch not installed. Cannot use GNN method.
2026-10-09 04:10:36,880 - WARNING - GNN failed on rep 44: PyTorch not installed. Cannot use GNN method.
2026-10-09 04:10:37,965 - WARNING - GNN failed on rep 45: PyTorch not installed. Cannot use GNN method.
2026-10-09 04:10:39,060 - WARNING - GNN failed on rep 46: PyTorch not installed. Cannot use GNN method.
2026-10-09 04:10:40,220 - WARNING - GNN failed on rep 47: PyTorch not installed. Cannot use GNN method.
2026-10-09 04:10:41,273 - WARNING - GNN failed on rep 48: PyTorch not installed. Cannot use GNN method.
2026-10-09 04:10:42,361 - WARNING - GNN failed on rep 49: PyTorch not installed. Cannot use GNN method.
2026-10-09 04:10:43,415 - WARNING - GNN failed on rep 50: PyTorch not installed. Cannot use GNN method.
2026-10-09 04:10:44,531 - WARNING - GNN failed on rep 51: PyTorch not installed. Cannot use GNN method.
2026-10-09 04:10:45,600 - WARNING - GNN failed on rep 52: PyTorch not installed. Cannot use GNN method.
2026-10-09 04:10:46,648 - WARNING - GNN failed on rep 53: PyTorch not installed. Cannot use GNN method.
2026-10-09 04:10:47,745 - WARNING - GNN failed on rep 54: PyTorch not installed. Cannot use GNN method.
2026-10-09 04:10:48,825 - WARNING - GNN failed on rep 55: PyTorch not installed. Cannot use GNN method.
2026-10-09 04:10:49,919 - WARNING - GNN failed on rep 56: PyTorch not installed. Cannot use GNN method.
2026-10-09 04:10:50,954 - WARNING - GNN failed on rep 57: PyTorch not installed. Cannot use GNN method.
2026-10-09 04:10:52,004 - WARNING - GNN failed on rep 58: PyTorch not installed. Cannot use GNN method.
2026-10-09 04:10:53,213 - WARNING - GNN failed on rep 59: PyTorch not installed. Cannot use GNN method.
2026-10-09 04:10:54,278 - WARNING - GNN failed on rep 60: PyTorch not installed. Cannot use GNN method.
2026-10-09 04:10:55,363 - WARNING - GNN failed on rep 61: PyTorch not installed. Cannot use GNN method.
2026-10-09 04:10:56,439 - WARNING - GNN failed on rep 62: PyTorch not installed. Cannot use GNN method.
2026-10-09 04:10:57,527 - WARNING - GNN failed on rep 63: PyTorch not installed. Cannot use GNN method.
2026-10-09 04:10:58,593 - WARNING - GNN failed on rep 64: PyTorch not installed. Cannot use GNN method.
2026-10-09 04:10:59,636 - WARNING - GNN failed on rep 65: PyTorch not installed. Cannot use GNN method.
2026-10-09 04:11:00,721 - WARNING - GNN failed on rep 66: PyTorch not installed. Cannot use GNN method.
2026-10-09 04:11:01,837 - WARNING - GNN failed on rep 67: PyTorch not installed. Cannot use GNN method.
2026-10-09 04:11:02,866 - WARNING - GNN failed on rep 68: PyTorch not installed. Cannot use GNN method.
2026-10-09 04:11:03,942 - WARNING - GNN failed on rep 69: PyTorch not installed. Cannot use GNN method.
2026-10-09 04:11:05,037 - WARNING - GNN failed on rep 70: PyTorch not installed. Cannot use GNN method.
2026-10-09 04:11:06,150 - WARNING - GNN failed on rep 71: PyTorch not installed. Cannot use GNN method.
2026-10-09 04:11:07,194 - WARNING - GNN failed on rep 72: PyTorch not installed. Cannot use GNN method.
2026-10-09 04:11:08,302 - WARNING - GNN failed on rep 73: PyTorch not installed. Cannot use GNN method.
2026-10-09 04:11:09,358 - WARNING - GNN failed on rep 74: PyTorch not installed. Cannot use GNN method.
2026-10-09 04:11:10,461 - WARNING - GNN failed on rep 75: PyTorch not installed. Cannot use GNN method.
2026-10-09 04:11:11,532 - WARNING - GNN failed on rep 76: PyTorch not installed. Cannot use GNN method.
2026-10-09 04:11:12,749 - WARNING - GNN failed on rep 77: PyTorch not installed. Cannot use GNN method.
2026-10-09 04:11:13,833 - WARNING - GNN failed on rep 78: PyTorch not installed. Cannot use GNN method.
2026-10-09 04:11:14,894 - WARNING - GNN failed on rep 79: PyTorch not installed. Cannot use GNN method.
2026-10-09 04:11:16,008 - WARNING - GNN failed on rep 80: PyTorch not installed. Cannot use GNN method.
2026-10-09 04:11:17,084 - WARNING - GNN failed on rep 81: PyTorch not installed. Cannot use GNN method.
2026-10-09 04:11:18,155 - WARNING - GNN failed on rep 82: PyTorch not installed. Cannot use GNN method.
2026-10-09 04:11:19,224 - WARNING - GNN failed on rep 83: PyTorch not installed. Cannot use GNN method.
2026-10-09 04:11:20,291 - WARNING - GNN failed on rep 84: PyTorch not installed. Cannot use GNN method.
2026-10-09 04:11:21,359 - WARNING - GNN failed on rep 85: PyTorch not installed. Cannot use GNN method.
2026-10-09 04:11:22,435 - WARNING - GNN failed on rep 86: PyTorch not installed. Cannot use GNN method.
2026-10-09 04:11:23,485 - WARNING - GNN failed on rep 87: PyTorch not installed. Cannot use GNN method.
2026-10-09 04:11:24,582 - WARNING - GNN failed on rep 88: PyTorch not installed. Cannot use GNN method.
2026-10-09 04:11:25,667 - WARNING - GNN failed on rep 89: PyTorch not installed. Cannot use GNN method.
2026-10-09 04:11:26,725 - WARNING - GNN failed on rep 90: PyTorch not installed. Cannot use GNN method.
2026-10-09 04:11:27,837 - WARNING - GNN failed on rep 91: PyTorch not installed. Cannot use GNN method.
2026-10-09 04:11:29,383 - WARNING - GNN failed on rep 92: PyTorch not installed. Cannot use GNN method.
2026-10-09 04:11:30,478 - WARNING - GNN failed on rep 93: PyTorch not installed. Cannot use GNN method.
2026-10-09 04:11:31,558 - WARNING - GNN failed on rep 94: PyTorch not installed. Cannot use GNN method.
2026-10-09 04:11:32,790 - WARNING - GNN failed on rep 95: PyTorch not installed. Cannot use GNN method.
2026-10-09 04:11:33,904 - WARNING - GNN failed on rep 96: PyTorch not installed. Cannot use GNN method.
2026-10-09 04:11:35,011 - WARNING - GNN failed on rep 97: PyTorch not installed. Cannot use GNN method.
2026-10-09 04:11:36,068 - WARNING - GNN failed on rep 98: PyTorch not installed. Cannot use GNN method.
2026-10-09 04:11:37,146 - WARNING - GNN failed on rep 99: PyTorch not installed. Cannot use GNN method.
2026-10-09 04:11:37,152 - INFO - Completed: T200_N0.3_D2_DF10
2026-10-09 04:11:37,157 - INFO - Configuration 66/90
2026-10-09 04:11:37,158 - INFO - Starting configuration: T200_N0.3_D4_DF10
2026-10-09 04:11:38,641 - WARNING - GNN failed on rep 0: PyTorch not installed. Cannot use GNN method.
2026-10-09 04:11:39,693 - WARNING - GNN failed on rep 1: PyTorch not installed. Cannot use GNN method.
2026-10-09 04:11:40,732 - WARNING - GNN failed on rep 2: PyTorch not installed. Cannot use GNN method.
2026-10-09 04:11:41,796 - WARNING - GNN failed on rep 3: PyTorch not installed. Cannot use GNN method.
2026-10-09 04:11:42,823 - WARNING - GNN failed on rep 4: PyTorch not installed. Cannot use GNN method.
2026-10-09 04:11:43,870 - WARNING - GNN failed on rep 5: PyTorch not installed. Cannot use GNN method.
2026-10-09 04:11:44,893 - WARNING - GNN failed on rep 6: PyTorch not installed. Cannot use GNN method.
2026-10-09 04:11:45,924 - WARNING - GNN failed on rep 7: PyTorch not installed. Cannot use GNN method.
2026-10-09 04:11:46,961 - WARNING - GNN failed on rep 8: PyTorch not installed. Cannot use GNN method.
2026-10-09 04:11:47,986 - WARNING - GNN failed on rep 9: PyTorch not installed. Cannot use GNN method.
2026-10-09 04:11:49,127 - WARNING - GNN failed on rep 10: PyTorch not installed. Cannot use GNN method.
2026-10-09 04:11:50,167 - WARNING - GNN failed on rep 11: PyTorch not installed. Cannot use GNN method.
2026-10-09 04:11:51,244 - WARNING - GNN failed on rep 12: PyTorch not installed. Cannot use GNN method.
2026-10-09 04:11:52,290 - WARNING - GNN failed on rep 13: PyTorch not installed. Cannot use GNN method.
2026-10-09 04:11:53,321 - WARNING - GNN failed on rep 14: PyTorch not installed. Cannot use GNN method.
2026-10-09 04:11:54,386 - WARNING - GNN failed on rep 15: PyTorch not installed. Cannot use GNN method.
2026-10-09 04:11:55,416 - WARNING - GNN failed on rep 16: PyTorch not installed. Cannot use GNN method.
2026-10-09 04:11:56,462 - WARNING - GNN failed on rep 17: PyTorch not installed. Cannot use GNN method.
2026-10-09 04:11:57,480 - WARNING - GNN failed on rep 18: PyTorch not installed. Cannot use GNN method.
2026-10-09 04:11:58,532 - WARNING - GNN failed on rep 19: PyTorch not installed. Cannot use GNN method.
2026-10-09 04:11:59,595 - WARNING - GNN failed on rep 20: PyTorch not installed. Cannot use GNN method.
2026-10-09 04:12:00,649 - WARNING - GNN failed on rep 21: PyTorch not installed. Cannot use GNN method.
2026-10-09 04:12:01,725 - WARNING - GNN failed on rep 22: PyTorch not installed. Cannot use GNN method.
2026-10-09 04:12:02,815 - WARNING - GNN failed on rep 23: PyTorch not installed. Cannot use GNN method.
2026-10-09 04:12:03,843 - WARNING - GNN failed on rep 24: PyTorch not installed. Cannot use GNN method.
2026-10-09 04:12:04,891 - WARNING - GNN failed on rep 25: PyTorch not installed. Cannot use GNN method.
2026-10-09 04:12:05,948 - WARNING - GNN failed on rep 26: PyTorch not installed. Cannot use GNN method.
2026-10-09 04:12:07,110 - WARNING - GNN failed on rep 27: PyTorch not installed. Cannot use GNN method.
2026-10-09 04:12:08,166 - WARNING - GNN failed on rep 28: PyTorch not installed. Cannot use GNN method.
2026-10-09 04:12:09,221 - WARNING - GNN failed on rep 29: PyTorch not installed. Cannot use GNN method.
2026-10-09 04:12:10,258 - WARNING - GNN failed on rep 30: PyTorch not installed. Cannot use GNN method.
2026-10-09 04:12:11,324 - WARNING - GNN failed on rep 31: PyTorch not installed. Cannot use GNN method.
2026-10-09 04:12:12,368 - WARNING - GNN failed on rep 32: PyTorch not installed. Cannot use GNN method.
2026-10-09 04:12:13,414 - WARNING - GNN failed on rep 33: PyTorch not installed. Cannot use GNN method.
2026-10-09 04:12:14,446 - WARNING - GNN failed on rep 34: PyTorch not installed. Cannot use GNN method.
2026-10-09 04:12:15,522 - WARNING - GNN failed on rep 35: PyTorch not installed. Cannot use GNN method.
2026-10-09 04:12:16,560 - WARNING - GNN failed on rep 36: PyTorch not installed. Cannot use GNN method.
2026-10-09 04:12:17,610 - WARNING - GNN failed on rep 37: PyTorch not installed. Cannot use GNN method.
2026-10-09 04:12:18,676 - WARNING - GNN failed on rep 38: PyTorch not installed. Cannot use GNN method.
2026-10-09 04:12:19,803 - WARNING - GNN failed on rep 39: PyTorch not installed. Cannot use GNN method.
2026-10-09 04:12:20,964 - WARNING - GNN failed on rep 40: PyTorch not installed. Cannot use GNN method.
2026-10-09 04:12:22,034 - WARNING - GNN failed on rep 41: PyTorch not installed. Cannot use GNN method.
2026-10-09 04:12:23,089 - WARNING - GNN failed on rep 42: PyTorch not installed. Cannot use GNN method.
2026-10-09 04:12:24,162 - WARNING - GNN failed on rep 43: PyTorch not installed. Cannot use GNN method.
2026-10-09 04:12:25,312 - WARNING - GNN failed on rep 44: PyTorch not installed. Cannot use GNN method.
2026-10-09 04:12:26,382 - WARNING - GNN failed on rep 45: PyTorch not installed. Cannot use GNN method.
2026-10-09 04:12:27,435 - WARNING - GNN failed on rep 46: PyTorch not installed. Cannot use GNN method.
2026-10-09 04:12:28,819 - WARNING - GNN failed on rep 47: PyTorch not installed. Cannot use GNN method.
2026-10-09 04:12:30,029 - WARNING - GNN failed on rep 48: PyTorch not installed. Cannot use GNN method.
2026-10-09 04:12:31,065 - WARNING - GNN failed on rep 49: PyTorch not installed. Cannot use GNN method.
2026-10-09 04:12:32,121 - WARNING - GNN failed on rep 50: PyTorch not installed. Cannot use GNN method.
2026-10-09 04:12:33,175 - WARNING - GNN failed on rep 51: PyTorch not installed. Cannot use GNN method.
2026-10-09 04:12:35,426 - WARNING - GNN failed on rep 52: PyTorch not installed. Cannot use GNN method.
2026-10-09 04:12:37,514 - WARNING - GNN failed on rep 53: PyTorch not installed. Cannot use GNN method.
2026-10-09 04:12:39,688 - WARNING - GNN failed on rep 54: PyTorch not installed. Cannot use GNN method.
2026-10-09 04:12:41,804 - WARNING - GNN failed on rep 55: PyTorch not installed. Cannot use GNN method.
2026-10-09 04:12:44,180 - WARNING - GNN failed on rep 56: PyTorch not installed. Cannot use GNN method.
2026-10-09 04:12:46,267 - WARNING - GNN failed on rep 57: PyTorch not installed. Cannot use GNN method.
2026-10-09 04:12:48,436 - WARNING - GNN failed on rep 58: PyTorch not installed. Cannot use GNN method.
2026-10-09 04:12:50,904 - WARNING - GNN failed on rep 59: PyTorch not installed. Cannot use GNN method.
2026-10-09 04:12:53,194 - WARNING - GNN failed on rep 60: PyTorch not installed. Cannot use GNN method.
2026-10-09 04:12:54,918 - WARNING - GNN failed on rep 61: PyTorch not installed. Cannot use GNN method.
2026-10-09 04:12:56,017 - WARNING - GNN failed on rep 62: PyTorch not installed. Cannot use GNN method.
2026-10-09 04:12:57,095 - WARNING - GNN failed on rep 63: PyTorch not installed. Cannot use GNN method.
2026-10-09 04:12:58,160 - WARNING - GNN failed on rep 64: PyTorch not installed. Cannot use GNN method.
2026-10-09 04:12:59,248 - WARNING - GNN failed on rep 65: PyTorch not installed. Cannot use GNN method.
2026-10-09 04:13:00,393 - WARNING - GNN failed on rep 66: PyTorch not installed. Cannot use GNN method.
2026-10-09 04:13:01,496 - WARNING - GNN failed on rep 67: PyTorch not installed. Cannot use GNN method.
2026-10-09 04:13:02,599 - WARNING - GNN failed on rep 68: PyTorch not installed. Cannot use GNN method.
2026-10-09 04:13:03,708 - WARNING - GNN failed on rep 69: PyTorch not installed. Cannot use GNN method.
2026-10-09 04:13:04,827 - WARNING - GNN failed on rep 70: PyTorch not installed. Cannot use GNN method.
2026-10-09 04:13:06,032 - WARNING - GNN failed on rep 71: PyTorch not installed. Cannot use GNN method.
2026-10-09 04:13:07,464 - WARNING - GNN failed on rep 72: PyTorch not installed. Cannot use GNN method.
2026-10-09 04:13:08,590 - WARNING - GNN failed on rep 73: PyTorch not installed. Cannot use GNN method.
2026-10-09 04:13:09,738 - WARNING - GNN failed on rep 74: PyTorch not installed. Cannot use GNN method.
2026-10-09 04:13:10,878 - WARNING - GNN failed on rep 75: PyTorch not installed. Cannot use GNN method.
2026-10-09 04:13:12,031 - WARNING - GNN failed on rep 76: PyTorch not installed. Cannot use GNN method.
2026-10-09 04:13:13,153 - WARNING - GNN failed on rep 77: PyTorch not installed. Cannot use GNN method.
2026-10-09 04:13:14,284 - WARNING - GNN failed on rep 78: PyTorch not installed. Cannot use GNN method.
2026-10-09 04:13:15,373 - WARNING - GNN failed on rep 79: PyTorch not installed. Cannot use GNN method.
2026-10-09 04:13:16,442 - WARNING - GNN failed on rep 80: PyTorch not installed. Cannot use GNN method.
2026-10-09 04:13:17,573 - WARNING - GNN failed on rep 81: PyTorch not installed. Cannot use GNN method.
2026-10-09 04:13:18,641 - WARNING - GNN failed on rep 82: PyTorch not installed. Cannot use GNN method.
2026-10-09 04:13:19,741 - WARNING - GNN failed on rep 83: PyTorch not installed. Cannot use GNN method.
2026-10-09 04:13:20,865 - WARNING - GNN failed on rep 84: PyTorch not installed. Cannot use GNN method.
2026-10-09 04:13:21,964 - WARNING - GNN failed on rep 85: PyTorch not installed. Cannot use GNN method.
2026-10-09 04:13:23,064 - WARNING - GNN failed on rep 86: PyTorch not installed. Cannot use GNN method.
2026-10-09 04:13:24,296 - WARNING - GNN failed on rep 87: PyTorch not installed. Cannot use GNN method.
2026-10-09 04:13:25,422 - WARNING - GNN failed on rep 88: PyTorch not installed. Cannot use GNN method.
2026-10-09 04:13:26,528 - WARNING - GNN failed on rep 89: PyTorch not installed. Cannot use GNN method.
2026-10-09 04:13:27,653 - WARNING - GNN failed on rep 90: PyTorch not installed. Cannot use GNN method.
2026-10-09 04:13:29,564 - WARNING - GNN failed on rep 91: PyTorch not installed. Cannot use GNN method.
2026-10-09 04:13:30,706 - WARNING - GNN failed on rep 92: PyTorch not installed. Cannot use GNN method.
2026-10-09 04:13:31,818 - WARNING - GNN failed on rep 93: PyTorch not installed. Cannot use GNN method.
2026-10-09 04:13:32,914 - WARNING - GNN failed on rep 94: PyTorch not installed. Cannot use GNN method.
2026-10-09 04:13:34,061 - WARNING - GNN failed on rep 95: PyTorch not installed. Cannot use GNN method.
2026-10-09 04:13:35,149 - WARNING - GNN failed on rep 96: PyTorch not installed. Cannot use GNN method.
2026-10-09 04:13:36,227 - WARNING - GNN failed on rep 97: PyTorch not installed. Cannot use GNN method.
2026-10-09 04:13:37,343 - WARNING - GNN failed on rep 98: PyTorch not installed. Cannot use GNN method.
2026-10-09 04:13:38,423 - WARNING - GNN failed on rep 99: PyTorch not installed. Cannot use GNN method.
2026-10-09 04:13:38,432 - INFO - Completed: T200_N0.3_D4_DF10
2026-10-09 04:13:38,437 - INFO - Configuration 67/90
2026-10-09 04:13:38,438 - INFO - Starting configuration: T200_N0.5_D2_DF3
2026-10-09 04:13:40,061 - WARNING - GNN failed on rep 0: PyTorch not installed. Cannot use GNN method.
2026-10-09 04:13:41,314 - WARNING - GNN failed on rep 1: PyTorch not installed. Cannot use GNN method.
2026-10-09 04:13:42,433 - WARNING - GNN failed on rep 2: PyTorch not installed. Cannot use GNN method.
2026-10-09 04:13:43,503 - WARNING - GNN failed on rep 3: PyTorch not installed. Cannot use GNN method.
2026-10-09 04:13:44,622 - WARNING - GNN failed on rep 4: PyTorch not installed. Cannot use GNN method.
2026-10-09 04:13:45,733 - WARNING - GNN failed on rep 5: PyTorch not installed. Cannot use GNN method.
2026-10-09 04:13:47,381 - WARNING - GNN failed on rep 6: PyTorch not installed. Cannot use GNN method.
2026-10-09 04:13:48,606 - WARNING - GNN failed on rep 7: PyTorch not installed. Cannot use GNN method.
2026-10-09 04:13:49,761 - WARNING - GNN failed on rep 8: PyTorch not installed. Cannot use GNN method.
2026-10-09 04:13:50,889 - WARNING - GNN failed on rep 9: PyTorch not installed. Cannot use GNN method.
2026-10-09 04:13:52,010 - WARNING - GNN failed on rep 10: PyTorch not installed. Cannot use GNN method.
2026-10-09 04:13:53,108 - WARNING - GNN failed on rep 11: PyTorch not installed. Cannot use GNN method.
2026-10-09 04:13:54,195 - WARNING - GNN failed on rep 12: PyTorch not installed. Cannot use GNN method.
2026-10-09 04:13:55,241 - WARNING - GNN failed on rep 13: PyTorch not installed. Cannot use GNN method.
2026-10-09 04:13:56,318 - WARNING - GNN failed on rep 14: PyTorch not installed. Cannot use GNN method.
2026-10-09 04:13:57,429 - WARNING - GNN failed on rep 15: PyTorch not installed. Cannot use GNN method.
2026-10-09 04:13:58,510 - WARNING - GNN failed on rep 16: PyTorch not installed. Cannot use GNN method.
2026-10-09 04:13:59,581 - WARNING - GNN failed on rep 17: PyTorch not installed. Cannot use GNN method.
2026-10-09 04:14:00,785 - WARNING - GNN failed on rep 18: PyTorch not installed. Cannot use GNN method.
2026-10-09 04:14:01,874 - WARNING - GNN failed on rep 19: PyTorch not installed. Cannot use GNN method.
2026-10-09 04:14:02,927 - WARNING - GNN failed on rep 20: PyTorch not installed. Cannot use GNN method.
2026-10-09 04:14:03,974 - WARNING - GNN failed on rep 21: PyTorch not installed. Cannot use GNN method.
2026-10-09 04:14:05,111 - WARNING - GNN failed on rep 22: PyTorch not installed. Cannot use GNN method.
2026-10-09 04:14:06,186 - WARNING - GNN failed on rep 23: PyTorch not installed. Cannot use GNN method.
2026-10-09 04:14:07,244 - WARNING - GNN failed on rep 24: PyTorch not installed. Cannot use GNN method.
2026-10-09 04:14:08,330 - WARNING - GNN failed on rep 25: PyTorch not installed. Cannot use GNN method.
2026-10-09 04:14:09,415 - WARNING - GNN failed on rep 26: PyTorch not installed. Cannot use GNN method.
2026-10-09 04:14:10,473 - WARNING - GNN failed on rep 27: PyTorch not installed. Cannot use GNN method.
2026-10-09 04:14:11,552 - WARNING - GNN failed on rep 28: PyTorch not installed. Cannot use GNN method.
2026-10-09 04:14:12,602 - WARNING - GNN failed on rep 29: PyTorch not installed. Cannot use GNN method.
2026-10-09 04:14:13,664 - WARNING - GNN failed on rep 30: PyTorch not installed. Cannot use GNN method.
2026-10-09 04:14:14,740 - WARNING - GNN failed on rep 31: PyTorch not installed. Cannot use GNN method.
2026-10-09 04:14:15,804 - WARNING - GNN failed on rep 32: PyTorch not installed. Cannot use GNN method.
2026-10-09 04:14:16,911 - WARNING - GNN failed on rep 33: PyTorch not installed. Cannot use GNN method.
2026-10-09 04:14:18,017 - WARNING - GNN failed on rep 34: PyTorch not installed. Cannot use GNN method.
2026-10-09 04:14:19,062 - WARNING - GNN failed on rep 35: PyTorch not installed. Cannot use GNN method.
2026-10-09 04:14:20,239 - WARNING - GNN failed on rep 36: PyTorch not installed. Cannot use GNN method.
2026-10-09 04:14:21,259 - WARNING - GNN failed on rep 37: PyTorch not installed. Cannot use GNN method.
2026-10-09 04:14:22,399 - WARNING - GNN failed on rep 38: PyTorch not installed. Cannot use GNN method.
2026-10-09 04:14:23,522 - WARNING - GNN failed on rep 39: PyTorch not installed. Cannot use GNN method.
2026-10-09 04:14:24,572 - WARNING - GNN failed on rep 40: PyTorch not installed. Cannot use GNN method.
2026-10-09 04:14:25,603 - WARNING - GNN failed on rep 41: PyTorch not installed. Cannot use GNN method.
2026-10-09 04:14:26,701 - WARNING - GNN failed on rep 42: PyTorch not installed. Cannot use GNN method.
2026-10-09 04:14:27,804 - WARNING - GNN failed on rep 43: PyTorch not installed. Cannot use GNN method.
2026-10-09 04:14:29,669 - WARNING - GNN failed on rep 44: PyTorch not installed. Cannot use GNN method.
2026-10-09 04:14:30,739 - WARNING - GNN failed on rep 45: PyTorch not installed. Cannot use GNN method.
2026-10-09 04:14:31,833 - WARNING - GNN failed on rep 46: PyTorch not installed. Cannot use GNN method.
2026-10-09 04:14:32,904 - WARNING - GNN failed on rep 47: PyTorch not installed. Cannot use GNN method.
2026-10-09 04:14:34,017 - WARNING - GNN failed on rep 48: PyTorch not installed. Cannot use GNN method.
2026-10-09 04:14:35,082 - WARNING - GNN failed on rep 49: PyTorch not installed. Cannot use GNN method.
2026-10-09 04:14:36,161 - WARNING - GNN failed on rep 50: PyTorch not installed. Cannot use GNN method.
2026-10-09 04:14:37,297 - WARNING - GNN failed on rep 51: PyTorch not installed. Cannot use GNN method.
2026-10-09 04:14:38,355 - WARNING - GNN failed on rep 52: PyTorch not installed. Cannot use GNN method.
2026-10-09 04:14:39,534 - WARNING - GNN failed on rep 53: PyTorch not installed. Cannot use GNN method.
2026-10-09 04:14:40,568 - WARNING - GNN failed on rep 54: PyTorch not installed. Cannot use GNN method.
2026-10-09 04:14:41,619 - WARNING - GNN failed on rep 55: PyTorch not installed. Cannot use GNN method.
2026-10-09 04:14:42,647 - WARNING - GNN failed on rep 56: PyTorch not installed. Cannot use GNN method.
2026-10-09 04:14:43,694 - WARNING - GNN failed on rep 57: PyTorch not installed. Cannot use GNN method.
2026-10-09 04:14:44,777 - WARNING - GNN failed on rep 58: PyTorch not installed. Cannot use GNN method.
2026-10-09 04:14:45,814 - WARNING - GNN failed on rep 59: PyTorch not installed. Cannot use GNN method.
2026-10-09 04:14:46,861 - WARNING - GNN failed on rep 60: PyTorch not installed. Cannot use GNN method.
2026-10-09 04:14:47,895 - WARNING - GNN failed on rep 61: PyTorch not installed. Cannot use GNN method.
2026-10-09 04:14:48,934 - WARNING - GNN failed on rep 62: PyTorch not installed. Cannot use GNN method.
2026-10-09 04:14:49,974 - WARNING - GNN failed on rep 63: PyTorch not installed. Cannot use GNN method.
2026-10-09 04:14:51,010 - WARNING - GNN failed on rep 64: PyTorch not installed. Cannot use GNN method.
2026-10-09 04:14:52,075 - WARNING - GNN failed on rep 65: PyTorch not installed. Cannot use GNN method.
2026-10-09 04:14:53,138 - WARNING - GNN failed on rep 66: PyTorch not installed. Cannot use GNN method.
2026-10-09 04:14:54,201 - WARNING - GNN failed on rep 67: PyTorch not installed. Cannot use GNN method.
2026-10-09 04:14:55,638 - WARNING - GNN failed on rep 68: PyTorch not installed. Cannot use GNN method.
2026-10-09 04:14:56,734 - WARNING - GNN failed on rep 69: PyTorch not installed. Cannot use GNN method.
2026-10-09 04:14:57,948 - WARNING - GNN failed on rep 70: PyTorch not installed. Cannot use GNN method.
2026-10-09 04:14:59,026 - WARNING - GNN failed on rep 71: PyTorch not installed. Cannot use GNN method.
2026-10-09 04:15:00,108 - WARNING - GNN failed on rep 72: PyTorch not installed. Cannot use GNN method.
2026-10-09 04:15:01,443 - WARNING - GNN failed on rep 73: PyTorch not installed. Cannot use GNN method.
2026-10-09 04:15:03,079 - WARNING - GNN failed on rep 74: PyTorch not installed. Cannot use GNN method.
2026-10-09 04:15:04,153 - WARNING - GNN failed on rep 75: PyTorch not installed. Cannot use GNN method.
2026-10-09 04:15:05,252 - WARNING - GNN failed on rep 76: PyTorch not installed. Cannot use GNN method.
2026-10-09 04:15:06,743 - WARNING - GNN failed on rep 77: PyTorch not installed. Cannot use GNN method.
2026-10-09 04:15:08,585 - WARNING - GNN failed on rep 78: PyTorch not installed. Cannot use GNN method.
2026-10-09 04:15:10,222 - WARNING - GNN failed on rep 79: PyTorch not installed. Cannot use GNN method.
2026-10-09 04:15:11,586 - WARNING - GNN failed on rep 80: PyTorch not installed. Cannot use GNN method.
2026-10-09 04:15:12,992 - WARNING - GNN failed on rep 81: PyTorch not installed. Cannot use GNN method.
2026-10-09 04:15:14,291 - WARNING - GNN failed on rep 82: PyTorch not installed. Cannot use GNN method.
2026-10-09 04:15:15,427 - WARNING - GNN failed on rep 83: PyTorch not installed. Cannot use GNN method.
2026-10-09 04:15:16,901 - WARNING - GNN failed on rep 84: PyTorch not installed. Cannot use GNN method.
2026-10-09 04:15:17,972 - WARNING - GNN failed on rep 85: PyTorch not installed. Cannot use GNN method.
2026-10-09 04:15:19,082 - WARNING - GNN failed on rep 86: PyTorch not installed. Cannot use GNN method.
2026-10-09 04:15:20,331 - WARNING - GNN failed on rep 87: PyTorch not installed. Cannot use GNN method.
2026-10-09 04:15:21,400 - WARNING - GNN failed on rep 88: PyTorch not installed. Cannot use GNN method.
2026-10-09 04:15:22,519 - WARNING - GNN failed on rep 89: PyTorch not installed. Cannot use GNN method.
2026-10-09 04:15:23,588 - WARNING - GNN failed on rep 90: PyTorch not installed. Cannot use GNN method.
2026-10-09 04:15:24,673 - WARNING - GNN failed on rep 91: PyTorch not installed. Cannot use GNN method.
2026-10-09 04:15:25,786 - WARNING - GNN failed on rep 92: PyTorch not installed. Cannot use GNN method.
2026-10-09 04:15:26,927 - WARNING - GNN failed on rep 93: PyTorch not installed. Cannot use GNN method.
2026-10-09 04:15:28,000 - WARNING - GNN failed on rep 94: PyTorch not installed. Cannot use GNN method.
2026-10-09 04:15:29,672 - WARNING - GNN failed on rep 95: PyTorch not installed. Cannot use GNN method.
2026-10-09 04:15:30,936 - WARNING - GNN failed on rep 96: PyTorch not installed. Cannot use GNN method.
2026-10-09 04:15:32,019 - WARNING - GNN failed on rep 97: PyTorch not installed. Cannot use GNN method.
2026-10-09 04:15:33,075 - WARNING - GNN failed on rep 98: PyTorch not installed. Cannot use GNN method.
2026-10-09 04:15:34,173 - WARNING - GNN failed on rep 99: PyTorch not installed. Cannot use GNN method.
2026-10-09 04:15:34,181 - INFO - Completed: T200_N0.5_D2_DF3
2026-10-09 04:15:34,186 - INFO - Configuration 68/90
2026-10-09 04:15:34,187 - INFO - Starting configuration: T200_N0.5_D4_DF3
2026-10-09 04:15:35,732 - WARNING - GNN failed on rep 0: PyTorch not installed. Cannot use GNN method.
2026-10-09 04:15:36,790 - WARNING - GNN failed on rep 1: PyTorch not installed. Cannot use GNN method.
2026-10-09 04:15:37,855 - WARNING - GNN failed on rep 2: PyTorch not installed. Cannot use GNN method.
2026-10-09 04:15:38,934 - WARNING - GNN failed on rep 3: PyTorch not installed. Cannot use GNN method.
2026-10-09 04:15:39,979 - WARNING - GNN failed on rep 4: PyTorch not installed. Cannot use GNN method.
2026-10-09 04:15:41,051 - WARNING - GNN failed on rep 5: PyTorch not installed. Cannot use GNN method.
2026-10-09 04:15:42,124 - WARNING - GNN failed on rep 6: PyTorch not installed. Cannot use GNN method.
2026-10-09 04:15:43,179 - WARNING - GNN failed on rep 7: PyTorch not installed. Cannot use GNN method.
2026-10-09 04:15:44,245 - WARNING - GNN failed on rep 8: PyTorch not installed. Cannot use GNN method.
2026-10-09 04:15:45,395 - WARNING - GNN failed on rep 9: PyTorch not installed. Cannot use GNN method.
2026-10-09 04:15:46,513 - WARNING - GNN failed on rep 10: PyTorch not installed. Cannot use GNN method.
2026-10-09 04:15:47,614 - WARNING - GNN failed on rep 11: PyTorch not installed. Cannot use GNN method.
2026-10-09 04:15:48,856 - WARNING - GNN failed on rep 12: PyTorch not installed. Cannot use GNN method.
2026-10-09 04:15:49,916 - WARNING - GNN failed on rep 13: PyTorch not installed. Cannot use GNN method.
2026-10-09 04:15:50,993 - WARNING - GNN failed on rep 14: PyTorch not installed. Cannot use GNN method.
2026-10-09 04:15:52,094 - WARNING - GNN failed on rep 15: PyTorch not installed. Cannot use GNN method.
2026-10-09 04:15:53,217 - WARNING - GNN failed on rep 16: PyTorch not installed. Cannot use GNN method.
2026-10-09 04:15:54,295 - WARNING - GNN failed on rep 17: PyTorch not installed. Cannot use GNN method.
2026-10-09 04:15:55,415 - WARNING - GNN failed on rep 18: PyTorch not installed. Cannot use GNN method.
2026-10-09 04:15:56,519 - WARNING - GNN failed on rep 19: PyTorch not installed. Cannot use GNN method.
2026-10-09 04:15:57,595 - WARNING - GNN failed on rep 20: PyTorch not installed. Cannot use GNN method.
2026-10-09 04:15:58,697 - WARNING - GNN failed on rep 21: PyTorch not installed. Cannot use GNN method.
2026-10-09 04:15:59,769 - WARNING - GNN failed on rep 22: PyTorch not installed. Cannot use GNN method.
2026-10-09 04:16:00,893 - WARNING - GNN failed on rep 23: PyTorch not installed. Cannot use GNN method.
2026-10-09 04:16:01,970 - WARNING - GNN failed on rep 24: PyTorch not installed. Cannot use GNN method.
2026-10-09 04:16:03,021 - WARNING - GNN failed on rep 25: PyTorch not installed. Cannot use GNN method.
2026-10-09 04:16:04,126 - WARNING - GNN failed on rep 26: PyTorch not installed. Cannot use GNN method.
2026-10-09 04:16:05,213 - WARNING - GNN failed on rep 27: PyTorch not installed. Cannot use GNN method.
2026-10-09 04:16:06,302 - WARNING - GNN failed on rep 28: PyTorch not installed. Cannot use GNN method.
2026-10-09 04:16:07,429 - WARNING - GNN failed on rep 29: PyTorch not installed. Cannot use GNN method.
2026-10-09 04:16:08,659 - WARNING - GNN failed on rep 30: PyTorch not installed. Cannot use GNN method.
2026-10-09 04:16:09,760 - WARNING - GNN failed on rep 31: PyTorch not installed. Cannot use GNN method.
2026-10-09 04:16:10,850 - WARNING - GNN failed on rep 32: PyTorch not installed. Cannot use GNN method.
2026-10-09 04:16:12,083 - WARNING - GNN failed on rep 33: PyTorch not installed. Cannot use GNN method.
2026-10-09 04:16:13,246 - WARNING - GNN failed on rep 34: PyTorch not installed. Cannot use GNN method.
2026-10-09 04:16:14,379 - WARNING - GNN failed on rep 35: PyTorch not installed. Cannot use GNN method.
2026-10-09 04:16:15,464 - WARNING - GNN failed on rep 36: PyTorch not installed. Cannot use GNN method.
2026-10-09 04:16:16,569 - WARNING - GNN failed on rep 37: PyTorch not installed. Cannot use GNN method.
2026-10-09 04:16:17,641 - WARNING - GNN failed on rep 38: PyTorch not installed. Cannot use GNN method.
2026-10-09 04:16:18,738 - WARNING - GNN failed on rep 39: PyTorch not installed. Cannot use GNN method.
2026-10-09 04:16:19,805 - WARNING - GNN failed on rep 40: PyTorch not installed. Cannot use GNN method.
2026-10-09 04:16:20,902 - WARNING - GNN failed on rep 41: PyTorch not installed. Cannot use GNN method.
2026-10-09 04:16:22,002 - WARNING - GNN failed on rep 42: PyTorch not installed. Cannot use GNN method.
2026-10-09 04:16:23,075 - WARNING - GNN failed on rep 43: PyTorch not installed. Cannot use GNN method.
2026-10-09 04:16:24,139 - WARNING - GNN failed on rep 44: PyTorch not installed. Cannot use GNN method.
2026-10-09 04:16:25,248 - WARNING - GNN failed on rep 45: PyTorch not installed. Cannot use GNN method.
2026-10-09 04:16:26,296 - WARNING - GNN failed on rep 46: PyTorch not installed. Cannot use GNN method.
2026-10-09 04:16:27,441 - WARNING - GNN failed on rep 47: PyTorch not installed. Cannot use GNN method.
2026-10-09 04:16:29,167 - WARNING - GNN failed on rep 48: PyTorch not installed. Cannot use GNN method.
2026-10-09 04:16:30,308 - WARNING - GNN failed on rep 49: PyTorch not installed. Cannot use GNN method.
2026-10-09 04:16:31,407 - WARNING - GNN failed on rep 50: PyTorch not installed. Cannot use GNN method.
2026-10-09 04:16:32,505 - WARNING - GNN failed on rep 51: PyTorch not installed. Cannot use GNN method.
2026-10-09 04:16:33,584 - WARNING - GNN failed on rep 52: PyTorch not installed. Cannot use GNN method.
2026-10-09 04:16:34,649 - WARNING - GNN failed on rep 53: PyTorch not installed. Cannot use GNN method.
2026-10-09 04:16:35,756 - WARNING - GNN failed on rep 54: PyTorch not installed. Cannot use GNN method.
2026-10-09 04:16:36,849 - WARNING - GNN failed on rep 55: PyTorch not installed. Cannot use GNN method.
2026-10-09 04:16:37,929 - WARNING - GNN failed on rep 56: PyTorch not installed. Cannot use GNN method.
2026-10-09 04:16:39,007 - WARNING - GNN failed on rep 57: PyTorch not installed. Cannot use GNN method.
2026-10-09 04:16:40,098 - WARNING - GNN failed on rep 58: PyTorch not installed. Cannot use GNN method.
2026-10-09 04:16:41,178 - WARNING - GNN failed on rep 59: PyTorch not installed. Cannot use GNN method.
2026-10-09 04:16:42,287 - WARNING - GNN failed on rep 60: PyTorch not installed. Cannot use GNN method.
2026-10-09 04:16:43,380 - WARNING - GNN failed on rep 61: PyTorch not installed. Cannot use GNN method.
2026-10-09 04:16:44,458 - WARNING - GNN failed on rep 62: PyTorch not installed. Cannot use GNN method.
2026-10-09 04:16:45,544 - WARNING - GNN failed on rep 63: PyTorch not installed. Cannot use GNN method.
2026-10-09 04:16:46,620 - WARNING - GNN failed on rep 64: PyTorch not installed. Cannot use GNN method.
2026-10-09 04:16:47,910 - WARNING - GNN failed on rep 65: PyTorch not installed. Cannot use GNN method.
2026-10-09 04:16:48,993 - WARNING - GNN failed on rep 66: PyTorch not installed. Cannot use GNN method.
2026-10-09 04:16:50,072 - WARNING - GNN failed on rep 67: PyTorch not installed. Cannot use GNN method.
2026-10-09 04:16:51,149 - WARNING - GNN failed on rep 68: PyTorch not installed. Cannot use GNN method.
2026-10-09 04:16:52,213 - WARNING - GNN failed on rep 69: PyTorch not installed. Cannot use GNN method.
2026-10-09 04:16:53,308 - WARNING - GNN failed on rep 70: PyTorch not installed. Cannot use GNN method.
2026-10-09 04:16:54,347 - WARNING - GNN failed on rep 71: PyTorch not installed. Cannot use GNN method.
2026-10-09 04:16:55,438 - WARNING - GNN failed on rep 72: PyTorch not installed. Cannot use GNN method.
2026-10-09 04:16:56,529 - WARNING - GNN failed on rep 73: PyTorch not installed. Cannot use GNN method.
2026-10-09 04:16:57,609 - WARNING - GNN failed on rep 74: PyTorch not installed. Cannot use GNN method.
2026-10-09 04:16:58,655 - WARNING - GNN failed on rep 75: PyTorch not installed. Cannot use GNN method.
2026-10-09 04:16:59,758 - WARNING - GNN failed on rep 76: PyTorch not installed. Cannot use GNN method.
2026-10-09 04:17:00,846 - WARNING - GNN failed on rep 77: PyTorch not installed. Cannot use GNN method.
2026-10-09 04:17:01,931 - WARNING - GNN failed on rep 78: PyTorch not installed. Cannot use GNN method.
2026-10-09 04:17:03,030 - WARNING - GNN failed on rep 79: PyTorch not installed. Cannot use GNN method.
2026-10-09 04:17:04,126 - WARNING - GNN failed on rep 80: PyTorch not installed. Cannot use GNN method.
2026-10-09 04:17:05,248 - WARNING - GNN failed on rep 81: PyTorch not installed. Cannot use GNN method.
2026-10-09 04:17:06,351 - WARNING - GNN failed on rep 82: PyTorch not installed. Cannot use GNN method.
2026-10-09 04:17:07,580 - WARNING - GNN failed on rep 83: PyTorch not installed. Cannot use GNN method.
2026-10-09 04:17:08,695 - WARNING - GNN failed on rep 84: PyTorch not installed. Cannot use GNN method.
2026-10-09 04:17:09,795 - WARNING - GNN failed on rep 85: PyTorch not installed. Cannot use GNN method.
2026-10-09 04:17:10,938 - WARNING - GNN failed on rep 86: PyTorch not installed. Cannot use GNN method.
2026-10-09 04:17:12,002 - WARNING - GNN failed on rep 87: PyTorch not installed. Cannot use GNN method.
2026-10-09 04:17:13,098 - WARNING - GNN failed on rep 88: PyTorch not installed. Cannot use GNN method.
2026-10-09 04:17:14,207 - WARNING - GNN failed on rep 89: PyTorch not installed. Cannot use GNN method.
2026-10-09 04:17:15,321 - WARNING - GNN failed on rep 90: PyTorch not installed. Cannot use GNN method.
2026-10-09 04:17:16,370 - WARNING - GNN failed on rep 91: PyTorch not installed. Cannot use GNN method.
2026-10-09 04:17:17,495 - WARNING - GNN failed on rep 92: PyTorch not installed. Cannot use GNN method.
2026-10-09 04:17:18,561 - WARNING - GNN failed on rep 93: PyTorch not installed. Cannot use GNN method.
2026-10-09 04:17:19,677 - WARNING - GNN failed on rep 94: PyTorch not installed. Cannot use GNN method.
2026-10-09 04:17:20,731 - WARNING - GNN failed on rep 95: PyTorch not installed. Cannot use GNN method.
2026-10-09 04:17:21,845 - WARNING - GNN failed on rep 96: PyTorch not installed. Cannot use GNN method.
2026-10-09 04:17:22,905 - WARNING - GNN failed on rep 97: PyTorch not installed. Cannot use GNN method.
2026-10-09 04:17:23,991 - WARNING - GNN failed on rep 98: PyTorch not installed. Cannot use GNN method.
2026-10-09 04:17:25,043 - WARNING - GNN failed on rep 99: PyTorch not installed. Cannot use GNN method.
2026-10-09 04:17:25,051 - INFO - Completed: T200_N0.5_D4_DF3
2026-10-09 04:17:25,056 - INFO - Configuration 69/90
2026-10-09 04:17:25,056 - INFO - Starting configuration: T200_N0.5_D2_DF5
2026-10-09 04:17:26,821 - WARNING - GNN failed on rep 0: PyTorch not installed. Cannot use GNN method.
2026-10-09 04:17:28,079 - WARNING - GNN failed on rep 1: PyTorch not installed. Cannot use GNN method.
2026-10-09 04:17:29,750 - WARNING - GNN failed on rep 2: PyTorch not installed. Cannot use GNN method.
2026-10-09 04:17:30,829 - WARNING - GNN failed on rep 3: PyTorch not installed. Cannot use GNN method.
2026-10-09 04:17:31,940 - WARNING - GNN failed on rep 4: PyTorch not installed. Cannot use GNN method.
2026-10-09 04:17:33,012 - WARNING - GNN failed on rep 5: PyTorch not installed. Cannot use GNN method.
2026-10-09 04:17:34,081 - WARNING - GNN failed on rep 6: PyTorch not installed. Cannot use GNN method.
2026-10-09 04:17:35,181 - WARNING - GNN failed on rep 7: PyTorch not installed. Cannot use GNN method.
2026-10-09 04:17:36,254 - WARNING - GNN failed on rep 8: PyTorch not installed. Cannot use GNN method.
2026-10-09 04:17:37,315 - WARNING - GNN failed on rep 9: PyTorch not installed. Cannot use GNN method.
2026-10-09 04:17:38,375 - WARNING - GNN failed on rep 10: PyTorch not installed. Cannot use GNN method.
2026-10-09 04:17:39,431 - WARNING - GNN failed on rep 11: PyTorch not installed. Cannot use GNN method.
2026-10-09 04:17:40,532 - WARNING - GNN failed on rep 12: PyTorch not installed. Cannot use GNN method.
2026-10-09 04:17:41,599 - WARNING - GNN failed on rep 13: PyTorch not installed. Cannot use GNN method.
2026-10-09 04:17:42,738 - WARNING - GNN failed on rep 14: PyTorch not installed. Cannot use GNN method.
2026-10-09 04:17:43,787 - WARNING - GNN failed on rep 15: PyTorch not installed. Cannot use GNN method.
2026-10-09 04:17:44,967 - WARNING - GNN failed on rep 16: PyTorch not installed. Cannot use GNN method.
2026-10-09 04:17:46,006 - WARNING - GNN failed on rep 17: PyTorch not installed. Cannot use GNN method.
2026-10-09 04:17:47,098 - WARNING - GNN failed on rep 18: PyTorch not installed. Cannot use GNN method.
2026-10-09 04:17:48,163 - WARNING - GNN failed on rep 19: PyTorch not installed. Cannot use GNN method.
2026-10-09 04:17:49,241 - WARNING - GNN failed on rep 20: PyTorch not installed. Cannot use GNN method.
2026-10-09 04:17:50,348 - WARNING - GNN failed on rep 21: PyTorch not installed. Cannot use GNN method.
2026-10-09 04:17:51,427 - WARNING - GNN failed on rep 22: PyTorch not installed. Cannot use GNN method.
2026-10-09 04:17:52,496 - WARNING - GNN failed on rep 23: PyTorch not installed. Cannot use GNN method.
2026-10-09 04:17:53,555 - WARNING - GNN failed on rep 24: PyTorch not installed. Cannot use GNN method.
2026-10-09 04:17:54,600 - WARNING - GNN failed on rep 25: PyTorch not installed. Cannot use GNN method.
2026-10-09 04:17:55,690 - WARNING - GNN failed on rep 26: PyTorch not installed. Cannot use GNN method.
2026-10-09 04:17:56,753 - WARNING - GNN failed on rep 27: PyTorch not installed. Cannot use GNN method.
2026-10-09 04:17:57,843 - WARNING - GNN failed on rep 28: PyTorch not installed. Cannot use GNN method.
2026-10-09 04:17:58,936 - WARNING - GNN failed on rep 29: PyTorch not installed. Cannot use GNN method.
2026-10-09 04:18:00,046 - WARNING - GNN failed on rep 30: PyTorch not installed. Cannot use GNN method.
2026-10-09 04:18:01,145 - WARNING - GNN failed on rep 31: PyTorch not installed. Cannot use GNN method.
2026-10-09 04:18:02,240 - WARNING - GNN failed on rep 32: PyTorch not installed. Cannot use GNN method.
2026-10-09 04:18:03,297 - WARNING - GNN failed on rep 33: PyTorch not installed. Cannot use GNN method.
2026-10-09 04:18:04,449 - WARNING - GNN failed on rep 34: PyTorch not installed. Cannot use GNN method.
2026-10-09 04:18:05,539 - WARNING - GNN failed on rep 35: PyTorch not installed. Cannot use GNN method.
2026-10-09 04:18:06,615 - WARNING - GNN failed on rep 36: PyTorch not installed. Cannot use GNN method.
2026-10-09 04:18:07,733 - WARNING - GNN failed on rep 37: PyTorch not installed. Cannot use GNN method.
2026-10-09 04:18:08,796 - WARNING - GNN failed on rep 38: PyTorch not installed. Cannot use GNN method.
2026-10-09 04:18:09,894 - WARNING - GNN failed on rep 39: PyTorch not installed. Cannot use GNN method.
2026-10-09 04:18:11,049 - WARNING - GNN failed on rep 40: PyTorch not installed. Cannot use GNN method.
2026-10-09 04:18:12,129 - WARNING - GNN failed on rep 41: PyTorch not installed. Cannot use GNN method.
2026-10-09 04:18:13,229 - WARNING - GNN failed on rep 42: PyTorch not installed. Cannot use GNN method.
2026-10-09 04:18:14,309 - WARNING - GNN failed on rep 43: PyTorch not installed. Cannot use GNN method.
2026-10-09 04:18:15,394 - WARNING - GNN failed on rep 44: PyTorch not installed. Cannot use GNN method.
2026-10-09 04:18:16,462 - WARNING - GNN failed on rep 45: PyTorch not installed. Cannot use GNN method.
2026-10-09 04:18:17,568 - WARNING - GNN failed on rep 46: PyTorch not installed. Cannot use GNN method.
2026-10-09 04:18:18,614 - WARNING - GNN failed on rep 47: PyTorch not installed. Cannot use GNN method.
2026-10-09 04:18:19,642 - WARNING - GNN failed on rep 48: PyTorch not installed. Cannot use GNN method.
2026-10-09 04:18:20,738 - WARNING - GNN failed on rep 49: PyTorch not installed. Cannot use GNN method.
2026-10-09 04:18:21,804 - WARNING - GNN failed on rep 50: PyTorch not installed. Cannot use GNN method.
2026-10-09 04:18:22,954 - WARNING - GNN failed on rep 51: PyTorch not installed. Cannot use GNN method.
2026-10-09 04:18:24,141 - WARNING - GNN failed on rep 52: PyTorch not installed. Cannot use GNN method.
2026-10-09 04:18:25,253 - WARNING - GNN failed on rep 53: PyTorch not installed. Cannot use GNN method.
2026-10-09 04:18:26,529 - WARNING - GNN failed on rep 54: PyTorch not installed. Cannot use GNN method.
2026-10-09 04:18:27,591 - WARNING - GNN failed on rep 55: PyTorch not installed. Cannot use GNN method.
2026-10-09 04:18:29,224 - WARNING - GNN failed on rep 56: PyTorch not installed. Cannot use GNN method.
2026-10-09 04:18:30,325 - WARNING - GNN failed on rep 57: PyTorch not installed. Cannot use GNN method.
2026-10-09 04:18:31,461 - WARNING - GNN failed on rep 58: PyTorch not installed. Cannot use GNN method.
2026-10-09 04:18:32,539 - WARNING - GNN failed on rep 59: PyTorch not installed. Cannot use GNN method.
2026-10-09 04:18:33,567 - WARNING - GNN failed on rep 60: PyTorch not installed. Cannot use GNN method.
2026-10-09 04:18:34,648 - WARNING - GNN failed on rep 61: PyTorch not installed. Cannot use GNN method.
2026-10-09 04:18:35,751 - WARNING - GNN failed on rep 62: PyTorch not installed. Cannot use GNN method.
2026-10-09 04:18:36,822 - WARNING - GNN failed on rep 63: PyTorch not installed. Cannot use GNN method.
2026-10-09 04:18:37,871 - WARNING - GNN failed on rep 64: PyTorch not installed. Cannot use GNN method.
2026-10-09 04:18:38,931 - WARNING - GNN failed on rep 65: PyTorch not installed. Cannot use GNN method.
2026-10-09 04:18:40,014 - WARNING - GNN failed on rep 66: PyTorch not installed. Cannot use GNN method.
2026-10-09 04:18:41,081 - WARNING - GNN failed on rep 67: PyTorch not installed. Cannot use GNN method.
2026-10-09 04:18:42,118 - WARNING - GNN failed on rep 68: PyTorch not installed. Cannot use GNN method.
2026-10-09 04:18:43,268 - WARNING - GNN failed on rep 69: PyTorch not installed. Cannot use GNN method.
2026-10-09 04:18:44,295 - WARNING - GNN failed on rep 70: PyTorch not installed. Cannot use GNN method.
2026-10-09 04:18:45,325 - WARNING - GNN failed on rep 71: PyTorch not installed. Cannot use GNN method.
2026-10-09 04:18:46,363 - WARNING - GNN failed on rep 72: PyTorch not installed. Cannot use GNN method.
2026-10-09 04:18:47,395 - WARNING - GNN failed on rep 73: PyTorch not installed. Cannot use GNN method.
2026-10-09 04:18:48,446 - WARNING - GNN failed on rep 74: PyTorch not installed. Cannot use GNN method.
2026-10-09 04:18:49,489 - WARNING - GNN failed on rep 75: PyTorch not installed. Cannot use GNN method.
2026-10-09 04:18:50,500 - WARNING - GNN failed on rep 76: PyTorch not installed. Cannot use GNN method.
2026-10-09 04:18:51,544 - WARNING - GNN failed on rep 77: PyTorch not installed. Cannot use GNN method.
2026-10-09 04:18:52,596 - WARNING - GNN failed on rep 78: PyTorch not installed. Cannot use GNN method.
2026-10-09 04:18:53,780 - WARNING - GNN failed on rep 79: PyTorch not installed. Cannot use GNN method.
2026-10-09 04:18:55,012 - WARNING - GNN failed on rep 80: PyTorch not installed. Cannot use GNN method.
2026-10-09 04:18:56,163 - WARNING - GNN failed on rep 81: PyTorch not installed. Cannot use GNN method.
2026-10-09 04:18:57,327 - WARNING - GNN failed on rep 82: PyTorch not installed. Cannot use GNN method.
2026-10-09 04:18:58,392 - WARNING - GNN failed on rep 83: PyTorch not installed. Cannot use GNN method.
2026-10-09 04:18:59,453 - WARNING - GNN failed on rep 84: PyTorch not installed. Cannot use GNN method.
2026-10-09 04:19:00,508 - WARNING - GNN failed on rep 85: PyTorch not installed. Cannot use GNN method.
2026-10-09 04:19:01,677 - WARNING - GNN failed on rep 86: PyTorch not installed. Cannot use GNN method.
2026-10-09 04:19:02,710 - WARNING - GNN failed on rep 87: PyTorch not installed. Cannot use GNN method.
2026-10-09 04:19:03,751 - WARNING - GNN failed on rep 88: PyTorch not installed. Cannot use GNN method.
2026-10-09 04:19:04,823 - WARNING - GNN failed on rep 89: PyTorch not installed. Cannot use GNN method.
2026-10-09 04:19:05,874 - WARNING - GNN failed on rep 90: PyTorch not installed. Cannot use GNN method.
2026-10-09 04:19:06,942 - WARNING - GNN failed on rep 91: PyTorch not installed. Cannot use GNN method.
2026-10-09 04:19:07,993 - WARNING - GNN failed on rep 92: PyTorch not installed. Cannot use GNN method.
2026-10-09 04:19:09,055 - WARNING - GNN failed on rep 93: PyTorch not installed. Cannot use GNN method.
2026-10-09 04:19:10,106 - WARNING - GNN failed on rep 94: PyTorch not installed. Cannot use GNN method.
2026-10-09 04:19:11,174 - WARNING - GNN failed on rep 95: PyTorch not installed. Cannot use GNN method.
2026-10-09 04:19:12,225 - WARNING - GNN failed on rep 96: PyTorch not installed. Cannot use GNN method.
2026-10-09 04:19:13,302 - WARNING - GNN failed on rep 97: PyTorch not installed. Cannot use GNN method.
2026-10-09 04:19:14,574 - WARNING - GNN failed on rep 98: PyTorch not installed. Cannot use GNN method.
2026-10-09 04:19:15,645 - WARNING - GNN failed on rep 99: PyTorch not installed. Cannot use GNN method.
2026-10-09 04:19:15,653 - INFO - Completed: T200_N0.5_D2_DF5
2026-10-09 04:19:15,658 - INFO - Configuration 70/90
2026-10-09 04:19:15,658 - INFO - Starting configuration: T200_N0.5_D4_DF5
2026-10-09 04:19:17,231 - WARNING - GNN failed on rep 0: PyTorch not installed. Cannot use GNN method.
2026-10-09 04:19:18,433 - WARNING - GNN failed on rep 1: PyTorch not installed. Cannot use GNN method.
2026-10-09 04:19:19,478 - WARNING - GNN failed on rep 2: PyTorch not installed. Cannot use GNN method.
2026-10-09 04:19:20,533 - WARNING - GNN failed on rep 3: PyTorch not installed. Cannot use GNN method.
2026-10-09 04:19:21,605 - WARNING - GNN failed on rep 4: PyTorch not installed. Cannot use GNN method.
2026-10-09 04:19:22,659 - WARNING - GNN failed on rep 5: PyTorch not installed. Cannot use GNN method.
2026-10-09 04:19:23,707 - WARNING - GNN failed on rep 6: PyTorch not installed. Cannot use GNN method.
2026-10-09 04:19:24,757 - WARNING - GNN failed on rep 7: PyTorch not installed. Cannot use GNN method.
2026-10-09 04:19:25,832 - WARNING - GNN failed on rep 8: PyTorch not installed. Cannot use GNN method.
2026-10-09 04:19:27,111 - WARNING - GNN failed on rep 9: PyTorch not installed. Cannot use GNN method.
2026-10-09 04:19:28,201 - WARNING - GNN failed on rep 10: PyTorch not installed. Cannot use GNN method.
2026-10-09 04:19:29,845 - WARNING - GNN failed on rep 11: PyTorch not installed. Cannot use GNN method.
2026-10-09 04:19:30,938 - WARNING - GNN failed on rep 12: PyTorch not installed. Cannot use GNN method.
2026-10-09 04:19:32,023 - WARNING - GNN failed on rep 13: PyTorch not installed. Cannot use GNN method.
2026-10-09 04:19:33,074 - WARNING - GNN failed on rep 14: PyTorch not installed. Cannot use GNN method.
2026-10-09 04:19:34,135 - WARNING - GNN failed on rep 15: PyTorch not installed. Cannot use GNN method.
2026-10-09 04:19:35,217 - WARNING - GNN failed on rep 16: PyTorch not installed. Cannot use GNN method.
2026-10-09 04:19:36,272 - WARNING - GNN failed on rep 17: PyTorch not installed. Cannot use GNN method.
2026-10-09 04:19:37,343 - WARNING - GNN failed on rep 18: PyTorch not installed. Cannot use GNN method.
2026-10-09 04:19:38,526 - WARNING - GNN failed on rep 19: PyTorch not installed. Cannot use GNN method.
2026-10-09 04:19:39,582 - WARNING - GNN failed on rep 20: PyTorch not installed. Cannot use GNN method.
2026-10-09 04:19:40,625 - WARNING - GNN failed on rep 21: PyTorch not installed. Cannot use GNN method.
2026-10-09 04:19:41,679 - WARNING - GNN failed on rep 22: PyTorch not installed. Cannot use GNN method.
2026-10-09 04:19:42,735 - WARNING - GNN failed on rep 23: PyTorch not installed. Cannot use GNN method.
2026-10-09 04:19:43,772 - WARNING - GNN failed on rep 24: PyTorch not installed. Cannot use GNN method.
2026-10-09 04:19:44,866 - WARNING - GNN failed on rep 25: PyTorch not installed. Cannot use GNN method.
2026-10-09 04:19:45,927 - WARNING - GNN failed on rep 26: PyTorch not installed. Cannot use GNN method.
2026-10-09 04:19:46,997 - WARNING - GNN failed on rep 27: PyTorch not installed. Cannot use GNN method.
2026-10-09 04:19:48,108 - WARNING - GNN failed on rep 28: PyTorch not installed. Cannot use GNN method.
2026-10-09 04:19:49,202 - WARNING - GNN failed on rep 29: PyTorch not installed. Cannot use GNN method.
2026-10-09 04:19:50,262 - WARNING - GNN failed on rep 30: PyTorch not installed. Cannot use GNN method.
2026-10-09 04:19:51,336 - WARNING - GNN failed on rep 31: PyTorch not installed. Cannot use GNN method.
2026-10-09 04:19:52,416 - WARNING - GNN failed on rep 32: PyTorch not installed. Cannot use GNN method.
2026-10-09 04:19:53,490 - WARNING - GNN failed on rep 33: PyTorch not installed. Cannot use GNN method.
2026-10-09 04:19:54,546 - WARNING - GNN failed on rep 34: PyTorch not installed. Cannot use GNN method.
2026-10-09 04:19:55,656 - WARNING - GNN failed on rep 35: PyTorch not installed. Cannot use GNN method.
2026-10-09 04:19:56,751 - WARNING - GNN failed on rep 36: PyTorch not installed. Cannot use GNN method.
2026-10-09 04:19:57,955 - WARNING - GNN failed on rep 37: PyTorch not installed. Cannot use GNN method.
2026-10-09 04:19:59,047 - WARNING - GNN failed on rep 38: PyTorch not installed. Cannot use GNN method.
2026-10-09 04:20:00,130 - WARNING - GNN failed on rep 39: PyTorch not installed. Cannot use GNN method.
2026-10-09 04:20:01,225 - WARNING - GNN failed on rep 40: PyTorch not installed. Cannot use GNN method.
2026-10-09 04:20:02,325 - WARNING - GNN failed on rep 41: PyTorch not installed. Cannot use GNN method.
2026-10-09 04:20:03,396 - WARNING - GNN failed on rep 42: PyTorch not installed. Cannot use GNN method.
2026-10-09 04:20:04,452 - WARNING - GNN failed on rep 43: PyTorch not installed. Cannot use GNN method.
2026-10-09 04:20:05,513 - WARNING - GNN failed on rep 44: PyTorch not installed. Cannot use GNN method.
2026-10-09 04:20:06,587 - WARNING - GNN failed on rep 45: PyTorch not installed. Cannot use GNN method.
2026-10-09 04:20:07,662 - WARNING - GNN failed on rep 46: PyTorch not installed. Cannot use GNN method.
2026-10-09 04:20:08,750 - WARNING - GNN failed on rep 47: PyTorch not installed. Cannot use GNN method.
2026-10-09 04:20:09,868 - WARNING - GNN failed on rep 48: PyTorch not installed. Cannot use GNN method.
2026-10-09 04:20:10,947 - WARNING - GNN failed on rep 49: PyTorch not installed. Cannot use GNN method.
2026-10-09 04:20:12,078 - WARNING - GNN failed on rep 50: PyTorch not installed. Cannot use GNN method.
2026-10-09 04:20:13,210 - WARNING - GNN failed on rep 51: PyTorch not installed. Cannot use GNN method.
2026-10-09 04:20:14,600 - WARNING - GNN failed on rep 52: PyTorch not installed. Cannot use GNN method.
2026-10-09 04:20:15,669 - WARNING - GNN failed on rep 53: PyTorch not installed. Cannot use GNN method.
2026-10-09 04:20:16,921 - WARNING - GNN failed on rep 54: PyTorch not installed. Cannot use GNN method.
2026-10-09 04:20:18,160 - WARNING - GNN failed on rep 55: PyTorch not installed. Cannot use GNN method.
2026-10-09 04:20:19,263 - WARNING - GNN failed on rep 56: PyTorch not installed. Cannot use GNN method.
2026-10-09 04:20:20,350 - WARNING - GNN failed on rep 57: PyTorch not installed. Cannot use GNN method.
2026-10-09 04:20:21,418 - WARNING - GNN failed on rep 58: PyTorch not installed. Cannot use GNN method.
2026-10-09 04:20:22,501 - WARNING - GNN failed on rep 59: PyTorch not installed. Cannot use GNN method.
2026-10-09 04:20:23,594 - WARNING - GNN failed on rep 60: PyTorch not installed. Cannot use GNN method.
2026-10-09 04:20:24,691 - WARNING - GNN failed on rep 61: PyTorch not installed. Cannot use GNN method.
2026-10-09 04:20:25,829 - WARNING - GNN failed on rep 62: PyTorch not installed. Cannot use GNN method.
2026-10-09 04:20:26,919 - WARNING - GNN failed on rep 63: PyTorch not installed. Cannot use GNN method.
2026-10-09 04:20:27,964 - WARNING - GNN failed on rep 64: PyTorch not installed. Cannot use GNN method.
2026-10-09 04:20:29,517 - WARNING - GNN failed on rep 65: PyTorch not installed. Cannot use GNN method.
2026-10-09 04:20:30,598 - WARNING - GNN failed on rep 66: PyTorch not installed. Cannot use GNN method.
2026-10-09 04:20:31,692 - WARNING - GNN failed on rep 67: PyTorch not installed. Cannot use GNN method.
2026-10-09 04:20:32,771 - WARNING - GNN failed on rep 68: PyTorch not installed. Cannot use GNN method.
2026-10-09 04:20:33,854 - WARNING - GNN failed on rep 69: PyTorch not installed. Cannot use GNN method.
2026-10-09 04:20:34,949 - WARNING - GNN failed on rep 70: PyTorch not installed. Cannot use GNN method.
2026-10-09 04:20:36,048 - WARNING - GNN failed on rep 71: PyTorch not installed. Cannot use GNN method.
2026-10-09 04:20:37,233 - WARNING - GNN failed on rep 72: PyTorch not installed. Cannot use GNN method.
2026-10-09 04:20:38,466 - WARNING - GNN failed on rep 73: PyTorch not installed. Cannot use GNN method.
2026-10-09 04:20:39,528 - WARNING - GNN failed on rep 74: PyTorch not installed. Cannot use GNN method.
2026-10-09 04:20:40,649 - WARNING - GNN failed on rep 75: PyTorch not installed. Cannot use GNN method.
2026-10-09 04:20:41,720 - WARNING - GNN failed on rep 76: PyTorch not installed. Cannot use GNN method.
2026-10-09 04:20:42,825 - WARNING - GNN failed on rep 77: PyTorch not installed. Cannot use GNN method.
2026-10-09 04:20:43,906 - WARNING - GNN failed on rep 78: PyTorch not installed. Cannot use GNN method.
2026-10-09 04:20:45,020 - WARNING - GNN failed on rep 79: PyTorch not installed. Cannot use GNN method.
2026-10-09 04:20:46,141 - WARNING - GNN failed on rep 80: PyTorch not installed. Cannot use GNN method.
2026-10-09 04:20:47,230 - WARNING - GNN failed on rep 81: PyTorch not installed. Cannot use GNN method.
2026-10-09 04:20:48,322 - WARNING - GNN failed on rep 82: PyTorch not installed. Cannot use GNN method.
2026-10-09 04:20:49,359 - WARNING - GNN failed on rep 83: PyTorch not installed. Cannot use GNN method.
2026-10-09 04:20:50,440 - WARNING - GNN failed on rep 84: PyTorch not installed. Cannot use GNN method.
2026-10-09 04:20:51,523 - WARNING - GNN failed on rep 85: PyTorch not installed. Cannot use GNN method.
2026-10-09 04:20:52,600 - WARNING - GNN failed on rep 86: PyTorch not installed. Cannot use GNN method.
2026-10-09 04:20:53,693 - WARNING - GNN failed on rep 87: PyTorch not installed. Cannot use GNN method.
2026-10-09 04:20:54,808 - WARNING - GNN failed on rep 88: PyTorch not installed. Cannot use GNN method.
2026-10-09 04:20:55,872 - WARNING - GNN failed on rep 89: PyTorch not installed. Cannot use GNN method.
2026-10-09 04:20:56,935 - WARNING - GNN failed on rep 90: PyTorch not installed. Cannot use GNN method.
2026-10-09 04:20:58,150 - WARNING - GNN failed on rep 91: PyTorch not installed. Cannot use GNN method.
2026-10-09 04:20:59,242 - WARNING - GNN failed on rep 92: PyTorch not installed. Cannot use GNN method.
2026-10-09 04:21:00,341 - WARNING - GNN failed on rep 93: PyTorch not installed. Cannot use GNN method.
2026-10-09 04:21:01,379 - WARNING - GNN failed on rep 94: PyTorch not installed. Cannot use GNN method.
2026-10-09 04:21:02,501 - WARNING - GNN failed on rep 95: PyTorch not installed. Cannot use GNN method.
2026-10-09 04:21:03,572 - WARNING - GNN failed on rep 96: PyTorch not installed. Cannot use GNN method.
2026-10-09 04:21:04,659 - WARNING - GNN failed on rep 97: PyTorch not installed. Cannot use GNN method.
2026-10-09 04:21:05,764 - WARNING - GNN failed on rep 98: PyTorch not installed. Cannot use GNN method.
2026-10-09 04:21:06,877 - WARNING - GNN failed on rep 99: PyTorch not installed. Cannot use GNN method.
2026-10-09 04:21:06,885 - INFO - Completed: T200_N0.5_D4_DF5
2026-10-09 04:21:06,890 - INFO - Configuration 71/90
2026-10-09 04:21:06,890 - INFO - Starting configuration: T200_N0.5_D2_DF10
2026-10-09 04:21:08,521 - WARNING - GNN failed on rep 0: PyTorch not installed. Cannot use GNN method.
2026-10-09 04:21:09,588 - WARNING - GNN failed on rep 1: PyTorch not installed. Cannot use GNN method.
2026-10-09 04:21:10,740 - WARNING - GNN failed on rep 2: PyTorch not installed. Cannot use GNN method.
2026-10-09 04:21:12,019 - WARNING - GNN failed on rep 3: PyTorch not installed. Cannot use GNN method.
2026-10-09 04:21:13,329 - WARNING - GNN failed on rep 4: PyTorch not installed. Cannot use GNN method.
2026-10-09 04:21:14,418 - WARNING - GNN failed on rep 5: PyTorch not installed. Cannot use GNN method.
2026-10-09 04:21:15,530 - WARNING - GNN failed on rep 6: PyTorch not installed. Cannot use GNN method.
2026-10-09 04:21:16,620 - WARNING - GNN failed on rep 7: PyTorch not installed. Cannot use GNN method.
2026-10-09 04:21:17,711 - WARNING - GNN failed on rep 8: PyTorch not installed. Cannot use GNN method.
2026-10-09 04:21:18,856 - WARNING - GNN failed on rep 9: PyTorch not installed. Cannot use GNN method.
2026-10-09 04:21:19,931 - WARNING - GNN failed on rep 10: PyTorch not installed. Cannot use GNN method.
2026-10-09 04:21:21,027 - WARNING - GNN failed on rep 11: PyTorch not installed. Cannot use GNN method.
2026-10-09 04:21:22,142 - WARNING - GNN failed on rep 12: PyTorch not installed. Cannot use GNN method.
2026-10-09 04:21:23,224 - WARNING - GNN failed on rep 13: PyTorch not installed. Cannot use GNN method.
2026-10-09 04:21:24,306 - WARNING - GNN failed on rep 14: PyTorch not installed. Cannot use GNN method.
2026-10-09 04:21:25,367 - WARNING - GNN failed on rep 15: PyTorch not installed. Cannot use GNN method.
2026-10-09 04:21:26,425 - WARNING - GNN failed on rep 16: PyTorch not installed. Cannot use GNN method.
2026-10-09 04:21:27,503 - WARNING - GNN failed on rep 17: PyTorch not installed. Cannot use GNN method.
2026-10-09 04:21:29,068 - WARNING - GNN failed on rep 18: PyTorch not installed. Cannot use GNN method.
2026-10-09 04:21:30,354 - WARNING - GNN failed on rep 19: PyTorch not installed. Cannot use GNN method.
2026-10-09 04:21:31,457 - WARNING - GNN failed on rep 20: PyTorch not installed. Cannot use GNN method.
2026-10-09 04:21:32,564 - WARNING - GNN failed on rep 21: PyTorch not installed. Cannot use GNN method.
2026-10-09 04:21:33,661 - WARNING - GNN failed on rep 22: PyTorch not installed. Cannot use GNN method.
2026-10-09 04:21:34,746 - WARNING - GNN failed on rep 23: PyTorch not installed. Cannot use GNN method.
2026-10-09 04:21:35,838 - WARNING - GNN failed on rep 24: PyTorch not installed. Cannot use GNN method.
2026-10-09 04:21:36,901 - WARNING - GNN failed on rep 25: PyTorch not installed. Cannot use GNN method.
2026-10-09 04:21:37,990 - WARNING - GNN failed on rep 26: PyTorch not installed. Cannot use GNN method.
2026-10-09 04:21:39,095 - WARNING - GNN failed on rep 27: PyTorch not installed. Cannot use GNN method.
2026-10-09 04:21:40,201 - WARNING - GNN failed on rep 28: PyTorch not installed. Cannot use GNN method.
2026-10-09 04:21:41,290 - WARNING - GNN failed on rep 29: PyTorch not installed. Cannot use GNN method.
2026-10-09 04:21:42,416 - WARNING - GNN failed on rep 30: PyTorch not installed. Cannot use GNN method.
2026-10-09 04:21:43,539 - WARNING - GNN failed on rep 31: PyTorch not installed. Cannot use GNN method.
2026-10-09 04:21:44,617 - WARNING - GNN failed on rep 32: PyTorch not installed. Cannot use GNN method.
2026-10-09 04:21:45,677 - WARNING - GNN failed on rep 33: PyTorch not installed. Cannot use GNN method.
2026-10-09 04:21:46,820 - WARNING - GNN failed on rep 34: PyTorch not installed. Cannot use GNN method.
2026-10-09 04:21:48,127 - WARNING - GNN failed on rep 35: PyTorch not installed. Cannot use GNN method.
2026-10-09 04:21:50,345 - WARNING - GNN failed on rep 36: PyTorch not installed. Cannot use GNN method.
2026-10-09 04:21:51,632 - WARNING - GNN failed on rep 37: PyTorch not installed. Cannot use GNN method.
2026-10-09 04:21:52,922 - WARNING - GNN failed on rep 38: PyTorch not installed. Cannot use GNN method.
2026-10-09 04:21:54,035 - WARNING - GNN failed on rep 39: PyTorch not installed. Cannot use GNN method.
2026-10-09 04:21:55,119 - WARNING - GNN failed on rep 40: PyTorch not installed. Cannot use GNN method.
2026-10-09 04:21:56,241 - WARNING - GNN failed on rep 41: PyTorch not installed. Cannot use GNN method.
2026-10-09 04:21:57,360 - WARNING - GNN failed on rep 42: PyTorch not installed. Cannot use GNN method.
2026-10-09 04:21:58,492 - WARNING - GNN failed on rep 43: PyTorch not installed. Cannot use GNN method.
2026-10-09 04:21:59,786 - WARNING - GNN failed on rep 44: PyTorch not installed. Cannot use GNN method.
2026-10-09 04:22:01,096 - WARNING - GNN failed on rep 45: PyTorch not installed. Cannot use GNN method.
2026-10-09 04:22:02,422 - WARNING - GNN failed on rep 46: PyTorch not installed. Cannot use GNN method.
2026-10-09 04:22:03,895 - WARNING - GNN failed on rep 47: PyTorch not installed. Cannot use GNN method.
2026-10-09 04:22:05,206 - WARNING - GNN failed on rep 48: PyTorch not installed. Cannot use GNN method.
2026-10-09 04:22:06,515 - WARNING - GNN failed on rep 49: PyTorch not installed. Cannot use GNN method.
2026-10-09 04:22:07,812 - WARNING - GNN failed on rep 50: PyTorch not installed. Cannot use GNN method.
2026-10-09 04:22:09,066 - WARNING - GNN failed on rep 51: PyTorch not installed. Cannot use GNN method.
2026-10-09 04:22:10,141 - WARNING - GNN failed on rep 52: PyTorch not installed. Cannot use GNN method.
2026-10-09 04:22:11,244 - WARNING - GNN failed on rep 53: PyTorch not installed. Cannot use GNN method.
2026-10-09 04:22:12,323 - WARNING - GNN failed on rep 54: PyTorch not installed. Cannot use GNN method.
2026-10-09 04:22:13,431 - WARNING - GNN failed on rep 55: PyTorch not installed. Cannot use GNN method.
2026-10-09 04:22:14,539 - WARNING - GNN failed on rep 56: PyTorch not installed. Cannot use GNN method.
2026-10-09 04:22:15,628 - WARNING - GNN failed on rep 57: PyTorch not installed. Cannot use GNN method.
2026-10-09 04:22:16,760 - WARNING - GNN failed on rep 58: PyTorch not installed. Cannot use GNN method.
2026-10-09 04:22:17,988 - WARNING - GNN failed on rep 59: PyTorch not installed. Cannot use GNN method.
2026-10-09 04:22:19,057 - WARNING - GNN failed on rep 60: PyTorch not installed. Cannot use GNN method.
2026-10-09 04:22:20,195 - WARNING - GNN failed on rep 61: PyTorch not installed. Cannot use GNN method.
2026-10-09 04:22:21,261 - WARNING - GNN failed on rep 62: PyTorch not installed. Cannot use GNN method.
2026-10-09 04:22:22,362 - WARNING - GNN failed on rep 63: PyTorch not installed. Cannot use GNN method.
2026-10-09 04:22:23,443 - WARNING - GNN failed on rep 64: PyTorch not installed. Cannot use GNN method.
2026-10-09 04:22:24,543 - WARNING - GNN failed on rep 65: PyTorch not installed. Cannot use GNN method.
2026-10-09 04:22:25,617 - WARNING - GNN failed on rep 66: PyTorch not installed. Cannot use GNN method.
2026-10-09 04:22:26,690 - WARNING - GNN failed on rep 67: PyTorch not installed. Cannot use GNN method.
2026-10-09 04:22:27,789 - WARNING - GNN failed on rep 68: PyTorch not installed. Cannot use GNN method.
2026-10-09 04:22:29,687 - WARNING - GNN failed on rep 69: PyTorch not installed. Cannot use GNN method.
2026-10-09 04:22:30,817 - WARNING - GNN failed on rep 70: PyTorch not installed. Cannot use GNN method.
2026-10-09 04:22:31,927 - WARNING - GNN failed on rep 71: PyTorch not installed. Cannot use GNN method.
2026-10-09 04:22:33,017 - WARNING - GNN failed on rep 72: PyTorch not installed. Cannot use GNN method.
2026-10-09 04:22:34,127 - WARNING - GNN failed on rep 73: PyTorch not installed. Cannot use GNN method.
2026-10-09 04:22:35,218 - WARNING - GNN failed on rep 74: PyTorch not installed. Cannot use GNN method.
2026-10-09 04:22:36,459 - WARNING - GNN failed on rep 75: PyTorch not installed. Cannot use GNN method.
2026-10-09 04:22:37,572 - WARNING - GNN failed on rep 76: PyTorch not installed. Cannot use GNN method.
2026-10-09 04:22:38,714 - WARNING - GNN failed on rep 77: PyTorch not installed. Cannot use GNN method.
2026-10-09 04:22:39,816 - WARNING - GNN failed on rep 78: PyTorch not installed. Cannot use GNN method.
2026-10-09 04:22:40,892 - WARNING - GNN failed on rep 79: PyTorch not installed. Cannot use GNN method.
2026-10-09 04:22:42,008 - WARNING - GNN failed on rep 80: PyTorch not installed. Cannot use GNN method.
2026-10-09 04:22:43,094 - WARNING - GNN failed on rep 81: PyTorch not installed. Cannot use GNN method.
2026-10-09 04:22:44,231 - WARNING - GNN failed on rep 82: PyTorch not installed. Cannot use GNN method.
2026-10-09 04:22:45,325 - WARNING - GNN failed on rep 83: PyTorch not installed. Cannot use GNN method.
2026-10-09 04:22:46,423 - WARNING - GNN failed on rep 84: PyTorch not installed. Cannot use GNN method.
2026-10-09 04:22:47,493 - WARNING - GNN failed on rep 85: PyTorch not installed. Cannot use GNN method.
2026-10-09 04:22:48,573 - WARNING - GNN failed on rep 86: PyTorch not installed. Cannot use GNN method.
2026-10-09 04:22:49,653 - WARNING - GNN failed on rep 87: PyTorch not installed. Cannot use GNN method.
2026-10-09 04:22:50,740 - WARNING - GNN failed on rep 88: PyTorch not installed. Cannot use GNN method.
2026-10-09 04:22:51,796 - WARNING - GNN failed on rep 89: PyTorch not installed. Cannot use GNN method.
2026-10-09 04:22:52,862 - WARNING - GNN failed on rep 90: PyTorch not installed. Cannot use GNN method.
2026-10-09 04:22:53,922 - WARNING - GNN failed on rep 91: PyTorch not installed. Cannot use GNN method.
2026-10-09 04:22:55,014 - WARNING - GNN failed on rep 92: PyTorch not installed. Cannot use GNN method.
2026-10-09 04:22:56,234 - WARNING - GNN failed on rep 93: PyTorch not installed. Cannot use GNN method.
2026-10-09 04:22:57,326 - WARNING - GNN failed on rep 94: PyTorch not installed. Cannot use GNN method.
2026-10-09 04:22:58,375 - WARNING - GNN failed on rep 95: PyTorch not installed. Cannot use GNN method.
2026-10-09 04:22:59,480 - WARNING - GNN failed on rep 96: PyTorch not installed. Cannot use GNN method.
2026-10-09 04:23:00,549 - WARNING - GNN failed on rep 97: PyTorch not installed. Cannot use GNN method.
2026-10-09 04:23:01,594 - WARNING - GNN failed on rep 98: PyTorch not installed. Cannot use GNN method.
2026-10-09 04:23:02,680 - WARNING - GNN failed on rep 99: PyTorch not installed. Cannot use GNN method.
2026-10-09 04:23:02,693 - INFO - Completed: T200_N0.5_D2_DF10
2026-10-09 04:23:02,702 - INFO - Configuration 72/90
2026-10-09 04:23:02,704 - INFO - Starting configuration: T200_N0.5_D4_DF10
2026-10-09 04:23:04,201 - WARNING - GNN failed on rep 0: PyTorch not installed. Cannot use GNN method.
2026-10-09 04:23:05,244 - WARNING - GNN failed on rep 1: PyTorch not installed. Cannot use GNN method.
2026-10-09 04:23:06,270 - WARNING - GNN failed on rep 2: PyTorch not installed. Cannot use GNN method.
2026-10-09 04:23:07,332 - WARNING - GNN failed on rep 3: PyTorch not installed. Cannot use GNN method.
2026-10-09 04:23:08,414 - WARNING - GNN failed on rep 4: PyTorch not installed. Cannot use GNN method.
2026-10-09 04:23:09,492 - WARNING - GNN failed on rep 5: PyTorch not installed. Cannot use GNN method.
2026-10-09 04:23:10,567 - WARNING - GNN failed on rep 6: PyTorch not installed. Cannot use GNN method.
2026-10-09 04:23:11,627 - WARNING - GNN failed on rep 7: PyTorch not installed. Cannot use GNN method.
2026-10-09 04:23:12,856 - WARNING - GNN failed on rep 8: PyTorch not installed. Cannot use GNN method.
2026-10-09 04:23:13,937 - WARNING - GNN failed on rep 9: PyTorch not installed. Cannot use GNN method.
2026-10-09 04:23:15,008 - WARNING - GNN failed on rep 10: PyTorch not installed. Cannot use GNN method.
2026-10-09 04:23:16,055 - WARNING - GNN failed on rep 11: PyTorch not installed. Cannot use GNN method.
2026-10-09 04:23:17,133 - WARNING - GNN failed on rep 12: PyTorch not installed. Cannot use GNN method.
2026-10-09 04:23:18,233 - WARNING - GNN failed on rep 13: PyTorch not installed. Cannot use GNN method.
2026-10-09 04:23:19,304 - WARNING - GNN failed on rep 14: PyTorch not installed. Cannot use GNN method.
2026-10-09 04:23:20,388 - WARNING - GNN failed on rep 15: PyTorch not installed. Cannot use GNN method.
2026-10-09 04:23:21,481 - WARNING - GNN failed on rep 16: PyTorch not installed. Cannot use GNN method.
2026-10-09 04:23:22,622 - WARNING - GNN failed on rep 17: PyTorch not installed. Cannot use GNN method.
2026-10-09 04:23:23,724 - WARNING - GNN failed on rep 18: PyTorch not installed. Cannot use GNN method.
2026-10-09 04:23:24,857 - WARNING - GNN failed on rep 19: PyTorch not installed. Cannot use GNN method.
2026-10-09 04:23:25,908 - WARNING - GNN failed on rep 20: PyTorch not installed. Cannot use GNN method.
2026-10-09 04:23:26,971 - WARNING - GNN failed on rep 21: PyTorch not installed. Cannot use GNN method.
2026-10-09 04:23:28,231 - WARNING - GNN failed on rep 22: PyTorch not installed. Cannot use GNN method.
2026-10-09 04:23:29,903 - WARNING - GNN failed on rep 23: PyTorch not installed. Cannot use GNN method.
2026-10-09 04:23:31,017 - WARNING - GNN failed on rep 24: PyTorch not installed. Cannot use GNN method.
2026-10-09 04:23:32,293 - WARNING - GNN failed on rep 25: PyTorch not installed. Cannot use GNN method.
2026-10-09 04:23:33,374 - WARNING - GNN failed on rep 26: PyTorch not installed. Cannot use GNN method.
2026-10-09 04:23:34,435 - WARNING - GNN failed on rep 27: PyTorch not installed. Cannot use GNN method.
2026-10-09 04:23:35,546 - WARNING - GNN failed on rep 28: PyTorch not installed. Cannot use GNN method.
2026-10-09 04:23:36,594 - WARNING - GNN failed on rep 29: PyTorch not installed. Cannot use GNN method.
2026-10-09 04:23:37,683 - WARNING - GNN failed on rep 30: PyTorch not installed. Cannot use GNN method.
2026-10-09 04:23:38,792 - WARNING - GNN failed on rep 31: PyTorch not installed. Cannot use GNN method.
2026-10-09 04:23:39,868 - WARNING - GNN failed on rep 32: PyTorch not installed. Cannot use GNN method.
2026-10-09 04:23:41,042 - WARNING - GNN failed on rep 33: PyTorch not installed. Cannot use GNN method.
2026-10-09 04:23:42,153 - WARNING - GNN failed on rep 34: PyTorch not installed. Cannot use GNN method.
2026-10-09 04:23:43,232 - WARNING - GNN failed on rep 35: PyTorch not installed. Cannot use GNN method.
2026-10-09 04:23:44,340 - WARNING - GNN failed on rep 36: PyTorch not installed. Cannot use GNN method.
2026-10-09 04:23:45,447 - WARNING - GNN failed on rep 37: PyTorch not installed. Cannot use GNN method.
2026-10-09 04:23:46,527 - WARNING - GNN failed on rep 38: PyTorch not installed. Cannot use GNN method.
2026-10-09 04:23:47,600 - WARNING - GNN failed on rep 39: PyTorch not installed. Cannot use GNN method.
2026-10-09 04:23:48,676 - WARNING - GNN failed on rep 40: PyTorch not installed. Cannot use GNN method.
2026-10-09 04:23:49,713 - WARNING - GNN failed on rep 41: PyTorch not installed. Cannot use GNN method.
2026-10-09 04:23:50,901 - WARNING - GNN failed on rep 42: PyTorch not installed. Cannot use GNN method.
2026-10-09 04:23:51,981 - WARNING - GNN failed on rep 43: PyTorch not installed. Cannot use GNN method.
2026-10-09 04:23:53,076 - WARNING - GNN failed on rep 44: PyTorch not installed. Cannot use GNN method.
2026-10-09 04:23:54,141 - WARNING - GNN failed on rep 45: PyTorch not installed. Cannot use GNN method.
2026-10-09 04:23:55,191 - WARNING - GNN failed on rep 46: PyTorch not installed. Cannot use GNN method.
2026-10-09 04:23:56,254 - WARNING - GNN failed on rep 47: PyTorch not installed. Cannot use GNN method.
2026-10-09 04:23:57,338 - WARNING - GNN failed on rep 48: PyTorch not installed. Cannot use GNN method.
2026-10-09 04:23:58,429 - WARNING - GNN failed on rep 49: PyTorch not installed. Cannot use GNN method.
2026-10-09 04:23:59,498 - WARNING - GNN failed on rep 50: PyTorch not installed. Cannot use GNN method.
2026-10-09 04:24:00,558 - WARNING - GNN failed on rep 51: PyTorch not installed. Cannot use GNN method.
2026-10-09 04:24:01,668 - WARNING - GNN failed on rep 52: PyTorch not installed. Cannot use GNN method.
2026-10-09 04:24:02,783 - WARNING - GNN failed on rep 53: PyTorch not installed. Cannot use GNN method.
2026-10-09 04:24:03,884 - WARNING - GNN failed on rep 54: PyTorch not installed. Cannot use GNN method.
2026-10-09 04:24:04,985 - WARNING - GNN failed on rep 55: PyTorch not installed. Cannot use GNN method.
2026-10-09 04:24:06,048 - WARNING - GNN failed on rep 56: PyTorch not installed. Cannot use GNN method.
2026-10-09 04:24:07,083 - WARNING - GNN failed on rep 57: PyTorch not installed. Cannot use GNN method.
2026-10-09 04:24:08,158 - WARNING - GNN failed on rep 58: PyTorch not installed. Cannot use GNN method.
2026-10-09 04:24:09,417 - WARNING - GNN failed on rep 59: PyTorch not installed. Cannot use GNN method.
2026-10-09 04:24:10,648 - WARNING - GNN failed on rep 60: PyTorch not installed. Cannot use GNN method.
2026-10-09 04:24:11,763 - WARNING - GNN failed on rep 61: PyTorch not installed. Cannot use GNN method.
2026-10-09 04:24:12,864 - WARNING - GNN failed on rep 62: PyTorch not installed. Cannot use GNN method.
2026-10-09 04:24:13,934 - WARNING - GNN failed on rep 63: PyTorch not installed. Cannot use GNN method.
2026-10-09 04:24:14,985 - WARNING - GNN failed on rep 64: PyTorch not installed. Cannot use GNN method.
2026-10-09 04:24:16,039 - WARNING - GNN failed on rep 65: PyTorch not installed. Cannot use GNN method.
2026-10-09 04:24:17,144 - WARNING - GNN failed on rep 66: PyTorch not installed. Cannot use GNN method.
2026-10-09 04:24:18,183 - WARNING - GNN failed on rep 67: PyTorch not installed. Cannot use GNN method.
2026-10-09 04:24:19,251 - WARNING - GNN failed on rep 68: PyTorch not installed. Cannot use GNN method.
2026-10-09 04:24:20,315 - WARNING - GNN failed on rep 69: PyTorch not installed. Cannot use GNN method.
2026-10-09 04:24:21,402 - WARNING - GNN failed on rep 70: PyTorch not installed. Cannot use GNN method.
2026-10-09 04:24:22,453 - WARNING - GNN failed on rep 71: PyTorch not installed. Cannot use GNN method.
2026-10-09 04:24:23,536 - WARNING - GNN failed on rep 72: PyTorch not installed. Cannot use GNN method.
2026-10-09 04:24:24,632 - WARNING - GNN failed on rep 73: PyTorch not installed. Cannot use GNN method.
2026-10-09 04:24:25,744 - WARNING - GNN failed on rep 74: PyTorch not installed. Cannot use GNN method.
2026-10-09 04:24:26,790 - WARNING - GNN failed on rep 75: PyTorch not installed. Cannot use GNN method.
2026-10-09 04:24:27,846 - WARNING - GNN failed on rep 76: PyTorch not installed. Cannot use GNN method.
2026-10-09 04:24:29,368 - WARNING - GNN failed on rep 77: PyTorch not installed. Cannot use GNN method.
2026-10-09 04:24:30,593 - WARNING - GNN failed on rep 78: PyTorch not installed. Cannot use GNN method.
2026-10-09 04:24:31,672 - WARNING - GNN failed on rep 79: PyTorch not installed. Cannot use GNN method.
2026-10-09 04:24:32,804 - WARNING - GNN failed on rep 80: PyTorch not installed. Cannot use GNN method.
2026-10-09 04:24:33,895 - WARNING - GNN failed on rep 81: PyTorch not installed. Cannot use GNN method.
2026-10-09 04:24:34,986 - WARNING - GNN failed on rep 82: PyTorch not installed. Cannot use GNN method.
2026-10-09 04:24:36,037 - WARNING - GNN failed on rep 83: PyTorch not installed. Cannot use GNN method.
2026-10-09 04:24:37,109 - WARNING - GNN failed on rep 84: PyTorch not installed. Cannot use GNN method.
2026-10-09 04:24:38,171 - WARNING - GNN failed on rep 85: PyTorch not installed. Cannot use GNN method.
2026-10-09 04:24:39,276 - WARNING - GNN failed on rep 86: PyTorch not installed. Cannot use GNN method.
2026-10-09 04:24:40,393 - WARNING - GNN failed on rep 87: PyTorch not installed. Cannot use GNN method.
2026-10-09 04:24:41,484 - WARNING - GNN failed on rep 88: PyTorch not installed. Cannot use GNN method.
2026-10-09 04:24:42,535 - WARNING - GNN failed on rep 89: PyTorch not installed. Cannot use GNN method.
2026-10-09 04:24:43,612 - WARNING - GNN failed on rep 90: PyTorch not installed. Cannot use GNN method.
2026-10-09 04:24:44,659 - WARNING - GNN failed on rep 91: PyTorch not installed. Cannot use GNN method.
2026-10-09 04:24:45,797 - WARNING - GNN failed on rep 92: PyTorch not installed. Cannot use GNN method.
2026-10-09 04:24:46,870 - WARNING - GNN failed on rep 93: PyTorch not installed. Cannot use GNN method.
2026-10-09 04:24:47,924 - WARNING - GNN failed on rep 94: PyTorch not installed. Cannot use GNN method.
2026-10-09 04:24:49,093 - WARNING - GNN failed on rep 95: PyTorch not installed. Cannot use GNN method.
2026-10-09 04:24:50,170 - WARNING - GNN failed on rep 96: PyTorch not installed. Cannot use GNN method.
2026-10-09 04:24:51,229 - WARNING - GNN failed on rep 97: PyTorch not installed. Cannot use GNN method.
2026-10-09 04:24:52,314 - WARNING - GNN failed on rep 98: PyTorch not installed. Cannot use GNN method.
2026-10-09 04:24:53,387 - WARNING - GNN failed on rep 99: PyTorch not installed. Cannot use GNN method.
2026-10-09 04:24:53,394 - INFO - Completed: T200_N0.5_D4_DF10
2026-10-09 04:24:53,398 - INFO - Configuration 73/90
2026-10-09 04:24:53,399 - INFO - Starting configuration: T250_N0.1_D2_DF3
2026-10-09 04:24:55,088 - WARNING - GNN failed on rep 0: PyTorch not installed. Cannot use GNN method.
2026-10-09 04:24:56,223 - WARNING - GNN failed on rep 1: PyTorch not installed. Cannot use GNN method.
2026-10-09 04:24:57,389 - WARNING - GNN failed on rep 2: PyTorch not installed. Cannot use GNN method.
2026-10-09 04:24:58,491 - WARNING - GNN failed on rep 3: PyTorch not installed. Cannot use GNN method.
2026-10-09 04:24:59,629 - WARNING - GNN failed on rep 4: PyTorch not installed. Cannot use GNN method.
2026-10-09 04:25:00,744 - WARNING - GNN failed on rep 5: PyTorch not installed. Cannot use GNN method.
2026-10-09 04:25:01,902 - WARNING - GNN failed on rep 6: PyTorch not installed. Cannot use GNN method.
2026-10-09 04:25:03,030 - WARNING - GNN failed on rep 7: PyTorch not installed. Cannot use GNN method.
2026-10-09 04:25:04,132 - WARNING - GNN failed on rep 8: PyTorch not installed. Cannot use GNN method.
2026-10-09 04:25:05,233 - WARNING - GNN failed on rep 9: PyTorch not installed. Cannot use GNN method.
2026-10-09 04:25:06,394 - WARNING - GNN failed on rep 10: PyTorch not installed. Cannot use GNN method.
2026-10-09 04:25:07,612 - WARNING - GNN failed on rep 11: PyTorch not installed. Cannot use GNN method.
2026-10-09 04:25:08,778 - WARNING - GNN failed on rep 12: PyTorch not installed. Cannot use GNN method.
2026-10-09 04:25:09,903 - WARNING - GNN failed on rep 13: PyTorch not installed. Cannot use GNN method.
2026-10-09 04:25:11,035 - WARNING - GNN failed on rep 14: PyTorch not installed. Cannot use GNN method.
2026-10-09 04:25:12,244 - WARNING - GNN failed on rep 15: PyTorch not installed. Cannot use GNN method.
2026-10-09 04:25:13,332 - WARNING - GNN failed on rep 16: PyTorch not installed. Cannot use GNN method.
2026-10-09 04:25:14,765 - WARNING - GNN failed on rep 17: PyTorch not installed. Cannot use GNN method.
2026-10-09 04:25:15,960 - WARNING - GNN failed on rep 18: PyTorch not installed. Cannot use GNN method.
2026-10-09 04:25:17,115 - WARNING - GNN failed on rep 19: PyTorch not installed. Cannot use GNN method.
2026-10-09 04:25:18,231 - WARNING - GNN failed on rep 20: PyTorch not installed. Cannot use GNN method.
2026-10-09 04:25:19,330 - WARNING - GNN failed on rep 21: PyTorch not installed. Cannot use GNN method.
2026-10-09 04:25:20,520 - WARNING - GNN failed on rep 22: PyTorch not installed. Cannot use GNN method.
2026-10-09 04:25:21,631 - WARNING - GNN failed on rep 23: PyTorch not installed. Cannot use GNN method.
2026-10-09 04:25:22,788 - WARNING - GNN failed on rep 24: PyTorch not installed. Cannot use GNN method.
2026-10-09 04:25:23,884 - WARNING - GNN failed on rep 25: PyTorch not installed. Cannot use GNN method.
2026-10-09 04:25:25,025 - WARNING - GNN failed on rep 26: PyTorch not installed. Cannot use GNN method.
2026-10-09 04:25:26,205 - WARNING - GNN failed on rep 27: PyTorch not installed. Cannot use GNN method.
2026-10-09 04:25:27,486 - WARNING - GNN failed on rep 28: PyTorch not installed. Cannot use GNN method.
2026-10-09 04:25:29,272 - WARNING - GNN failed on rep 29: PyTorch not installed. Cannot use GNN method.
2026-10-09 04:25:30,441 - WARNING - GNN failed on rep 30: PyTorch not installed. Cannot use GNN method.
2026-10-09 04:25:31,522 - WARNING - GNN failed on rep 31: PyTorch not installed. Cannot use GNN method.
2026-10-09 04:25:32,678 - WARNING - GNN failed on rep 32: PyTorch not installed. Cannot use GNN method.
2026-10-09 04:25:33,800 - WARNING - GNN failed on rep 33: PyTorch not installed. Cannot use GNN method.
2026-10-09 04:25:34,943 - WARNING - GNN failed on rep 34: PyTorch not installed. Cannot use GNN method.
2026-10-09 04:25:36,039 - WARNING - GNN failed on rep 35: PyTorch not installed. Cannot use GNN method.
2026-10-09 04:25:37,152 - WARNING - GNN failed on rep 36: PyTorch not installed. Cannot use GNN method.
2026-10-09 04:25:38,275 - WARNING - GNN failed on rep 37: PyTorch not installed. Cannot use GNN method.
2026-10-09 04:25:39,375 - WARNING - GNN failed on rep 38: PyTorch not installed. Cannot use GNN method.
2026-10-09 04:25:40,477 - WARNING - GNN failed on rep 39: PyTorch not installed. Cannot use GNN method.
2026-10-09 04:25:41,566 - WARNING - GNN failed on rep 40: PyTorch not installed. Cannot use GNN method.
2026-10-09 04:25:42,661 - WARNING - GNN failed on rep 41: PyTorch not installed. Cannot use GNN method.
2026-10-09 04:25:43,786 - WARNING - GNN failed on rep 42: PyTorch not installed. Cannot use GNN method.
2026-10-09 04:25:44,957 - WARNING - GNN failed on rep 43: PyTorch not installed. Cannot use GNN method.
2026-10-09 04:25:46,089 - WARNING - GNN failed on rep 44: PyTorch not installed. Cannot use GNN method.
2026-10-09 04:25:47,206 - WARNING - GNN failed on rep 45: PyTorch not installed. Cannot use GNN method.
2026-10-09 04:25:48,385 - WARNING - GNN failed on rep 46: PyTorch not installed. Cannot use GNN method.
2026-10-09 04:25:49,594 - WARNING - GNN failed on rep 47: PyTorch not installed. Cannot use GNN method.
2026-10-09 04:25:50,695 - WARNING - GNN failed on rep 48: PyTorch not installed. Cannot use GNN method.
2026-10-09 04:25:51,786 - WARNING - GNN failed on rep 49: PyTorch not installed. Cannot use GNN method.
2026-10-09 04:25:52,923 - WARNING - GNN failed on rep 50: PyTorch not installed. Cannot use GNN method.
2026-10-09 04:25:54,071 - WARNING - GNN failed on rep 51: PyTorch not installed. Cannot use GNN method.
2026-10-09 04:25:55,205 - WARNING - GNN failed on rep 52: PyTorch not installed. Cannot use GNN method.
2026-10-09 04:25:56,341 - WARNING - GNN failed on rep 53: PyTorch not installed. Cannot use GNN method.
2026-10-09 04:25:57,440 - WARNING - GNN failed on rep 54: PyTorch not installed. Cannot use GNN method.
2026-10-09 04:25:58,557 - WARNING - GNN failed on rep 55: PyTorch not installed. Cannot use GNN method.
2026-10-09 04:25:59,677 - WARNING - GNN failed on rep 56: PyTorch not installed. Cannot use GNN method.
2026-10-09 04:26:00,783 - WARNING - GNN failed on rep 57: PyTorch not installed. Cannot use GNN method.
2026-10-09 04:26:01,957 - WARNING - GNN failed on rep 58: PyTorch not installed. Cannot use GNN method.
2026-10-09 04:26:03,101 - WARNING - GNN failed on rep 59: PyTorch not installed. Cannot use GNN method.
2026-10-09 04:26:04,244 - WARNING - GNN failed on rep 60: PyTorch not installed. Cannot use GNN method.
2026-10-09 04:26:05,369 - WARNING - GNN failed on rep 61: PyTorch not installed. Cannot use GNN method.
2026-10-09 04:26:06,489 - WARNING - GNN failed on rep 62: PyTorch not installed. Cannot use GNN method.
2026-10-09 04:26:07,627 - WARNING - GNN failed on rep 63: PyTorch not installed. Cannot use GNN method.
2026-10-09 04:26:08,830 - WARNING - GNN failed on rep 64: PyTorch not installed. Cannot use GNN method.
2026-10-09 04:26:10,086 - WARNING - GNN failed on rep 65: PyTorch not installed. Cannot use GNN method.
2026-10-09 04:26:11,214 - WARNING - GNN failed on rep 66: PyTorch not installed. Cannot use GNN method.
2026-10-09 04:26:12,338 - WARNING - GNN failed on rep 67: PyTorch not installed. Cannot use GNN method.
2026-10-09 04:26:13,436 - WARNING - GNN failed on rep 68: PyTorch not installed. Cannot use GNN method.
2026-10-09 04:26:14,529 - WARNING - GNN failed on rep 69: PyTorch not installed. Cannot use GNN method.
2026-10-09 04:26:15,616 - WARNING - GNN failed on rep 70: PyTorch not installed. Cannot use GNN method.
2026-10-09 04:26:16,708 - WARNING - GNN failed on rep 71: PyTorch not installed. Cannot use GNN method.
2026-10-09 04:26:17,815 - WARNING - GNN failed on rep 72: PyTorch not installed. Cannot use GNN method.
2026-10-09 04:26:18,949 - WARNING - GNN failed on rep 73: PyTorch not installed. Cannot use GNN method.
2026-10-09 04:26:20,060 - WARNING - GNN failed on rep 74: PyTorch not installed. Cannot use GNN method.
2026-10-09 04:26:21,187 - WARNING - GNN failed on rep 75: PyTorch not installed. Cannot use GNN method.
2026-10-09 04:26:22,296 - WARNING - GNN failed on rep 76: PyTorch not installed. Cannot use GNN method.
2026-10-09 04:26:23,393 - WARNING - GNN failed on rep 77: PyTorch not installed. Cannot use GNN method.
2026-10-09 04:26:24,506 - WARNING - GNN failed on rep 78: PyTorch not installed. Cannot use GNN method.
2026-10-09 04:26:25,634 - WARNING - GNN failed on rep 79: PyTorch not installed. Cannot use GNN method.
2026-10-09 04:26:26,761 - WARNING - GNN failed on rep 80: PyTorch not installed. Cannot use GNN method.
2026-10-09 04:26:27,875 - WARNING - GNN failed on rep 81: PyTorch not installed. Cannot use GNN method.
2026-10-09 04:26:29,518 - WARNING - GNN failed on rep 82: PyTorch not installed. Cannot use GNN method.
2026-10-09 04:26:30,726 - WARNING - GNN failed on rep 83: PyTorch not installed. Cannot use GNN method.
2026-10-09 04:26:31,863 - WARNING - GNN failed on rep 84: PyTorch not installed. Cannot use GNN method.
2026-10-09 04:26:32,998 - WARNING - GNN failed on rep 85: PyTorch not installed. Cannot use GNN method.
2026-10-09 04:26:34,156 - WARNING - GNN failed on rep 86: PyTorch not installed. Cannot use GNN method.
2026-10-09 04:26:35,296 - WARNING - GNN failed on rep 87: PyTorch not installed. Cannot use GNN method.
2026-10-09 04:26:36,404 - WARNING - GNN failed on rep 88: PyTorch not installed. Cannot use GNN method.
2026-10-09 04:26:37,545 - WARNING - GNN failed on rep 89: PyTorch not installed. Cannot use GNN method.
2026-10-09 04:26:38,657 - WARNING - GNN failed on rep 90: PyTorch not installed. Cannot use GNN method.
2026-10-09 04:26:39,799 - WARNING - GNN failed on rep 91: PyTorch not installed. Cannot use GNN method.
2026-10-09 04:26:40,960 - WARNING - GNN failed on rep 92: PyTorch not installed. Cannot use GNN method.
2026-10-09 04:26:42,104 - WARNING - GNN failed on rep 93: PyTorch not installed. Cannot use GNN method.
2026-10-09 04:26:43,267 - WARNING - GNN failed on rep 94: PyTorch not installed. Cannot use GNN method.
2026-10-09 04:26:44,379 - WARNING - GNN failed on rep 95: PyTorch not installed. Cannot use GNN method.
2026-10-09 04:26:45,526 - WARNING - GNN failed on rep 96: PyTorch not installed. Cannot use GNN method.
2026-10-09 04:26:46,631 - WARNING - GNN failed on rep 97: PyTorch not installed. Cannot use GNN method.
2026-10-09 04:26:47,806 - WARNING - GNN failed on rep 98: PyTorch not installed. Cannot use GNN method.
2026-10-09 04:26:48,877 - WARNING - GNN failed on rep 99: PyTorch not installed. Cannot use GNN method.
2026-10-09 04:26:48,884 - INFO - Completed: T250_N0.1_D2_DF3
2026-10-09 04:26:48,891 - INFO - Configuration 74/90
2026-10-09 04:26:48,892 - INFO - Starting configuration: T250_N0.1_D4_DF3
2026-10-09 04:26:50,794 - WARNING - GNN failed on rep 0: PyTorch not installed. Cannot use GNN method.
2026-10-09 04:26:51,918 - WARNING - GNN failed on rep 1: PyTorch not installed. Cannot use GNN method.
2026-10-09 04:26:53,030 - WARNING - GNN failed on rep 2: PyTorch not installed. Cannot use GNN method.
2026-10-09 04:26:54,125 - WARNING - GNN failed on rep 3: PyTorch not installed. Cannot use GNN method.
2026-10-09 04:26:55,281 - WARNING - GNN failed on rep 4: PyTorch not installed. Cannot use GNN method.
2026-10-09 04:26:56,371 - WARNING - GNN failed on rep 5: PyTorch not installed. Cannot use GNN method.
2026-10-09 04:26:57,461 - WARNING - GNN failed on rep 6: PyTorch not installed. Cannot use GNN method.
2026-10-09 04:26:58,540 - WARNING - GNN failed on rep 7: PyTorch not installed. Cannot use GNN method.
2026-10-09 04:26:59,657 - WARNING - GNN failed on rep 8: PyTorch not installed. Cannot use GNN method.
2026-10-09 04:27:00,779 - WARNING - GNN failed on rep 9: PyTorch not installed. Cannot use GNN method.
2026-10-09 04:27:01,895 - WARNING - GNN failed on rep 10: PyTorch not installed. Cannot use GNN method.
2026-10-09 04:27:03,010 - WARNING - GNN failed on rep 11: PyTorch not installed. Cannot use GNN method.
2026-10-09 04:27:04,123 - WARNING - GNN failed on rep 12: PyTorch not installed. Cannot use GNN method.
2026-10-09 04:27:05,225 - WARNING - GNN failed on rep 13: PyTorch not installed. Cannot use GNN method.
2026-10-09 04:27:06,324 - WARNING - GNN failed on rep 14: PyTorch not installed. Cannot use GNN method.
2026-10-09 04:27:07,451 - WARNING - GNN failed on rep 15: PyTorch not installed. Cannot use GNN method.
2026-10-09 04:27:08,572 - WARNING - GNN failed on rep 16: PyTorch not installed. Cannot use GNN method.
2026-10-09 04:27:09,805 - WARNING - GNN failed on rep 17: PyTorch not installed. Cannot use GNN method.
2026-10-09 04:27:10,924 - WARNING - GNN failed on rep 18: PyTorch not installed. Cannot use GNN method.
2026-10-09 04:27:12,044 - WARNING - GNN failed on rep 19: PyTorch not installed. Cannot use GNN method.
2026-10-09 04:27:13,166 - WARNING - GNN failed on rep 20: PyTorch not installed. Cannot use GNN method.
2026-10-09 04:27:14,249 - WARNING - GNN failed on rep 21: PyTorch not installed. Cannot use GNN method.
2026-10-09 04:27:15,425 - WARNING - GNN failed on rep 22: PyTorch not installed. Cannot use GNN method.
2026-10-09 04:27:16,499 - WARNING - GNN failed on rep 23: PyTorch not installed. Cannot use GNN method.
2026-10-09 04:27:17,631 - WARNING - GNN failed on rep 24: PyTorch not installed. Cannot use GNN method.
2026-10-09 04:27:18,732 - WARNING - GNN failed on rep 25: PyTorch not installed. Cannot use GNN method.
2026-10-09 04:27:19,845 - WARNING - GNN failed on rep 26: PyTorch not installed. Cannot use GNN method.
2026-10-09 04:27:20,968 - WARNING - GNN failed on rep 27: PyTorch not installed. Cannot use GNN method.
2026-10-09 04:27:22,057 - WARNING - GNN failed on rep 28: PyTorch not installed. Cannot use GNN method.
2026-10-09 04:27:23,140 - WARNING - GNN failed on rep 29: PyTorch not installed. Cannot use GNN method.
2026-10-09 04:27:24,236 - WARNING - GNN failed on rep 30: PyTorch not installed. Cannot use GNN method.
2026-10-09 04:27:25,371 - WARNING - GNN failed on rep 31: PyTorch not installed. Cannot use GNN method.
2026-10-09 04:27:26,470 - WARNING - GNN failed on rep 32: PyTorch not installed. Cannot use GNN method.
2026-10-09 04:27:27,600 - WARNING - GNN failed on rep 33: PyTorch not installed. Cannot use GNN method.
2026-10-09 04:27:29,157 - WARNING - GNN failed on rep 34: PyTorch not installed. Cannot use GNN method.
2026-10-09 04:27:30,409 - WARNING - GNN failed on rep 35: PyTorch not installed. Cannot use GNN method.
2026-10-09 04:27:31,714 - WARNING - GNN failed on rep 36: PyTorch not installed. Cannot use GNN method.
2026-10-09 04:27:32,914 - WARNING - GNN failed on rep 37: PyTorch not installed. Cannot use GNN method.
2026-10-09 04:27:35,266 - WARNING - GNN failed on rep 38: PyTorch not installed. Cannot use GNN method.
2026-10-09 04:27:37,453 - WARNING - GNN failed on rep 39: PyTorch not installed. Cannot use GNN method.
2026-10-09 04:27:39,729 - WARNING - GNN failed on rep 40: PyTorch not installed. Cannot use GNN method.
2026-10-09 04:27:42,238 - WARNING - GNN failed on rep 41: PyTorch not installed. Cannot use GNN method.
2026-10-09 04:27:44,445 - WARNING - GNN failed on rep 42: PyTorch not installed. Cannot use GNN method.
2026-10-09 04:27:46,663 - WARNING - GNN failed on rep 43: PyTorch not installed. Cannot use GNN method.
2026-10-09 04:27:48,961 - WARNING - GNN failed on rep 44: PyTorch not installed. Cannot use GNN method.
2026-10-09 04:27:51,281 - WARNING - GNN failed on rep 45: PyTorch not installed. Cannot use GNN method.
2026-10-09 04:27:53,769 - WARNING - GNN failed on rep 46: PyTorch not installed. Cannot use GNN method.
2026-10-09 04:27:55,318 - WARNING - GNN failed on rep 47: PyTorch not installed. Cannot use GNN method.
2026-10-09 04:27:56,445 - WARNING - GNN failed on rep 48: PyTorch not installed. Cannot use GNN method.
2026-10-09 04:27:57,663 - WARNING - GNN failed on rep 49: PyTorch not installed. Cannot use GNN method.
2026-10-09 04:27:58,841 - WARNING - GNN failed on rep 50: PyTorch not installed. Cannot use GNN method.
2026-10-09 04:28:00,011 - WARNING - GNN failed on rep 51: PyTorch not installed. Cannot use GNN method.
2026-10-09 04:28:01,174 - WARNING - GNN failed on rep 52: PyTorch not installed. Cannot use GNN method.
2026-10-09 04:28:02,301 - WARNING - GNN failed on rep 53: PyTorch not installed. Cannot use GNN method.
2026-10-09 04:28:03,416 - WARNING - GNN failed on rep 54: PyTorch not installed. Cannot use GNN method.
2026-10-09 04:28:04,565 - WARNING - GNN failed on rep 55: PyTorch not installed. Cannot use GNN method.
2026-10-09 04:28:05,712 - WARNING - GNN failed on rep 56: PyTorch not installed. Cannot use GNN method.
2026-10-09 04:28:06,853 - WARNING - GNN failed on rep 57: PyTorch not installed. Cannot use GNN method.
2026-10-09 04:28:07,999 - WARNING - GNN failed on rep 58: PyTorch not installed. Cannot use GNN method.
2026-10-09 04:28:09,181 - WARNING - GNN failed on rep 59: PyTorch not installed. Cannot use GNN method.
2026-10-09 04:28:10,331 - WARNING - GNN failed on rep 60: PyTorch not installed. Cannot use GNN method.
2026-10-09 04:28:11,426 - WARNING - GNN failed on rep 61: PyTorch not installed. Cannot use GNN method.
2026-10-09 04:28:12,585 - WARNING - GNN failed on rep 62: PyTorch not installed. Cannot use GNN method.
2026-10-09 04:28:13,721 - WARNING - GNN failed on rep 63: PyTorch not installed. Cannot use GNN method.
2026-10-09 04:28:14,874 - WARNING - GNN failed on rep 64: PyTorch not installed. Cannot use GNN method.
2026-10-09 04:28:16,003 - WARNING - GNN failed on rep 65: PyTorch not installed. Cannot use GNN method.
2026-10-09 04:28:17,096 - WARNING - GNN failed on rep 66: PyTorch not installed. Cannot use GNN method.
2026-10-09 04:28:18,189 - WARNING - GNN failed on rep 67: PyTorch not installed. Cannot use GNN method.
2026-10-09 04:28:19,297 - WARNING - GNN failed on rep 68: PyTorch not installed. Cannot use GNN method.
2026-10-09 04:28:20,462 - WARNING - GNN failed on rep 69: PyTorch not installed. Cannot use GNN method.
2026-10-09 04:28:21,582 - WARNING - GNN failed on rep 70: PyTorch not installed. Cannot use GNN method.
2026-10-09 04:28:22,865 - WARNING - GNN failed on rep 71: PyTorch not installed. Cannot use GNN method.
2026-10-09 04:28:24,006 - WARNING - GNN failed on rep 72: PyTorch not installed. Cannot use GNN method.
2026-10-09 04:28:25,190 - WARNING - GNN failed on rep 73: PyTorch not installed. Cannot use GNN method.
2026-10-09 04:28:26,316 - WARNING - GNN failed on rep 74: PyTorch not installed. Cannot use GNN method.
2026-10-09 04:28:27,414 - WARNING - GNN failed on rep 75: PyTorch not installed. Cannot use GNN method.
2026-10-09 04:28:29,484 - WARNING - GNN failed on rep 76: PyTorch not installed. Cannot use GNN method.
2026-10-09 04:28:30,655 - WARNING - GNN failed on rep 77: PyTorch not installed. Cannot use GNN method.
2026-10-09 04:28:31,806 - WARNING - GNN failed on rep 78: PyTorch not installed. Cannot use GNN method.
2026-10-09 04:28:32,942 - WARNING - GNN failed on rep 79: PyTorch not installed. Cannot use GNN method.
2026-10-09 04:28:34,125 - WARNING - GNN failed on rep 80: PyTorch not installed. Cannot use GNN method.
2026-10-09 04:28:35,288 - WARNING - GNN failed on rep 81: PyTorch not installed. Cannot use GNN method.
2026-10-09 04:28:36,426 - WARNING - GNN failed on rep 82: PyTorch not installed. Cannot use GNN method.
2026-10-09 04:28:37,558 - WARNING - GNN failed on rep 83: PyTorch not installed. Cannot use GNN method.
2026-10-09 04:28:38,686 - WARNING - GNN failed on rep 84: PyTorch not installed. Cannot use GNN method.
2026-10-09 04:28:39,825 - WARNING - GNN failed on rep 85: PyTorch not installed. Cannot use GNN method.
2026-10-09 04:28:40,942 - WARNING - GNN failed on rep 86: PyTorch not installed. Cannot use GNN method.
2026-10-09 04:28:42,205 - WARNING - GNN failed on rep 87: PyTorch not installed. Cannot use GNN method.
2026-10-09 04:28:43,356 - WARNING - GNN failed on rep 88: PyTorch not installed. Cannot use GNN method.
2026-10-09 04:28:44,506 - WARNING - GNN failed on rep 89: PyTorch not installed. Cannot use GNN method.
2026-10-09 04:28:45,656 - WARNING - GNN failed on rep 90: PyTorch not installed. Cannot use GNN method.
2026-10-09 04:28:46,777 - WARNING - GNN failed on rep 91: PyTorch not installed. Cannot use GNN method.
2026-10-09 04:28:47,919 - WARNING - GNN failed on rep 92: PyTorch not installed. Cannot use GNN method.
2026-10-09 04:28:49,046 - WARNING - GNN failed on rep 93: PyTorch not installed. Cannot use GNN method.
2026-10-09 04:28:50,178 - WARNING - GNN failed on rep 94: PyTorch not installed. Cannot use GNN method.
2026-10-09 04:28:51,319 - WARNING - GNN failed on rep 95: PyTorch not installed. Cannot use GNN method.
2026-10-09 04:28:52,412 - WARNING - GNN failed on rep 96: PyTorch not installed. Cannot use GNN method.
2026-10-09 04:28:53,600 - WARNING - GNN failed on rep 97: PyTorch not installed. Cannot use GNN method.
2026-10-09 04:28:54,736 - WARNING - GNN failed on rep 98: PyTorch not installed. Cannot use GNN method.
2026-10-09 04:28:55,845 - WARNING - GNN failed on rep 99: PyTorch not installed. Cannot use GNN method.
2026-10-09 04:28:55,852 - INFO - Completed: T250_N0.1_D4_DF3
2026-10-09 04:28:55,863 - INFO - Configuration 75/90
2026-10-09 04:28:55,864 - INFO - Starting configuration: T250_N0.1_D2_DF5
2026-10-09 04:28:57,526 - WARNING - GNN failed on rep 0: PyTorch not installed. Cannot use GNN method.
2026-10-09 04:28:58,656 - WARNING - GNN failed on rep 1: PyTorch not installed. Cannot use GNN method.
2026-10-09 04:28:59,858 - WARNING - GNN failed on rep 2: PyTorch not installed. Cannot use GNN method.
2026-10-09 04:29:01,093 - WARNING - GNN failed on rep 3: PyTorch not installed. Cannot use GNN method.
2026-10-09 04:29:02,229 - WARNING - GNN failed on rep 4: PyTorch not installed. Cannot use GNN method.
2026-10-09 04:29:03,362 - WARNING - GNN failed on rep 5: PyTorch not installed. Cannot use GNN method.
2026-10-09 04:29:04,479 - WARNING - GNN failed on rep 6: PyTorch not installed. Cannot use GNN method.
2026-10-09 04:29:05,575 - WARNING - GNN failed on rep 7: PyTorch not installed. Cannot use GNN method.
2026-10-09 04:29:06,704 - WARNING - GNN failed on rep 8: PyTorch not installed. Cannot use GNN method.
2026-10-09 04:29:07,791 - WARNING - GNN failed on rep 9: PyTorch not installed. Cannot use GNN method.
2026-10-09 04:29:08,861 - WARNING - GNN failed on rep 10: PyTorch not installed. Cannot use GNN method.
2026-10-09 04:29:09,950 - WARNING - GNN failed on rep 11: PyTorch not installed. Cannot use GNN method.
2026-10-09 04:29:11,047 - WARNING - GNN failed on rep 12: PyTorch not installed. Cannot use GNN method.
2026-10-09 04:29:12,127 - WARNING - GNN failed on rep 13: PyTorch not installed. Cannot use GNN method.
2026-10-09 04:29:13,211 - WARNING - GNN failed on rep 14: PyTorch not installed. Cannot use GNN method.
2026-10-09 04:29:14,327 - WARNING - GNN failed on rep 15: PyTorch not installed. Cannot use GNN method.
2026-10-09 04:29:15,419 - WARNING - GNN failed on rep 16: PyTorch not installed. Cannot use GNN method.
2026-10-09 04:29:16,474 - WARNING - GNN failed on rep 17: PyTorch not installed. Cannot use GNN method.
2026-10-09 04:29:17,539 - WARNING - GNN failed on rep 18: PyTorch not installed. Cannot use GNN method.
2026-10-09 04:29:18,611 - WARNING - GNN failed on rep 19: PyTorch not installed. Cannot use GNN method.
2026-10-09 04:29:19,694 - WARNING - GNN failed on rep 20: PyTorch not installed. Cannot use GNN method.
2026-10-09 04:29:20,893 - WARNING - GNN failed on rep 21: PyTorch not installed. Cannot use GNN method.
2026-10-09 04:29:21,966 - WARNING - GNN failed on rep 22: PyTorch not installed. Cannot use GNN method.
2026-10-09 04:29:23,075 - WARNING - GNN failed on rep 23: PyTorch not installed. Cannot use GNN method.
2026-10-09 04:29:24,188 - WARNING - GNN failed on rep 24: PyTorch not installed. Cannot use GNN method.
2026-10-09 04:29:25,305 - WARNING - GNN failed on rep 25: PyTorch not installed. Cannot use GNN method.
2026-10-09 04:29:26,414 - WARNING - GNN failed on rep 26: PyTorch not installed. Cannot use GNN method.
2026-10-09 04:29:27,835 - WARNING - GNN failed on rep 27: PyTorch not installed. Cannot use GNN method.
2026-10-09 04:29:29,608 - WARNING - GNN failed on rep 28: PyTorch not installed. Cannot use GNN method.
2026-10-09 04:29:31,131 - WARNING - GNN failed on rep 29: PyTorch not installed. Cannot use GNN method.
2026-10-09 04:29:32,523 - WARNING - GNN failed on rep 30: PyTorch not installed. Cannot use GNN method.
2026-10-09 04:29:33,856 - WARNING - GNN failed on rep 31: PyTorch not installed. Cannot use GNN method.
2026-10-09 04:29:35,108 - WARNING - GNN failed on rep 32: PyTorch not installed. Cannot use GNN method.
2026-10-09 04:29:36,312 - WARNING - GNN failed on rep 33: PyTorch not installed. Cannot use GNN method.
2026-10-09 04:29:37,430 - WARNING - GNN failed on rep 34: PyTorch not installed. Cannot use GNN method.
2026-10-09 04:29:38,644 - WARNING - GNN failed on rep 35: PyTorch not installed. Cannot use GNN method.
2026-10-09 04:29:39,757 - WARNING - GNN failed on rep 36: PyTorch not installed. Cannot use GNN method.
2026-10-09 04:29:40,919 - WARNING - GNN failed on rep 37: PyTorch not installed. Cannot use GNN method.
2026-10-09 04:29:42,180 - WARNING - GNN failed on rep 38: PyTorch not installed. Cannot use GNN method.
2026-10-09 04:29:43,273 - WARNING - GNN failed on rep 39: PyTorch not installed. Cannot use GNN method.
2026-10-09 04:29:44,362 - WARNING - GNN failed on rep 40: PyTorch not installed. Cannot use GNN method.
2026-10-09 04:29:45,499 - WARNING - GNN failed on rep 41: PyTorch not installed. Cannot use GNN method.
2026-10-09 04:29:46,590 - WARNING - GNN failed on rep 42: PyTorch not installed. Cannot use GNN method.
2026-10-09 04:29:47,702 - WARNING - GNN failed on rep 43: PyTorch not installed. Cannot use GNN method.
2026-10-09 04:29:48,835 - WARNING - GNN failed on rep 44: PyTorch not installed. Cannot use GNN method.
2026-10-09 04:29:49,963 - WARNING - GNN failed on rep 45: PyTorch not installed. Cannot use GNN method.
2026-10-09 04:29:51,066 - WARNING - GNN failed on rep 46: PyTorch not installed. Cannot use GNN method.
2026-10-09 04:29:52,176 - WARNING - GNN failed on rep 47: PyTorch not installed. Cannot use GNN method.
2026-10-09 04:29:53,275 - WARNING - GNN failed on rep 48: PyTorch not installed. Cannot use GNN method.
2026-10-09 04:29:54,422 - WARNING - GNN failed on rep 49: PyTorch not installed. Cannot use GNN method.
2026-10-09 04:29:55,558 - WARNING - GNN failed on rep 50: PyTorch not installed. Cannot use GNN method.
2026-10-09 04:29:56,734 - WARNING - GNN failed on rep 51: PyTorch not installed. Cannot use GNN method.
2026-10-09 04:29:57,897 - WARNING - GNN failed on rep 52: PyTorch not installed. Cannot use GNN method.
2026-10-09 04:29:59,091 - WARNING - GNN failed on rep 53: PyTorch not installed. Cannot use GNN method.
2026-10-09 04:30:00,196 - WARNING - GNN failed on rep 54: PyTorch not installed. Cannot use GNN method.
2026-10-09 04:30:01,346 - WARNING - GNN failed on rep 55: PyTorch not installed. Cannot use GNN method.
2026-10-09 04:30:02,584 - WARNING - GNN failed on rep 56: PyTorch not installed. Cannot use GNN method.
2026-10-09 04:30:03,760 - WARNING - GNN failed on rep 57: PyTorch not installed. Cannot use GNN method.
2026-10-09 04:30:04,872 - WARNING - GNN failed on rep 58: PyTorch not installed. Cannot use GNN method.
2026-10-09 04:30:05,957 - WARNING - GNN failed on rep 59: PyTorch not installed. Cannot use GNN method.
2026-10-09 04:30:07,094 - WARNING - GNN failed on rep 60: PyTorch not installed. Cannot use GNN method.
2026-10-09 04:30:08,222 - WARNING - GNN failed on rep 61: PyTorch not installed. Cannot use GNN method.
2026-10-09 04:30:09,344 - WARNING - GNN failed on rep 62: PyTorch not installed. Cannot use GNN method.
2026-10-09 04:30:10,467 - WARNING - GNN failed on rep 63: PyTorch not installed. Cannot use GNN method.
2026-10-09 04:30:11,662 - WARNING - GNN failed on rep 64: PyTorch not installed. Cannot use GNN method.
2026-10-09 04:30:12,799 - WARNING - GNN failed on rep 65: PyTorch not installed. Cannot use GNN method.
2026-10-09 04:30:14,104 - WARNING - GNN failed on rep 66: PyTorch not installed. Cannot use GNN method.
2026-10-09 04:30:15,302 - WARNING - GNN failed on rep 67: PyTorch not installed. Cannot use GNN method.
2026-10-09 04:30:16,505 - WARNING - GNN failed on rep 68: PyTorch not installed. Cannot use GNN method.
2026-10-09 04:30:17,948 - WARNING - GNN failed on rep 69: PyTorch not installed. Cannot use GNN method.
2026-10-09 04:30:19,060 - WARNING - GNN failed on rep 70: PyTorch not installed. Cannot use GNN method.
2026-10-09 04:30:20,238 - WARNING - GNN failed on rep 71: PyTorch not installed. Cannot use GNN method.
2026-10-09 04:30:21,371 - WARNING - GNN failed on rep 72: PyTorch not installed. Cannot use GNN method.
2026-10-09 04:30:22,668 - WARNING - GNN failed on rep 73: PyTorch not installed. Cannot use GNN method.
2026-10-09 04:30:23,810 - WARNING - GNN failed on rep 74: PyTorch not installed. Cannot use GNN method.
2026-10-09 04:30:24,900 - WARNING - GNN failed on rep 75: PyTorch not installed. Cannot use GNN method.
2026-10-09 04:30:26,119 - WARNING - GNN failed on rep 76: PyTorch not installed. Cannot use GNN method.
2026-10-09 04:30:27,482 - WARNING - GNN failed on rep 77: PyTorch not installed. Cannot use GNN method.
2026-10-09 04:30:29,334 - WARNING - GNN failed on rep 78: PyTorch not installed. Cannot use GNN method.
2026-10-09 04:30:30,854 - WARNING - GNN failed on rep 79: PyTorch not installed. Cannot use GNN method.
2026-10-09 04:30:32,055 - WARNING - GNN failed on rep 80: PyTorch not installed. Cannot use GNN method.
2026-10-09 04:30:33,222 - WARNING - GNN failed on rep 81: PyTorch not installed. Cannot use GNN method.
2026-10-09 04:30:34,399 - WARNING - GNN failed on rep 82: PyTorch not installed. Cannot use GNN method.
2026-10-09 04:30:35,509 - WARNING - GNN failed on rep 83: PyTorch not installed. Cannot use GNN method.
2026-10-09 04:30:36,783 - WARNING - GNN failed on rep 84: PyTorch not installed. Cannot use GNN method.
2026-10-09 04:30:37,952 - WARNING - GNN failed on rep 85: PyTorch not installed. Cannot use GNN method.
2026-10-09 04:30:39,098 - WARNING - GNN failed on rep 86: PyTorch not installed. Cannot use GNN method.
2026-10-09 04:30:40,227 - WARNING - GNN failed on rep 87: PyTorch not installed. Cannot use GNN method.
2026-10-09 04:30:41,407 - WARNING - GNN failed on rep 88: PyTorch not installed. Cannot use GNN method.
2026-10-09 04:30:42,542 - WARNING - GNN failed on rep 89: PyTorch not installed. Cannot use GNN method.
2026-10-09 04:30:43,672 - WARNING - GNN failed on rep 90: PyTorch not installed. Cannot use GNN method.
2026-10-09 04:30:44,856 - WARNING - GNN failed on rep 91: PyTorch not installed. Cannot use GNN method.
2026-10-09 04:30:46,038 - WARNING - GNN failed on rep 92: PyTorch not installed. Cannot use GNN method.
2026-10-09 04:30:47,213 - WARNING - GNN failed on rep 93: PyTorch not installed. Cannot use GNN method.
2026-10-09 04:30:48,331 - WARNING - GNN failed on rep 94: PyTorch not installed. Cannot use GNN method.
2026-10-09 04:30:49,437 - WARNING - GNN failed on rep 95: PyTorch not installed. Cannot use GNN method.
2026-10-09 04:30:50,578 - WARNING - GNN failed on rep 96: PyTorch not installed. Cannot use GNN method.
2026-10-09 04:30:51,673 - WARNING - GNN failed on rep 97: PyTorch not installed. Cannot use GNN method.
2026-10-09 04:30:52,789 - WARNING - GNN failed on rep 98: PyTorch not installed. Cannot use GNN method.
2026-10-09 04:30:53,918 - WARNING - GNN failed on rep 99: PyTorch not installed. Cannot use GNN method.
2026-10-09 04:30:53,927 - INFO - Completed: T250_N0.1_D2_DF5
2026-10-09 04:30:53,932 - INFO - Configuration 76/90
2026-10-09 04:30:53,933 - INFO - Starting configuration: T250_N0.1_D4_DF5
2026-10-09 04:30:55,691 - WARNING - GNN failed on rep 0: PyTorch not installed. Cannot use GNN method.
2026-10-09 04:30:56,803 - WARNING - GNN failed on rep 1: PyTorch not installed. Cannot use GNN method.
2026-10-09 04:30:57,921 - WARNING - GNN failed on rep 2: PyTorch not installed. Cannot use GNN method.
2026-10-09 04:30:59,062 - WARNING - GNN failed on rep 3: PyTorch not installed. Cannot use GNN method.
2026-10-09 04:31:00,188 - WARNING - GNN failed on rep 4: PyTorch not installed. Cannot use GNN method.
2026-10-09 04:31:01,292 - WARNING - GNN failed on rep 5: PyTorch not installed. Cannot use GNN method.
2026-10-09 04:31:02,423 - WARNING - GNN failed on rep 6: PyTorch not installed. Cannot use GNN method.
2026-10-09 04:31:03,516 - WARNING - GNN failed on rep 7: PyTorch not installed. Cannot use GNN method.
2026-10-09 04:31:04,644 - WARNING - GNN failed on rep 8: PyTorch not installed. Cannot use GNN method.
2026-10-09 04:31:05,751 - WARNING - GNN failed on rep 9: PyTorch not installed. Cannot use GNN method.
2026-10-09 04:31:06,847 - WARNING - GNN failed on rep 10: PyTorch not installed. Cannot use GNN method.
2026-10-09 04:31:08,025 - WARNING - GNN failed on rep 11: PyTorch not installed. Cannot use GNN method.
2026-10-09 04:31:09,142 - WARNING - GNN failed on rep 12: PyTorch not installed. Cannot use GNN method.
2026-10-09 04:31:10,267 - WARNING - GNN failed on rep 13: PyTorch not installed. Cannot use GNN method.
2026-10-09 04:31:11,392 - WARNING - GNN failed on rep 14: PyTorch not installed. Cannot use GNN method.
2026-10-09 04:31:12,525 - WARNING - GNN failed on rep 15: PyTorch not installed. Cannot use GNN method.
2026-10-09 04:31:13,623 - WARNING - GNN failed on rep 16: PyTorch not installed. Cannot use GNN method.
2026-10-09 04:31:14,743 - WARNING - GNN failed on rep 17: PyTorch not installed. Cannot use GNN method.
2026-10-09 04:31:15,971 - WARNING - GNN failed on rep 18: PyTorch not installed. Cannot use GNN method.
2026-10-09 04:31:17,081 - WARNING - GNN failed on rep 19: PyTorch not installed. Cannot use GNN method.
2026-10-09 04:31:18,240 - WARNING - GNN failed on rep 20: PyTorch not installed. Cannot use GNN method.
2026-10-09 04:31:19,401 - WARNING - GNN failed on rep 21: PyTorch not installed. Cannot use GNN method.
2026-10-09 04:31:20,528 - WARNING - GNN failed on rep 22: PyTorch not installed. Cannot use GNN method.
2026-10-09 04:31:21,695 - WARNING - GNN failed on rep 23: PyTorch not installed. Cannot use GNN method.
2026-10-09 04:31:22,821 - WARNING - GNN failed on rep 24: PyTorch not installed. Cannot use GNN method.
2026-10-09 04:31:23,919 - WARNING - GNN failed on rep 25: PyTorch not installed. Cannot use GNN method.
2026-10-09 04:31:25,055 - WARNING - GNN failed on rep 26: PyTorch not installed. Cannot use GNN method.
2026-10-09 04:31:26,201 - WARNING - GNN failed on rep 27: PyTorch not installed. Cannot use GNN method.
2026-10-09 04:31:27,305 - WARNING - GNN failed on rep 28: PyTorch not installed. Cannot use GNN method.
2026-10-09 04:31:28,453 - WARNING - GNN failed on rep 29: PyTorch not installed. Cannot use GNN method.
2026-10-09 04:31:30,199 - WARNING - GNN failed on rep 30: PyTorch not installed. Cannot use GNN method.
2026-10-09 04:31:31,349 - WARNING - GNN failed on rep 31: PyTorch not installed. Cannot use GNN method.
2026-10-09 04:31:32,444 - WARNING - GNN failed on rep 32: PyTorch not installed. Cannot use GNN method.
2026-10-09 04:31:33,583 - WARNING - GNN failed on rep 33: PyTorch not installed. Cannot use GNN method.
2026-10-09 04:31:34,690 - WARNING - GNN failed on rep 34: PyTorch not installed. Cannot use GNN method.
2026-10-09 04:31:35,866 - WARNING - GNN failed on rep 35: PyTorch not installed. Cannot use GNN method.
2026-10-09 04:31:37,060 - WARNING - GNN failed on rep 36: PyTorch not installed. Cannot use GNN method.
2026-10-09 04:31:38,178 - WARNING - GNN failed on rep 37: PyTorch not installed. Cannot use GNN method.
2026-10-09 04:31:39,397 - WARNING - GNN failed on rep 38: PyTorch not installed. Cannot use GNN method.
2026-10-09 04:31:40,510 - WARNING - GNN failed on rep 39: PyTorch not installed. Cannot use GNN method.
2026-10-09 04:31:41,674 - WARNING - GNN failed on rep 40: PyTorch not installed. Cannot use GNN method.
2026-10-09 04:31:42,813 - WARNING - GNN failed on rep 41: PyTorch not installed. Cannot use GNN method.
2026-10-09 04:31:43,961 - WARNING - GNN failed on rep 42: PyTorch not installed. Cannot use GNN method.
2026-10-09 04:31:45,077 - WARNING - GNN failed on rep 43: PyTorch not installed. Cannot use GNN method.
2026-10-09 04:31:46,251 - WARNING - GNN failed on rep 44: PyTorch not installed. Cannot use GNN method.
2026-10-09 04:31:47,347 - WARNING - GNN failed on rep 45: PyTorch not installed. Cannot use GNN method.
2026-10-09 04:31:48,435 - WARNING - GNN failed on rep 46: PyTorch not installed. Cannot use GNN method.
2026-10-09 04:31:49,539 - WARNING - GNN failed on rep 47: PyTorch not installed. Cannot use GNN method.
2026-10-09 04:31:50,689 - WARNING - GNN failed on rep 48: PyTorch not installed. Cannot use GNN method.
2026-10-09 04:31:51,786 - WARNING - GNN failed on rep 49: PyTorch not installed. Cannot use GNN method.
2026-10-09 04:31:52,890 - WARNING - GNN failed on rep 50: PyTorch not installed. Cannot use GNN method.
2026-10-09 04:31:54,011 - WARNING - GNN failed on rep 51: PyTorch not installed. Cannot use GNN method.
2026-10-09 04:31:55,106 - WARNING - GNN failed on rep 52: PyTorch not installed. Cannot use GNN method.
2026-10-09 04:31:56,237 - WARNING - GNN failed on rep 53: PyTorch not installed. Cannot use GNN method.
2026-10-09 04:31:57,504 - WARNING - GNN failed on rep 54: PyTorch not installed. Cannot use GNN method.
2026-10-09 04:31:58,598 - WARNING - GNN failed on rep 55: PyTorch not installed. Cannot use GNN method.
2026-10-09 04:31:59,717 - WARNING - GNN failed on rep 56: PyTorch not installed. Cannot use GNN method.
2026-10-09 04:32:00,900 - WARNING - GNN failed on rep 57: PyTorch not installed. Cannot use GNN method.
2026-10-09 04:32:01,988 - WARNING - GNN failed on rep 58: PyTorch not installed. Cannot use GNN method.
2026-10-09 04:32:03,115 - WARNING - GNN failed on rep 59: PyTorch not installed. Cannot use GNN method.
2026-10-09 04:32:04,214 - WARNING - GNN failed on rep 60: PyTorch not installed. Cannot use GNN method.
2026-10-09 04:32:05,350 - WARNING - GNN failed on rep 61: PyTorch not installed. Cannot use GNN method.
2026-10-09 04:32:06,500 - WARNING - GNN failed on rep 62: PyTorch not installed. Cannot use GNN method.
2026-10-09 04:32:07,665 - WARNING - GNN failed on rep 63: PyTorch not installed. Cannot use GNN method.
2026-10-09 04:32:08,751 - WARNING - GNN failed on rep 64: PyTorch not installed. Cannot use GNN method.
2026-10-09 04:32:09,869 - WARNING - GNN failed on rep 65: PyTorch not installed. Cannot use GNN method.
2026-10-09 04:32:10,988 - WARNING - GNN failed on rep 66: PyTorch not installed. Cannot use GNN method.
2026-10-09 04:32:12,098 - WARNING - GNN failed on rep 67: PyTorch not installed. Cannot use GNN method.
2026-10-09 04:32:13,229 - WARNING - GNN failed on rep 68: PyTorch not installed. Cannot use GNN method.
2026-10-09 04:32:14,401 - WARNING - GNN failed on rep 69: PyTorch not installed. Cannot use GNN method.
2026-10-09 04:32:15,680 - WARNING - GNN failed on rep 70: PyTorch not installed. Cannot use GNN method.
2026-10-09 04:32:16,790 - WARNING - GNN failed on rep 71: PyTorch not installed. Cannot use GNN method.
2026-10-09 04:32:17,918 - WARNING - GNN failed on rep 72: PyTorch not installed. Cannot use GNN method.
2026-10-09 04:32:19,051 - WARNING - GNN failed on rep 73: PyTorch not installed. Cannot use GNN method.
2026-10-09 04:32:20,199 - WARNING - GNN failed on rep 74: PyTorch not installed. Cannot use GNN method.
2026-10-09 04:32:21,363 - WARNING - GNN failed on rep 75: PyTorch not installed. Cannot use GNN method.
2026-10-09 04:32:22,506 - WARNING - GNN failed on rep 76: PyTorch not installed. Cannot use GNN method.
2026-10-09 04:32:23,599 - WARNING - GNN failed on rep 77: PyTorch not installed. Cannot use GNN method.
2026-10-09 04:32:24,775 - WARNING - GNN failed on rep 78: PyTorch not installed. Cannot use GNN method.
2026-10-09 04:32:25,923 - WARNING - GNN failed on rep 79: PyTorch not installed. Cannot use GNN method.
2026-10-09 04:32:27,102 - WARNING - GNN failed on rep 80: PyTorch not installed. Cannot use GNN method.
2026-10-09 04:32:28,193 - WARNING - GNN failed on rep 81: PyTorch not installed. Cannot use GNN method.
2026-10-09 04:32:29,820 - WARNING - GNN failed on rep 82: PyTorch not installed. Cannot use GNN method.
2026-10-09 04:32:30,985 - WARNING - GNN failed on rep 83: PyTorch not installed. Cannot use GNN method.
2026-10-09 04:32:32,080 - WARNING - GNN failed on rep 84: PyTorch not installed. Cannot use GNN method.
2026-10-09 04:32:33,157 - WARNING - GNN failed on rep 85: PyTorch not installed. Cannot use GNN method.
2026-10-09 04:32:34,270 - WARNING - GNN failed on rep 86: PyTorch not installed. Cannot use GNN method.
2026-10-09 04:32:35,521 - WARNING - GNN failed on rep 87: PyTorch not installed. Cannot use GNN method.
2026-10-09 04:32:36,593 - WARNING - GNN failed on rep 88: PyTorch not installed. Cannot use GNN method.
2026-10-09 04:32:37,750 - WARNING - GNN failed on rep 89: PyTorch not installed. Cannot use GNN method.
2026-10-09 04:32:38,853 - WARNING - GNN failed on rep 90: PyTorch not installed. Cannot use GNN method.
2026-10-09 04:32:39,977 - WARNING - GNN failed on rep 91: PyTorch not installed. Cannot use GNN method.
2026-10-09 04:32:41,107 - WARNING - GNN failed on rep 92: PyTorch not installed. Cannot use GNN method.
2026-10-09 04:32:42,312 - WARNING - GNN failed on rep 93: PyTorch not installed. Cannot use GNN method.
2026-10-09 04:32:43,412 - WARNING - GNN failed on rep 94: PyTorch not installed. Cannot use GNN method.
2026-10-09 04:32:44,729 - WARNING - GNN failed on rep 95: PyTorch not installed. Cannot use GNN method.
2026-10-09 04:32:45,950 - WARNING - GNN failed on rep 96: PyTorch not installed. Cannot use GNN method.
2026-10-09 04:32:47,059 - WARNING - GNN failed on rep 97: PyTorch not installed. Cannot use GNN method.
2026-10-09 04:32:48,174 - WARNING - GNN failed on rep 98: PyTorch not installed. Cannot use GNN method.
2026-10-09 04:32:49,272 - WARNING - GNN failed on rep 99: PyTorch not installed. Cannot use GNN method.
2026-10-09 04:32:49,280 - INFO - Completed: T250_N0.1_D4_DF5
2026-10-09 04:32:49,290 - INFO - Configuration 77/90
2026-10-09 04:32:49,290 - INFO - Starting configuration: T250_N0.1_D2_DF10
2026-10-09 04:32:50,948 - WARNING - GNN failed on rep 0: PyTorch not installed. Cannot use GNN method.
2026-10-09 04:32:52,098 - WARNING - GNN failed on rep 1: PyTorch not installed. Cannot use GNN method.
2026-10-09 04:32:53,340 - WARNING - GNN failed on rep 2: PyTorch not installed. Cannot use GNN method.
2026-10-09 04:32:54,440 - WARNING - GNN failed on rep 3: PyTorch not installed. Cannot use GNN method.
2026-10-09 04:32:55,530 - WARNING - GNN failed on rep 4: PyTorch not installed. Cannot use GNN method.
2026-10-09 04:32:56,681 - WARNING - GNN failed on rep 5: PyTorch not installed. Cannot use GNN method.
2026-10-09 04:32:57,841 - WARNING - GNN failed on rep 6: PyTorch not installed. Cannot use GNN method.
2026-10-09 04:32:58,951 - WARNING - GNN failed on rep 7: PyTorch not installed. Cannot use GNN method.
2026-10-09 04:33:00,065 - WARNING - GNN failed on rep 8: PyTorch not installed. Cannot use GNN method.
2026-10-09 04:33:01,207 - WARNING - GNN failed on rep 9: PyTorch not installed. Cannot use GNN method.
2026-10-09 04:33:02,329 - WARNING - GNN failed on rep 10: PyTorch not installed. Cannot use GNN method.
2026-10-09 04:33:03,458 - WARNING - GNN failed on rep 11: PyTorch not installed. Cannot use GNN method.
2026-10-09 04:33:04,561 - WARNING - GNN failed on rep 12: PyTorch not installed. Cannot use GNN method.
2026-10-09 04:33:05,677 - WARNING - GNN failed on rep 13: PyTorch not installed. Cannot use GNN method.
2026-10-09 04:33:06,768 - WARNING - GNN failed on rep 14: PyTorch not installed. Cannot use GNN method.
2026-10-09 04:33:07,945 - WARNING - GNN failed on rep 15: PyTorch not installed. Cannot use GNN method.
2026-10-09 04:33:09,073 - WARNING - GNN failed on rep 16: PyTorch not installed. Cannot use GNN method.
2026-10-09 04:33:10,169 - WARNING - GNN failed on rep 17: PyTorch not installed. Cannot use GNN method.
2026-10-09 04:33:11,250 - WARNING - GNN failed on rep 18: PyTorch not installed. Cannot use GNN method.
2026-10-09 04:33:12,331 - WARNING - GNN failed on rep 19: PyTorch not installed. Cannot use GNN method.
2026-10-09 04:33:13,556 - WARNING - GNN failed on rep 20: PyTorch not installed. Cannot use GNN method.
2026-10-09 04:33:14,777 - WARNING - GNN failed on rep 21: PyTorch not installed. Cannot use GNN method.
2026-10-09 04:33:15,864 - WARNING - GNN failed on rep 22: PyTorch not installed. Cannot use GNN method.
2026-10-09 04:33:16,998 - WARNING - GNN failed on rep 23: PyTorch not installed. Cannot use GNN method.
2026-10-09 04:33:18,063 - WARNING - GNN failed on rep 24: PyTorch not installed. Cannot use GNN method.
2026-10-09 04:33:19,197 - WARNING - GNN failed on rep 25: PyTorch not installed. Cannot use GNN method.
2026-10-09 04:33:20,278 - WARNING - GNN failed on rep 26: PyTorch not installed. Cannot use GNN method.
2026-10-09 04:33:21,367 - WARNING - GNN failed on rep 27: PyTorch not installed. Cannot use GNN method.
2026-10-09 04:33:22,435 - WARNING - GNN failed on rep 28: PyTorch not installed. Cannot use GNN method.
2026-10-09 04:33:23,515 - WARNING - GNN failed on rep 29: PyTorch not installed. Cannot use GNN method.
2026-10-09 04:33:24,632 - WARNING - GNN failed on rep 30: PyTorch not installed. Cannot use GNN method.
2026-10-09 04:33:25,747 - WARNING - GNN failed on rep 31: PyTorch not installed. Cannot use GNN method.
2026-10-09 04:33:26,814 - WARNING - GNN failed on rep 32: PyTorch not installed. Cannot use GNN method.
2026-10-09 04:33:27,943 - WARNING - GNN failed on rep 33: PyTorch not installed. Cannot use GNN method.
2026-10-09 04:33:29,659 - WARNING - GNN failed on rep 34: PyTorch not installed. Cannot use GNN method.
2026-10-09 04:33:30,757 - WARNING - GNN failed on rep 35: PyTorch not installed. Cannot use GNN method.
2026-10-09 04:33:31,888 - WARNING - GNN failed on rep 36: PyTorch not installed. Cannot use GNN method.
2026-10-09 04:33:33,052 - WARNING - GNN failed on rep 37: PyTorch not installed. Cannot use GNN method.
2026-10-09 04:33:34,365 - WARNING - GNN failed on rep 38: PyTorch not installed. Cannot use GNN method.
2026-10-09 04:33:35,636 - WARNING - GNN failed on rep 39: PyTorch not installed. Cannot use GNN method.
2026-10-09 04:33:36,909 - WARNING - GNN failed on rep 40: PyTorch not installed. Cannot use GNN method.
2026-10-09 04:33:38,163 - WARNING - GNN failed on rep 41: PyTorch not installed. Cannot use GNN method.
2026-10-09 04:33:39,444 - WARNING - GNN failed on rep 42: PyTorch not installed. Cannot use GNN method.
2026-10-09 04:33:40,697 - WARNING - GNN failed on rep 43: PyTorch not installed. Cannot use GNN method.
2026-10-09 04:33:42,228 - WARNING - GNN failed on rep 44: PyTorch not installed. Cannot use GNN method.
2026-10-09 04:33:43,703 - WARNING - GNN failed on rep 45: PyTorch not installed. Cannot use GNN method.
2026-10-09 04:33:45,234 - WARNING - GNN failed on rep 46: PyTorch not installed. Cannot use GNN method.
2026-10-09 04:33:46,695 - WARNING - GNN failed on rep 47: PyTorch not installed. Cannot use GNN method.
2026-10-09 04:33:48,038 - WARNING - GNN failed on rep 48: PyTorch not installed. Cannot use GNN method.
2026-10-09 04:33:49,393 - WARNING - GNN failed on rep 49: PyTorch not installed. Cannot use GNN method.
2026-10-09 04:33:50,742 - WARNING - GNN failed on rep 50: PyTorch not installed. Cannot use GNN method.
2026-10-09 04:33:51,966 - WARNING - GNN failed on rep 51: PyTorch not installed. Cannot use GNN method.
2026-10-09 04:33:53,194 - WARNING - GNN failed on rep 52: PyTorch not installed. Cannot use GNN method.
2026-10-09 04:33:54,498 - WARNING - GNN failed on rep 53: PyTorch not installed. Cannot use GNN method.
2026-10-09 04:33:55,822 - WARNING - GNN failed on rep 54: PyTorch not installed. Cannot use GNN method.
2026-10-09 04:33:57,118 - WARNING - GNN failed on rep 55: PyTorch not installed. Cannot use GNN method.
2026-10-09 04:33:58,495 - WARNING - GNN failed on rep 56: PyTorch not installed. Cannot use GNN method.
2026-10-09 04:33:59,816 - WARNING - GNN failed on rep 57: PyTorch not installed. Cannot use GNN method.
2026-10-09 04:34:01,178 - WARNING - GNN failed on rep 58: PyTorch not installed. Cannot use GNN method.
2026-10-09 04:34:02,511 - WARNING - GNN failed on rep 59: PyTorch not installed. Cannot use GNN method.
2026-10-09 04:34:03,840 - WARNING - GNN failed on rep 60: PyTorch not installed. Cannot use GNN method.
2026-10-09 04:34:05,224 - WARNING - GNN failed on rep 61: PyTorch not installed. Cannot use GNN method.
2026-10-09 04:34:06,647 - WARNING - GNN failed on rep 62: PyTorch not installed. Cannot use GNN method.
2026-10-09 04:34:08,218 - WARNING - GNN failed on rep 63: PyTorch not installed. Cannot use GNN method.
2026-10-09 04:34:09,645 - WARNING - GNN failed on rep 64: PyTorch not installed. Cannot use GNN method.
2026-10-09 04:34:11,005 - WARNING - GNN failed on rep 65: PyTorch not installed. Cannot use GNN method.
2026-10-09 04:34:12,688 - WARNING - GNN failed on rep 66: PyTorch not installed. Cannot use GNN method.
2026-10-09 04:34:14,050 - WARNING - GNN failed on rep 67: PyTorch not installed. Cannot use GNN method.
2026-10-09 04:34:15,216 - WARNING - GNN failed on rep 68: PyTorch not installed. Cannot use GNN method.
2026-10-09 04:34:16,350 - WARNING - GNN failed on rep 69: PyTorch not installed. Cannot use GNN method.
2026-10-09 04:34:17,529 - WARNING - GNN failed on rep 70: PyTorch not installed. Cannot use GNN method.
2026-10-09 04:34:18,897 - WARNING - GNN failed on rep 71: PyTorch not installed. Cannot use GNN method.
2026-10-09 04:34:20,120 - WARNING - GNN failed on rep 72: PyTorch not installed. Cannot use GNN method.
2026-10-09 04:34:21,375 - WARNING - GNN failed on rep 73: PyTorch not installed. Cannot use GNN method.
2026-10-09 04:34:22,590 - WARNING - GNN failed on rep 74: PyTorch not installed. Cannot use GNN method.
2026-10-09 04:34:23,812 - WARNING - GNN failed on rep 75: PyTorch not installed. Cannot use GNN method.
2026-10-09 04:34:25,107 - WARNING - GNN failed on rep 76: PyTorch not installed. Cannot use GNN method.
2026-10-09 04:34:26,572 - WARNING - GNN failed on rep 77: PyTorch not installed. Cannot use GNN method.
2026-10-09 04:34:27,863 - WARNING - GNN failed on rep 78: PyTorch not installed. Cannot use GNN method.
2026-10-09 04:34:29,856 - WARNING - GNN failed on rep 79: PyTorch not installed. Cannot use GNN method.
2026-10-09 04:34:31,091 - WARNING - GNN failed on rep 80: PyTorch not installed. Cannot use GNN method.
2026-10-09 04:34:32,338 - WARNING - GNN failed on rep 81: PyTorch not installed. Cannot use GNN method.
2026-10-09 04:34:34,159 - WARNING - GNN failed on rep 82: PyTorch not installed. Cannot use GNN method.
2026-10-09 04:34:35,861 - WARNING - GNN failed on rep 83: PyTorch not installed. Cannot use GNN method.
2026-10-09 04:34:37,492 - WARNING - GNN failed on rep 84: PyTorch not installed. Cannot use GNN method.
2026-10-09 04:34:39,226 - WARNING - GNN failed on rep 85: PyTorch not installed. Cannot use GNN method.
2026-10-09 04:34:40,828 - WARNING - GNN failed on rep 86: PyTorch not installed. Cannot use GNN method.
2026-10-09 04:34:42,399 - WARNING - GNN failed on rep 87: PyTorch not installed. Cannot use GNN method.
2026-10-09 04:34:44,166 - WARNING - GNN failed on rep 88: PyTorch not installed. Cannot use GNN method.
2026-10-09 04:34:46,173 - WARNING - GNN failed on rep 89: PyTorch not installed. Cannot use GNN method.
2026-10-09 04:34:48,197 - WARNING - GNN failed on rep 90: PyTorch not installed. Cannot use GNN method.
2026-10-09 04:34:50,247 - WARNING - GNN failed on rep 91: PyTorch not installed. Cannot use GNN method.
2026-10-09 04:34:52,360 - WARNING - GNN failed on rep 92: PyTorch not installed. Cannot use GNN method.
2026-10-09 04:34:54,198 - WARNING - GNN failed on rep 93: PyTorch not installed. Cannot use GNN method.
2026-10-09 04:34:55,643 - WARNING - GNN failed on rep 94: PyTorch not installed. Cannot use GNN method.
2026-10-09 04:34:57,108 - WARNING - GNN failed on rep 95: PyTorch not installed. Cannot use GNN method.
2026-10-09 04:34:58,611 - WARNING - GNN failed on rep 96: PyTorch not installed. Cannot use GNN method.
2026-10-09 04:35:00,196 - WARNING - GNN failed on rep 97: PyTorch not installed. Cannot use GNN method.
2026-10-09 04:35:01,553 - WARNING - GNN failed on rep 98: PyTorch not installed. Cannot use GNN method.
2026-10-09 04:35:02,684 - WARNING - GNN failed on rep 99: PyTorch not installed. Cannot use GNN method.
2026-10-09 04:35:02,691 - INFO - Completed: T250_N0.1_D2_DF10
2026-10-09 04:35:02,697 - INFO - Configuration 78/90
2026-10-09 04:35:02,697 - INFO - Starting configuration: T250_N0.1_D4_DF10
2026-10-09 04:35:04,372 - WARNING - GNN failed on rep 0: PyTorch not installed. Cannot use GNN method.
2026-10-09 04:35:05,498 - WARNING - GNN failed on rep 1: PyTorch not installed. Cannot use GNN method.
2026-10-09 04:35:06,737 - WARNING - GNN failed on rep 2: PyTorch not installed. Cannot use GNN method.
2026-10-09 04:35:07,865 - WARNING - GNN failed on rep 3: PyTorch not installed. Cannot use GNN method.
2026-10-09 04:35:08,990 - WARNING - GNN failed on rep 4: PyTorch not installed. Cannot use GNN method.
2026-10-09 04:35:10,165 - WARNING - GNN failed on rep 5: PyTorch not installed. Cannot use GNN method.
2026-10-09 04:35:11,316 - WARNING - GNN failed on rep 6: PyTorch not installed. Cannot use GNN method.
2026-10-09 04:35:12,492 - WARNING - GNN failed on rep 7: PyTorch not installed. Cannot use GNN method.
2026-10-09 04:35:13,752 - WARNING - GNN failed on rep 8: PyTorch not installed. Cannot use GNN method.
2026-10-09 04:35:14,933 - WARNING - GNN failed on rep 9: PyTorch not installed. Cannot use GNN method.
2026-10-09 04:35:16,064 - WARNING - GNN failed on rep 10: PyTorch not installed. Cannot use GNN method.
2026-10-09 04:35:17,194 - WARNING - GNN failed on rep 11: PyTorch not installed. Cannot use GNN method.
2026-10-09 04:35:18,307 - WARNING - GNN failed on rep 12: PyTorch not installed. Cannot use GNN method.
2026-10-09 04:35:19,411 - WARNING - GNN failed on rep 13: PyTorch not installed. Cannot use GNN method.
2026-10-09 04:35:20,536 - WARNING - GNN failed on rep 14: PyTorch not installed. Cannot use GNN method.
2026-10-09 04:35:21,652 - WARNING - GNN failed on rep 15: PyTorch not installed. Cannot use GNN method.
2026-10-09 04:35:22,769 - WARNING - GNN failed on rep 16: PyTorch not installed. Cannot use GNN method.
2026-10-09 04:35:23,909 - WARNING - GNN failed on rep 17: PyTorch not installed. Cannot use GNN method.
2026-10-09 04:35:25,021 - WARNING - GNN failed on rep 18: PyTorch not installed. Cannot use GNN method.
2026-10-09 04:35:26,125 - WARNING - GNN failed on rep 19: PyTorch not installed. Cannot use GNN method.
2026-10-09 04:35:27,365 - WARNING - GNN failed on rep 20: PyTorch not installed. Cannot use GNN method.
2026-10-09 04:35:28,488 - WARNING - GNN failed on rep 21: PyTorch not installed. Cannot use GNN method.
2026-10-09 04:35:30,130 - WARNING - GNN failed on rep 22: PyTorch not installed. Cannot use GNN method.
2026-10-09 04:35:31,286 - WARNING - GNN failed on rep 23: PyTorch not installed. Cannot use GNN method.
2026-10-09 04:35:32,401 - WARNING - GNN failed on rep 24: PyTorch not installed. Cannot use GNN method.
2026-10-09 04:35:33,514 - WARNING - GNN failed on rep 25: PyTorch not installed. Cannot use GNN method.
2026-10-09 04:35:34,612 - WARNING - GNN failed on rep 26: PyTorch not installed. Cannot use GNN method.
2026-10-09 04:35:35,726 - WARNING - GNN failed on rep 27: PyTorch not installed. Cannot use GNN method.
2026-10-09 04:35:36,843 - WARNING - GNN failed on rep 28: PyTorch not installed. Cannot use GNN method.
2026-10-09 04:35:37,948 - WARNING - GNN failed on rep 29: PyTorch not installed. Cannot use GNN method.
2026-10-09 04:35:39,067 - WARNING - GNN failed on rep 30: PyTorch not installed. Cannot use GNN method.
2026-10-09 04:35:40,173 - WARNING - GNN failed on rep 31: PyTorch not installed. Cannot use GNN method.
2026-10-09 04:35:41,272 - WARNING - GNN failed on rep 32: PyTorch not installed. Cannot use GNN method.
2026-10-09 04:35:42,381 - WARNING - GNN failed on rep 33: PyTorch not installed. Cannot use GNN method.
2026-10-09 04:35:43,492 - WARNING - GNN failed on rep 34: PyTorch not installed. Cannot use GNN method.
2026-10-09 04:35:44,610 - WARNING - GNN failed on rep 35: PyTorch not installed. Cannot use GNN method.
2026-10-09 04:35:45,700 - WARNING - GNN failed on rep 36: PyTorch not installed. Cannot use GNN method.
2026-10-09 04:35:46,814 - WARNING - GNN failed on rep 37: PyTorch not installed. Cannot use GNN method.
2026-10-09 04:35:48,050 - WARNING - GNN failed on rep 38: PyTorch not installed. Cannot use GNN method.
2026-10-09 04:35:49,157 - WARNING - GNN failed on rep 39: PyTorch not installed. Cannot use GNN method.
2026-10-09 04:35:50,249 - WARNING - GNN failed on rep 40: PyTorch not installed. Cannot use GNN method.
2026-10-09 04:35:51,397 - WARNING - GNN failed on rep 41: PyTorch not installed. Cannot use GNN method.
2026-10-09 04:35:52,481 - WARNING - GNN failed on rep 42: PyTorch not installed. Cannot use GNN method.
2026-10-09 04:35:53,579 - WARNING - GNN failed on rep 43: PyTorch not installed. Cannot use GNN method.
2026-10-09 04:35:54,671 - WARNING - GNN failed on rep 44: PyTorch not installed. Cannot use GNN method.
2026-10-09 04:35:55,797 - WARNING - GNN failed on rep 45: PyTorch not installed. Cannot use GNN method.
2026-10-09 04:35:56,895 - WARNING - GNN failed on rep 46: PyTorch not installed. Cannot use GNN method.
2026-10-09 04:35:58,009 - WARNING - GNN failed on rep 47: PyTorch not installed. Cannot use GNN method.
2026-10-09 04:35:59,112 - WARNING - GNN failed on rep 48: PyTorch not installed. Cannot use GNN method.
2026-10-09 04:36:00,242 - WARNING - GNN failed on rep 49: PyTorch not installed. Cannot use GNN method.
2026-10-09 04:36:01,363 - WARNING - GNN failed on rep 50: PyTorch not installed. Cannot use GNN method.
2026-10-09 04:36:02,447 - WARNING - GNN failed on rep 51: PyTorch not installed. Cannot use GNN method.
2026-10-09 04:36:03,554 - WARNING - GNN failed on rep 52: PyTorch not installed. Cannot use GNN method.
2026-10-09 04:36:04,649 - WARNING - GNN failed on rep 53: PyTorch not installed. Cannot use GNN method.
2026-10-09 04:36:05,757 - WARNING - GNN failed on rep 54: PyTorch not installed. Cannot use GNN method.
2026-10-09 04:36:06,846 - WARNING - GNN failed on rep 55: PyTorch not installed. Cannot use GNN method.
2026-10-09 04:36:08,072 - WARNING - GNN failed on rep 56: PyTorch not installed. Cannot use GNN method.
2026-10-09 04:36:09,191 - WARNING - GNN failed on rep 57: PyTorch not installed. Cannot use GNN method.
2026-10-09 04:36:10,302 - WARNING - GNN failed on rep 58: PyTorch not installed. Cannot use GNN method.
2026-10-09 04:36:11,396 - WARNING - GNN failed on rep 59: PyTorch not installed. Cannot use GNN method.
2026-10-09 04:36:12,720 - WARNING - GNN failed on rep 60: PyTorch not installed. Cannot use GNN method.
2026-10-09 04:36:13,857 - WARNING - GNN failed on rep 61: PyTorch not installed. Cannot use GNN method.
2026-10-09 04:36:14,968 - WARNING - GNN failed on rep 62: PyTorch not installed. Cannot use GNN method.
2026-10-09 04:36:16,090 - WARNING - GNN failed on rep 63: PyTorch not installed. Cannot use GNN method.
2026-10-09 04:36:17,175 - WARNING - GNN failed on rep 64: PyTorch not installed. Cannot use GNN method.
2026-10-09 04:36:18,280 - WARNING - GNN failed on rep 65: PyTorch not installed. Cannot use GNN method.
2026-10-09 04:36:19,390 - WARNING - GNN failed on rep 66: PyTorch not installed. Cannot use GNN method.
2026-10-09 04:36:20,501 - WARNING - GNN failed on rep 67: PyTorch not installed. Cannot use GNN method.
2026-10-09 04:36:21,620 - WARNING - GNN failed on rep 68: PyTorch not installed. Cannot use GNN method.
2026-10-09 04:36:22,744 - WARNING - GNN failed on rep 69: PyTorch not installed. Cannot use GNN method.
2026-10-09 04:36:23,839 - WARNING - GNN failed on rep 70: PyTorch not installed. Cannot use GNN method.
2026-10-09 04:36:24,956 - WARNING - GNN failed on rep 71: PyTorch not installed. Cannot use GNN method.
2026-10-09 04:36:26,065 - WARNING - GNN failed on rep 72: PyTorch not installed. Cannot use GNN method.
2026-10-09 04:36:27,176 - WARNING - GNN failed on rep 73: PyTorch not installed. Cannot use GNN method.
2026-10-09 04:36:28,420 - WARNING - GNN failed on rep 74: PyTorch not installed. Cannot use GNN method.
2026-10-09 04:36:30,036 - WARNING - GNN failed on rep 75: PyTorch not installed. Cannot use GNN method.
2026-10-09 04:36:31,125 - WARNING - GNN failed on rep 76: PyTorch not installed. Cannot use GNN method.
2026-10-09 04:36:32,240 - WARNING - GNN failed on rep 77: PyTorch not installed. Cannot use GNN method.
2026-10-09 04:36:33,386 - WARNING - GNN failed on rep 78: PyTorch not installed. Cannot use GNN method.
2026-10-09 04:36:34,490 - WARNING - GNN failed on rep 79: PyTorch not installed. Cannot use GNN method.
2026-10-09 04:36:35,591 - WARNING - GNN failed on rep 80: PyTorch not installed. Cannot use GNN method.
2026-10-09 04:36:36,713 - WARNING - GNN failed on rep 81: PyTorch not installed. Cannot use GNN method.
2026-10-09 04:36:37,813 - WARNING - GNN failed on rep 82: PyTorch not installed. Cannot use GNN method.
2026-10-09 04:36:38,928 - WARNING - GNN failed on rep 83: PyTorch not installed. Cannot use GNN method.
2026-10-09 04:36:40,068 - WARNING - GNN failed on rep 84: PyTorch not installed. Cannot use GNN method.
2026-10-09 04:36:41,177 - WARNING - GNN failed on rep 85: PyTorch not installed. Cannot use GNN method.
2026-10-09 04:36:42,302 - WARNING - GNN failed on rep 86: PyTorch not installed. Cannot use GNN method.
2026-10-09 04:36:43,441 - WARNING - GNN failed on rep 87: PyTorch not installed. Cannot use GNN method.
2026-10-09 04:36:44,537 - WARNING - GNN failed on rep 88: PyTorch not installed. Cannot use GNN method.
2026-10-09 04:36:45,638 - WARNING - GNN failed on rep 89: PyTorch not installed. Cannot use GNN method.
2026-10-09 04:36:46,731 - WARNING - GNN failed on rep 90: PyTorch not installed. Cannot use GNN method.
2026-10-09 04:36:47,869 - WARNING - GNN failed on rep 91: PyTorch not installed. Cannot use GNN method.
2026-10-09 04:36:49,087 - WARNING - GNN failed on rep 92: PyTorch not installed. Cannot use GNN method.
2026-10-09 04:36:50,365 - WARNING - GNN failed on rep 93: PyTorch not installed. Cannot use GNN method.
2026-10-09 04:36:51,506 - WARNING - GNN failed on rep 94: PyTorch not installed. Cannot use GNN method.
2026-10-09 04:36:52,632 - WARNING - GNN failed on rep 95: PyTorch not installed. Cannot use GNN method.
2026-10-09 04:36:53,799 - WARNING - GNN failed on rep 96: PyTorch not installed. Cannot use GNN method.
2026-10-09 04:36:54,909 - WARNING - GNN failed on rep 97: PyTorch not installed. Cannot use GNN method.
2026-10-09 04:36:56,024 - WARNING - GNN failed on rep 98: PyTorch not installed. Cannot use GNN method.
2026-10-09 04:36:57,154 - WARNING - GNN failed on rep 99: PyTorch not installed. Cannot use GNN method.
2026-10-09 04:36:57,161 - INFO - Completed: T250_N0.1_D4_DF10
2026-10-09 04:36:57,167 - INFO - Configuration 79/90
2026-10-09 04:36:57,167 - INFO - Starting configuration: T250_N0.3_D2_DF3
2026-10-09 04:36:58,825 - WARNING - GNN failed on rep 0: PyTorch not installed. Cannot use GNN method.
2026-10-09 04:36:59,916 - WARNING - GNN failed on rep 1: PyTorch not installed. Cannot use GNN method.
2026-10-09 04:37:01,025 - WARNING - GNN failed on rep 2: PyTorch not installed. Cannot use GNN method.
2026-10-09 04:37:02,123 - WARNING - GNN failed on rep 3: PyTorch not installed. Cannot use GNN method.
2026-10-09 04:37:03,221 - WARNING - GNN failed on rep 4: PyTorch not installed. Cannot use GNN method.
2026-10-09 04:37:04,327 - WARNING - GNN failed on rep 5: PyTorch not installed. Cannot use GNN method.
2026-10-09 04:37:05,425 - WARNING - GNN failed on rep 6: PyTorch not installed. Cannot use GNN method.
2026-10-09 04:37:06,530 - WARNING - GNN failed on rep 7: PyTorch not installed. Cannot use GNN method.
2026-10-09 04:37:07,771 - WARNING - GNN failed on rep 8: PyTorch not installed. Cannot use GNN method.
2026-10-09 04:37:08,907 - WARNING - GNN failed on rep 9: PyTorch not installed. Cannot use GNN method.
2026-10-09 04:37:09,996 - WARNING - GNN failed on rep 10: PyTorch not installed. Cannot use GNN method.
2026-10-09 04:37:11,084 - WARNING - GNN failed on rep 11: PyTorch not installed. Cannot use GNN method.
2026-10-09 04:37:12,179 - WARNING - GNN failed on rep 12: PyTorch not installed. Cannot use GNN method.
2026-10-09 04:37:13,270 - WARNING - GNN failed on rep 13: PyTorch not installed. Cannot use GNN method.
2026-10-09 04:37:14,347 - WARNING - GNN failed on rep 14: PyTorch not installed. Cannot use GNN method.
2026-10-09 04:37:15,501 - WARNING - GNN failed on rep 15: PyTorch not installed. Cannot use GNN method.
2026-10-09 04:37:16,604 - WARNING - GNN failed on rep 16: PyTorch not installed. Cannot use GNN method.
2026-10-09 04:37:17,704 - WARNING - GNN failed on rep 17: PyTorch not installed. Cannot use GNN method.
2026-10-09 04:37:18,793 - WARNING - GNN failed on rep 18: PyTorch not installed. Cannot use GNN method.
2026-10-09 04:37:19,885 - WARNING - GNN failed on rep 19: PyTorch not installed. Cannot use GNN method.
2026-10-09 04:37:21,010 - WARNING - GNN failed on rep 20: PyTorch not installed. Cannot use GNN method.
2026-10-09 04:37:22,099 - WARNING - GNN failed on rep 21: PyTorch not installed. Cannot use GNN method.
2026-10-09 04:37:23,197 - WARNING - GNN failed on rep 22: PyTorch not installed. Cannot use GNN method.
2026-10-09 04:37:24,296 - WARNING - GNN failed on rep 23: PyTorch not installed. Cannot use GNN method.
2026-10-09 04:37:25,396 - WARNING - GNN failed on rep 24: PyTorch not installed. Cannot use GNN method.
2026-10-09 04:37:26,496 - WARNING - GNN failed on rep 25: PyTorch not installed. Cannot use GNN method.
2026-10-09 04:37:27,734 - WARNING - GNN failed on rep 26: PyTorch not installed. Cannot use GNN method.
2026-10-09 04:37:29,314 - WARNING - GNN failed on rep 27: PyTorch not installed. Cannot use GNN method.
2026-10-09 04:37:30,441 - WARNING - GNN failed on rep 28: PyTorch not installed. Cannot use GNN method.
2026-10-09 04:37:31,548 - WARNING - GNN failed on rep 29: PyTorch not installed. Cannot use GNN method.
2026-10-09 04:37:32,656 - WARNING - GNN failed on rep 30: PyTorch not installed. Cannot use GNN method.
2026-10-09 04:37:33,766 - WARNING - GNN failed on rep 31: PyTorch not installed. Cannot use GNN method.
2026-10-09 04:37:34,853 - WARNING - GNN failed on rep 32: PyTorch not installed. Cannot use GNN method.
2026-10-09 04:37:35,994 - WARNING - GNN failed on rep 33: PyTorch not installed. Cannot use GNN method.
2026-10-09 04:37:37,099 - WARNING - GNN failed on rep 34: PyTorch not installed. Cannot use GNN method.
2026-10-09 04:37:38,197 - WARNING - GNN failed on rep 35: PyTorch not installed. Cannot use GNN method.
2026-10-09 04:37:39,310 - WARNING - GNN failed on rep 36: PyTorch not installed. Cannot use GNN method.
2026-10-09 04:37:40,399 - WARNING - GNN failed on rep 37: PyTorch not installed. Cannot use GNN method.
2026-10-09 04:37:41,564 - WARNING - GNN failed on rep 38: PyTorch not installed. Cannot use GNN method.
2026-10-09 04:37:42,658 - WARNING - GNN failed on rep 39: PyTorch not installed. Cannot use GNN method.
2026-10-09 04:37:43,815 - WARNING - GNN failed on rep 40: PyTorch not installed. Cannot use GNN method.
2026-10-09 04:37:44,972 - WARNING - GNN failed on rep 41: PyTorch not installed. Cannot use GNN method.
2026-10-09 04:37:46,086 - WARNING - GNN failed on rep 42: PyTorch not installed. Cannot use GNN method.
2026-10-09 04:37:47,425 - WARNING - GNN failed on rep 43: PyTorch not installed. Cannot use GNN method.
2026-10-09 04:37:48,609 - WARNING - GNN failed on rep 44: PyTorch not installed. Cannot use GNN method.
2026-10-09 04:37:49,699 - WARNING - GNN failed on rep 45: PyTorch not installed. Cannot use GNN method.
2026-10-09 04:37:50,873 - WARNING - GNN failed on rep 46: PyTorch not installed. Cannot use GNN method.
2026-10-09 04:37:52,020 - WARNING - GNN failed on rep 47: PyTorch not installed. Cannot use GNN method.
2026-10-09 04:37:53,187 - WARNING - GNN failed on rep 48: PyTorch not installed. Cannot use GNN method.
2026-10-09 04:37:54,290 - WARNING - GNN failed on rep 49: PyTorch not installed. Cannot use GNN method.
2026-10-09 04:37:55,399 - WARNING - GNN failed on rep 50: PyTorch not installed. Cannot use GNN method.
2026-10-09 04:37:56,549 - WARNING - GNN failed on rep 51: PyTorch not installed. Cannot use GNN method.
2026-10-09 04:37:57,680 - WARNING - GNN failed on rep 52: PyTorch not installed. Cannot use GNN method.
2026-10-09 04:37:58,827 - WARNING - GNN failed on rep 53: PyTorch not installed. Cannot use GNN method.
2026-10-09 04:37:59,967 - WARNING - GNN failed on rep 54: PyTorch not installed. Cannot use GNN method.
2026-10-09 04:38:01,115 - WARNING - GNN failed on rep 55: PyTorch not installed. Cannot use GNN method.
2026-10-09 04:38:02,255 - WARNING - GNN failed on rep 56: PyTorch not installed. Cannot use GNN method.
2026-10-09 04:38:03,372 - WARNING - GNN failed on rep 57: PyTorch not installed. Cannot use GNN method.
2026-10-09 04:38:04,534 - WARNING - GNN failed on rep 58: PyTorch not installed. Cannot use GNN method.
2026-10-09 04:38:05,651 - WARNING - GNN failed on rep 59: PyTorch not installed. Cannot use GNN method.
2026-10-09 04:38:06,897 - WARNING - GNN failed on rep 60: PyTorch not installed. Cannot use GNN method.
2026-10-09 04:38:08,067 - WARNING - GNN failed on rep 61: PyTorch not installed. Cannot use GNN method.
2026-10-09 04:38:09,223 - WARNING - GNN failed on rep 62: PyTorch not installed. Cannot use GNN method.
2026-10-09 04:38:10,377 - WARNING - GNN failed on rep 63: PyTorch not installed. Cannot use GNN method.
2026-10-09 04:38:11,494 - WARNING - GNN failed on rep 64: PyTorch not installed. Cannot use GNN method.
2026-10-09 04:38:12,630 - WARNING - GNN failed on rep 65: PyTorch not installed. Cannot use GNN method.
2026-10-09 04:38:13,784 - WARNING - GNN failed on rep 66: PyTorch not installed. Cannot use GNN method.
2026-10-09 04:38:14,883 - WARNING - GNN failed on rep 67: PyTorch not installed. Cannot use GNN method.
2026-10-09 04:38:16,017 - WARNING - GNN failed on rep 68: PyTorch not installed. Cannot use GNN method.
2026-10-09 04:38:17,141 - WARNING - GNN failed on rep 69: PyTorch not installed. Cannot use GNN method.
2026-10-09 04:38:18,230 - WARNING - GNN failed on rep 70: PyTorch not installed. Cannot use GNN method.
2026-10-09 04:38:19,313 - WARNING - GNN failed on rep 71: PyTorch not installed. Cannot use GNN method.
2026-10-09 04:38:20,696 - WARNING - GNN failed on rep 72: PyTorch not installed. Cannot use GNN method.
2026-10-09 04:38:22,202 - WARNING - GNN failed on rep 73: PyTorch not installed. Cannot use GNN method.
2026-10-09 04:38:23,376 - WARNING - GNN failed on rep 74: PyTorch not installed. Cannot use GNN method.
2026-10-09 04:38:24,465 - WARNING - GNN failed on rep 75: PyTorch not installed. Cannot use GNN method.
2026-10-09 04:38:25,570 - WARNING - GNN failed on rep 76: PyTorch not installed. Cannot use GNN method.
2026-10-09 04:38:26,662 - WARNING - GNN failed on rep 77: PyTorch not installed. Cannot use GNN method.
2026-10-09 04:38:27,900 - WARNING - GNN failed on rep 78: PyTorch not installed. Cannot use GNN method.
2026-10-09 04:38:29,475 - WARNING - GNN failed on rep 79: PyTorch not installed. Cannot use GNN method.
2026-10-09 04:38:30,588 - WARNING - GNN failed on rep 80: PyTorch not installed. Cannot use GNN method.
2026-10-09 04:38:31,689 - WARNING - GNN failed on rep 81: PyTorch not installed. Cannot use GNN method.
2026-10-09 04:38:32,782 - WARNING - GNN failed on rep 82: PyTorch not installed. Cannot use GNN method.
2026-10-09 04:38:33,881 - WARNING - GNN failed on rep 83: PyTorch not installed. Cannot use GNN method.
2026-10-09 04:38:34,974 - WARNING - GNN failed on rep 84: PyTorch not installed. Cannot use GNN method.
2026-10-09 04:38:36,043 - WARNING - GNN failed on rep 85: PyTorch not installed. Cannot use GNN method.
2026-10-09 04:38:37,174 - WARNING - GNN failed on rep 86: PyTorch not installed. Cannot use GNN method.
2026-10-09 04:38:38,269 - WARNING - GNN failed on rep 87: PyTorch not installed. Cannot use GNN method.
2026-10-09 04:38:39,369 - WARNING - GNN failed on rep 88: PyTorch not installed. Cannot use GNN method.
2026-10-09 04:38:40,465 - WARNING - GNN failed on rep 89: PyTorch not installed. Cannot use GNN method.
2026-10-09 04:38:41,868 - WARNING - GNN failed on rep 90: PyTorch not installed. Cannot use GNN method.
2026-10-09 04:38:43,061 - WARNING - GNN failed on rep 91: PyTorch not installed. Cannot use GNN method.
2026-10-09 04:38:44,174 - WARNING - GNN failed on rep 92: PyTorch not installed. Cannot use GNN method.
2026-10-09 04:38:45,275 - WARNING - GNN failed on rep 93: PyTorch not installed. Cannot use GNN method.
2026-10-09 04:38:46,346 - WARNING - GNN failed on rep 94: PyTorch not installed. Cannot use GNN method.
2026-10-09 04:38:47,444 - WARNING - GNN failed on rep 95: PyTorch not installed. Cannot use GNN method.
2026-10-09 04:38:48,655 - WARNING - GNN failed on rep 96: PyTorch not installed. Cannot use GNN method.
2026-10-09 04:38:49,743 - WARNING - GNN failed on rep 97: PyTorch not installed. Cannot use GNN method.
2026-10-09 04:38:50,822 - WARNING - GNN failed on rep 98: PyTorch not installed. Cannot use GNN method.
2026-10-09 04:38:51,928 - WARNING - GNN failed on rep 99: PyTorch not installed. Cannot use GNN method.
2026-10-09 04:38:51,936 - INFO - Completed: T250_N0.3_D2_DF3
2026-10-09 04:38:51,942 - INFO - Configuration 80/90
2026-10-09 04:38:51,943 - INFO - Starting configuration: T250_N0.3_D4_DF3
2026-10-09 04:38:53,652 - WARNING - GNN failed on rep 0: PyTorch not installed. Cannot use GNN method.
2026-10-09 04:38:54,766 - WARNING - GNN failed on rep 1: PyTorch not installed. Cannot use GNN method.
2026-10-09 04:38:55,941 - WARNING - GNN failed on rep 2: PyTorch not installed. Cannot use GNN method.
2026-10-09 04:38:57,107 - WARNING - GNN failed on rep 3: PyTorch not installed. Cannot use GNN method.
2026-10-09 04:38:58,208 - WARNING - GNN failed on rep 4: PyTorch not installed. Cannot use GNN method.
2026-10-09 04:38:59,374 - WARNING - GNN failed on rep 5: PyTorch not installed. Cannot use GNN method.
2026-10-09 04:39:00,473 - WARNING - GNN failed on rep 6: PyTorch not installed. Cannot use GNN method.
2026-10-09 04:39:01,609 - WARNING - GNN failed on rep 7: PyTorch not installed. Cannot use GNN method.
2026-10-09 04:39:02,688 - WARNING - GNN failed on rep 8: PyTorch not installed. Cannot use GNN method.
2026-10-09 04:39:03,803 - WARNING - GNN failed on rep 9: PyTorch not installed. Cannot use GNN method.
2026-10-09 04:39:04,890 - WARNING - GNN failed on rep 10: PyTorch not installed. Cannot use GNN method.
2026-10-09 04:39:06,138 - WARNING - GNN failed on rep 11: PyTorch not installed. Cannot use GNN method.
2026-10-09 04:39:07,265 - WARNING - GNN failed on rep 12: PyTorch not installed. Cannot use GNN method.
2026-10-09 04:39:08,386 - WARNING - GNN failed on rep 13: PyTorch not installed. Cannot use GNN method.
2026-10-09 04:39:09,539 - WARNING - GNN failed on rep 14: PyTorch not installed. Cannot use GNN method.
2026-10-09 04:39:10,650 - WARNING - GNN failed on rep 15: PyTorch not installed. Cannot use GNN method.
2026-10-09 04:39:11,781 - WARNING - GNN failed on rep 16: PyTorch not installed. Cannot use GNN method.
2026-10-09 04:39:12,964 - WARNING - GNN failed on rep 17: PyTorch not installed. Cannot use GNN method.
2026-10-09 04:39:14,082 - WARNING - GNN failed on rep 18: PyTorch not installed. Cannot use GNN method.
2026-10-09 04:39:15,237 - WARNING - GNN failed on rep 19: PyTorch not installed. Cannot use GNN method.
2026-10-09 04:39:16,376 - WARNING - GNN failed on rep 20: PyTorch not installed. Cannot use GNN method.
2026-10-09 04:39:17,552 - WARNING - GNN failed on rep 21: PyTorch not installed. Cannot use GNN method.
2026-10-09 04:39:18,655 - WARNING - GNN failed on rep 22: PyTorch not installed. Cannot use GNN method.
2026-10-09 04:39:19,772 - WARNING - GNN failed on rep 23: PyTorch not installed. Cannot use GNN method.
2026-10-09 04:39:20,879 - WARNING - GNN failed on rep 24: PyTorch not installed. Cannot use GNN method.
2026-10-09 04:39:21,991 - WARNING - GNN failed on rep 25: PyTorch not installed. Cannot use GNN method.
2026-10-09 04:39:23,110 - WARNING - GNN failed on rep 26: PyTorch not installed. Cannot use GNN method.
2026-10-09 04:39:24,226 - WARNING - GNN failed on rep 27: PyTorch not installed. Cannot use GNN method.
2026-10-09 04:39:25,335 - WARNING - GNN failed on rep 28: PyTorch not installed. Cannot use GNN method.
2026-10-09 04:39:26,575 - WARNING - GNN failed on rep 29: PyTorch not installed. Cannot use GNN method.
2026-10-09 04:39:27,681 - WARNING - GNN failed on rep 30: PyTorch not installed. Cannot use GNN method.
2026-10-09 04:39:29,236 - WARNING - GNN failed on rep 31: PyTorch not installed. Cannot use GNN method.
2026-10-09 04:39:30,356 - WARNING - GNN failed on rep 32: PyTorch not installed. Cannot use GNN method.
2026-10-09 04:39:31,508 - WARNING - GNN failed on rep 33: PyTorch not installed. Cannot use GNN method.
2026-10-09 04:39:32,620 - WARNING - GNN failed on rep 34: PyTorch not installed. Cannot use GNN method.
2026-10-09 04:39:33,904 - WARNING - GNN failed on rep 35: PyTorch not installed. Cannot use GNN method.
2026-10-09 04:39:35,018 - WARNING - GNN failed on rep 36: PyTorch not installed. Cannot use GNN method.
2026-10-09 04:39:36,162 - WARNING - GNN failed on rep 37: PyTorch not installed. Cannot use GNN method.
2026-10-09 04:39:37,319 - WARNING - GNN failed on rep 38: PyTorch not installed. Cannot use GNN method.
2026-10-09 04:39:38,459 - WARNING - GNN failed on rep 39: PyTorch not installed. Cannot use GNN method.
2026-10-09 04:39:39,541 - WARNING - GNN failed on rep 40: PyTorch not installed. Cannot use GNN method.
2026-10-09 04:39:40,660 - WARNING - GNN failed on rep 41: PyTorch not installed. Cannot use GNN method.
2026-10-09 04:39:41,793 - WARNING - GNN failed on rep 42: PyTorch not installed. Cannot use GNN method.
2026-10-09 04:39:42,943 - WARNING - GNN failed on rep 43: PyTorch not installed. Cannot use GNN method.
2026-10-09 04:39:44,039 - WARNING - GNN failed on rep 44: PyTorch not installed. Cannot use GNN method.
2026-10-09 04:39:45,118 - WARNING - GNN failed on rep 45: PyTorch not installed. Cannot use GNN method.
2026-10-09 04:39:46,232 - WARNING - GNN failed on rep 46: PyTorch not installed. Cannot use GNN method.
2026-10-09 04:39:47,479 - WARNING - GNN failed on rep 47: PyTorch not installed. Cannot use GNN method.
2026-10-09 04:39:48,631 - WARNING - GNN failed on rep 48: PyTorch not installed. Cannot use GNN method.
2026-10-09 04:39:49,761 - WARNING - GNN failed on rep 49: PyTorch not installed. Cannot use GNN method.
2026-10-09 04:39:50,916 - WARNING - GNN failed on rep 50: PyTorch not installed. Cannot use GNN method.
2026-10-09 04:39:52,041 - WARNING - GNN failed on rep 51: PyTorch not installed. Cannot use GNN method.
2026-10-09 04:39:53,181 - WARNING - GNN failed on rep 52: PyTorch not installed. Cannot use GNN method.
2026-10-09 04:39:54,362 - WARNING - GNN failed on rep 53: PyTorch not installed. Cannot use GNN method.
2026-10-09 04:39:55,512 - WARNING - GNN failed on rep 54: PyTorch not installed. Cannot use GNN method.
2026-10-09 04:39:56,634 - WARNING - GNN failed on rep 55: PyTorch not installed. Cannot use GNN method.
2026-10-09 04:39:57,782 - WARNING - GNN failed on rep 56: PyTorch not installed. Cannot use GNN method.
2026-10-09 04:39:58,884 - WARNING - GNN failed on rep 57: PyTorch not installed. Cannot use GNN method.
2026-10-09 04:40:00,041 - WARNING - GNN failed on rep 58: PyTorch not installed. Cannot use GNN method.
2026-10-09 04:40:01,173 - WARNING - GNN failed on rep 59: PyTorch not installed. Cannot use GNN method.
2026-10-09 04:40:02,303 - WARNING - GNN failed on rep 60: PyTorch not installed. Cannot use GNN method.
2026-10-09 04:40:03,423 - WARNING - GNN failed on rep 61: PyTorch not installed. Cannot use GNN method.
2026-10-09 04:40:04,562 - WARNING - GNN failed on rep 62: PyTorch not installed. Cannot use GNN method.
2026-10-09 04:40:05,668 - WARNING - GNN failed on rep 63: PyTorch not installed. Cannot use GNN method.
2026-10-09 04:40:06,954 - WARNING - GNN failed on rep 64: PyTorch not installed. Cannot use GNN method.
2026-10-09 04:40:08,091 - WARNING - GNN failed on rep 65: PyTorch not installed. Cannot use GNN method.
2026-10-09 04:40:09,252 - WARNING - GNN failed on rep 66: PyTorch not installed. Cannot use GNN method.
2026-10-09 04:40:10,339 - WARNING - GNN failed on rep 67: PyTorch not installed. Cannot use GNN method.
2026-10-09 04:40:11,516 - WARNING - GNN failed on rep 68: PyTorch not installed. Cannot use GNN method.
2026-10-09 04:40:12,673 - WARNING - GNN failed on rep 69: PyTorch not installed. Cannot use GNN method.
2026-10-09 04:40:13,982 - WARNING - GNN failed on rep 70: PyTorch not installed. Cannot use GNN method.
2026-10-09 04:40:15,227 - WARNING - GNN failed on rep 71: PyTorch not installed. Cannot use GNN method.
2026-10-09 04:40:16,512 - WARNING - GNN failed on rep 72: PyTorch not installed. Cannot use GNN method.
2026-10-09 04:40:17,825 - WARNING - GNN failed on rep 73: PyTorch not installed. Cannot use GNN method.
2026-10-09 04:40:18,947 - WARNING - GNN failed on rep 74: PyTorch not installed. Cannot use GNN method.
2026-10-09 04:40:20,075 - WARNING - GNN failed on rep 75: PyTorch not installed. Cannot use GNN method.
2026-10-09 04:40:21,146 - WARNING - GNN failed on rep 76: PyTorch not installed. Cannot use GNN method.
2026-10-09 04:40:22,293 - WARNING - GNN failed on rep 77: PyTorch not installed. Cannot use GNN method.
2026-10-09 04:40:23,399 - WARNING - GNN failed on rep 78: PyTorch not installed. Cannot use GNN method.
2026-10-09 04:40:24,510 - WARNING - GNN failed on rep 79: PyTorch not installed. Cannot use GNN method.
2026-10-09 04:40:25,605 - WARNING - GNN failed on rep 80: PyTorch not installed. Cannot use GNN method.
2026-10-09 04:40:26,755 - WARNING - GNN failed on rep 81: PyTorch not installed. Cannot use GNN method.
2026-10-09 04:40:27,978 - WARNING - GNN failed on rep 82: PyTorch not installed. Cannot use GNN method.
2026-10-09 04:40:29,684 - WARNING - GNN failed on rep 83: PyTorch not installed. Cannot use GNN method.
2026-10-09 04:40:30,789 - WARNING - GNN failed on rep 84: PyTorch not installed. Cannot use GNN method.
2026-10-09 04:40:31,933 - WARNING - GNN failed on rep 85: PyTorch not installed. Cannot use GNN method.
2026-10-09 04:40:33,069 - WARNING - GNN failed on rep 86: PyTorch not installed. Cannot use GNN method.
2026-10-09 04:40:34,178 - WARNING - GNN failed on rep 87: PyTorch not installed. Cannot use GNN method.
2026-10-09 04:40:35,301 - WARNING - GNN failed on rep 88: PyTorch not installed. Cannot use GNN method.
2026-10-09 04:40:36,430 - WARNING - GNN failed on rep 89: PyTorch not installed. Cannot use GNN method.
2026-10-09 04:40:37,529 - WARNING - GNN failed on rep 90: PyTorch not installed. Cannot use GNN method.
2026-10-09 04:40:38,724 - WARNING - GNN failed on rep 91: PyTorch not installed. Cannot use GNN method.
2026-10-09 04:40:39,876 - WARNING - GNN failed on rep 92: PyTorch not installed. Cannot use GNN method.
2026-10-09 04:40:40,977 - WARNING - GNN failed on rep 93: PyTorch not installed. Cannot use GNN method.
2026-10-09 04:40:42,105 - WARNING - GNN failed on rep 94: PyTorch not installed. Cannot use GNN method.
2026-10-09 04:40:43,253 - WARNING - GNN failed on rep 95: PyTorch not installed. Cannot use GNN method.
2026-10-09 04:40:44,420 - WARNING - GNN failed on rep 96: PyTorch not installed. Cannot use GNN method.
2026-10-09 04:40:45,562 - WARNING - GNN failed on rep 97: PyTorch not installed. Cannot use GNN method.
2026-10-09 04:40:46,743 - WARNING - GNN failed on rep 98: PyTorch not installed. Cannot use GNN method.
2026-10-09 04:40:47,882 - WARNING - GNN failed on rep 99: PyTorch not installed. Cannot use GNN method.
2026-10-09 04:40:47,890 - INFO - Completed: T250_N0.3_D4_DF3
2026-10-09 04:40:47,897 - INFO - Configuration 81/90
2026-10-09 04:40:47,897 - INFO - Starting configuration: T250_N0.3_D2_DF5
2026-10-09 04:40:49,698 - WARNING - GNN failed on rep 0: PyTorch not installed. Cannot use GNN method.
2026-10-09 04:40:50,877 - WARNING - GNN failed on rep 1: PyTorch not installed. Cannot use GNN method.
2026-10-09 04:40:51,958 - WARNING - GNN failed on rep 2: PyTorch not installed. Cannot use GNN method.
2026-10-09 04:40:53,032 - WARNING - GNN failed on rep 3: PyTorch not installed. Cannot use GNN method.
2026-10-09 04:40:54,128 - WARNING - GNN failed on rep 4: PyTorch not installed. Cannot use GNN method.
2026-10-09 04:40:55,264 - WARNING - GNN failed on rep 5: PyTorch not installed. Cannot use GNN method.
2026-10-09 04:40:56,396 - WARNING - GNN failed on rep 6: PyTorch not installed. Cannot use GNN method.
2026-10-09 04:40:57,479 - WARNING - GNN failed on rep 7: PyTorch not installed. Cannot use GNN method.
2026-10-09 04:40:58,640 - WARNING - GNN failed on rep 8: PyTorch not installed. Cannot use GNN method.
2026-10-09 04:40:59,762 - WARNING - GNN failed on rep 9: PyTorch not installed. Cannot use GNN method.
2026-10-09 04:41:00,880 - WARNING - GNN failed on rep 10: PyTorch not installed. Cannot use GNN method.
2026-10-09 04:41:02,053 - WARNING - GNN failed on rep 11: PyTorch not installed. Cannot use GNN method.
2026-10-09 04:41:03,190 - WARNING - GNN failed on rep 12: PyTorch not installed. Cannot use GNN method.
2026-10-09 04:41:04,345 - WARNING - GNN failed on rep 13: PyTorch not installed. Cannot use GNN method.
2026-10-09 04:41:05,467 - WARNING - GNN failed on rep 14: PyTorch not installed. Cannot use GNN method.
2026-10-09 04:41:06,550 - WARNING - GNN failed on rep 15: PyTorch not installed. Cannot use GNN method.
2026-10-09 04:41:07,624 - WARNING - GNN failed on rep 16: PyTorch not installed. Cannot use GNN method.
2026-10-09 04:41:08,697 - WARNING - GNN failed on rep 17: PyTorch not installed. Cannot use GNN method.
2026-10-09 04:41:09,956 - WARNING - GNN failed on rep 18: PyTorch not installed. Cannot use GNN method.
2026-10-09 04:41:11,052 - WARNING - GNN failed on rep 19: PyTorch not installed. Cannot use GNN method.
2026-10-09 04:41:12,234 - WARNING - GNN failed on rep 20: PyTorch not installed. Cannot use GNN method.
2026-10-09 04:41:13,331 - WARNING - GNN failed on rep 21: PyTorch not installed. Cannot use GNN method.
2026-10-09 04:41:14,465 - WARNING - GNN failed on rep 22: PyTorch not installed. Cannot use GNN method.
2026-10-09 04:41:15,566 - WARNING - GNN failed on rep 23: PyTorch not installed. Cannot use GNN method.
2026-10-09 04:41:16,656 - WARNING - GNN failed on rep 24: PyTorch not installed. Cannot use GNN method.
2026-10-09 04:41:17,808 - WARNING - GNN failed on rep 25: PyTorch not installed. Cannot use GNN method.
2026-10-09 04:41:18,923 - WARNING - GNN failed on rep 26: PyTorch not installed. Cannot use GNN method.
2026-10-09 04:41:20,019 - WARNING - GNN failed on rep 27: PyTorch not installed. Cannot use GNN method.
2026-10-09 04:41:21,127 - WARNING - GNN failed on rep 28: PyTorch not installed. Cannot use GNN method.
2026-10-09 04:41:22,243 - WARNING - GNN failed on rep 29: PyTorch not installed. Cannot use GNN method.
2026-10-09 04:41:23,331 - WARNING - GNN failed on rep 30: PyTorch not installed. Cannot use GNN method.
2026-10-09 04:41:24,426 - WARNING - GNN failed on rep 31: PyTorch not installed. Cannot use GNN method.
2026-10-09 04:41:25,564 - WARNING - GNN failed on rep 32: PyTorch not installed. Cannot use GNN method.
2026-10-09 04:41:26,715 - WARNING - GNN failed on rep 33: PyTorch not installed. Cannot use GNN method.
2026-10-09 04:41:27,871 - WARNING - GNN failed on rep 34: PyTorch not installed. Cannot use GNN method.
2026-10-09 04:41:29,506 - WARNING - GNN failed on rep 35: PyTorch not installed. Cannot use GNN method.
2026-10-09 04:41:30,758 - WARNING - GNN failed on rep 36: PyTorch not installed. Cannot use GNN method.
2026-10-09 04:41:31,852 - WARNING - GNN failed on rep 37: PyTorch not installed. Cannot use GNN method.
2026-10-09 04:41:32,984 - WARNING - GNN failed on rep 38: PyTorch not installed. Cannot use GNN method.
2026-10-09 04:41:34,148 - WARNING - GNN failed on rep 39: PyTorch not installed. Cannot use GNN method.
2026-10-09 04:41:35,279 - WARNING - GNN failed on rep 40: PyTorch not installed. Cannot use GNN method.
2026-10-09 04:41:36,374 - WARNING - GNN failed on rep 41: PyTorch not installed. Cannot use GNN method.
2026-10-09 04:41:37,551 - WARNING - GNN failed on rep 42: PyTorch not installed. Cannot use GNN method.
2026-10-09 04:41:38,638 - WARNING - GNN failed on rep 43: PyTorch not installed. Cannot use GNN method.
2026-10-09 04:41:39,847 - WARNING - GNN failed on rep 44: PyTorch not installed. Cannot use GNN method.
2026-10-09 04:41:40,932 - WARNING - GNN failed on rep 45: PyTorch not installed. Cannot use GNN method.
2026-10-09 04:41:42,023 - WARNING - GNN failed on rep 46: PyTorch not installed. Cannot use GNN method.
2026-10-09 04:41:43,122 - WARNING - GNN failed on rep 47: PyTorch not installed. Cannot use GNN method.
2026-10-09 04:41:44,276 - WARNING - GNN failed on rep 48: PyTorch not installed. Cannot use GNN method.
2026-10-09 04:41:45,377 - WARNING - GNN failed on rep 49: PyTorch not installed. Cannot use GNN method.
2026-10-09 04:41:46,458 - WARNING - GNN failed on rep 50: PyTorch not installed. Cannot use GNN method.
2026-10-09 04:41:47,614 - WARNING - GNN failed on rep 51: PyTorch not installed. Cannot use GNN method.
2026-10-09 04:41:48,801 - WARNING - GNN failed on rep 52: PyTorch not installed. Cannot use GNN method.
2026-10-09 04:41:49,941 - WARNING - GNN failed on rep 53: PyTorch not installed. Cannot use GNN method.
2026-10-09 04:41:51,157 - WARNING - GNN failed on rep 54: PyTorch not installed. Cannot use GNN method.
2026-10-09 04:41:52,282 - WARNING - GNN failed on rep 55: PyTorch not installed. Cannot use GNN method.
2026-10-09 04:41:53,385 - WARNING - GNN failed on rep 56: PyTorch not installed. Cannot use GNN method.
2026-10-09 04:41:54,513 - WARNING - GNN failed on rep 57: PyTorch not installed. Cannot use GNN method.
2026-10-09 04:41:55,654 - WARNING - GNN failed on rep 58: PyTorch not installed. Cannot use GNN method.
2026-10-09 04:41:56,769 - WARNING - GNN failed on rep 59: PyTorch not installed. Cannot use GNN method.
2026-10-09 04:41:57,853 - WARNING - GNN failed on rep 60: PyTorch not installed. Cannot use GNN method.
2026-10-09 04:41:58,980 - WARNING - GNN failed on rep 61: PyTorch not installed. Cannot use GNN method.
2026-10-09 04:42:00,131 - WARNING - GNN failed on rep 62: PyTorch not installed. Cannot use GNN method.
2026-10-09 04:42:01,269 - WARNING - GNN failed on rep 63: PyTorch not installed. Cannot use GNN method.
2026-10-09 04:42:02,402 - WARNING - GNN failed on rep 64: PyTorch not installed. Cannot use GNN method.
2026-10-09 04:42:03,477 - WARNING - GNN failed on rep 65: PyTorch not installed. Cannot use GNN method.
2026-10-09 04:42:04,543 - WARNING - GNN failed on rep 66: PyTorch not installed. Cannot use GNN method.
2026-10-09 04:42:05,620 - WARNING - GNN failed on rep 67: PyTorch not installed. Cannot use GNN method.
2026-10-09 04:42:06,702 - WARNING - GNN failed on rep 68: PyTorch not installed. Cannot use GNN method.
2026-10-09 04:42:07,781 - WARNING - GNN failed on rep 69: PyTorch not installed. Cannot use GNN method.
2026-10-09 04:42:08,868 - WARNING - GNN failed on rep 70: PyTorch not installed. Cannot use GNN method.
2026-10-09 04:42:09,932 - WARNING - GNN failed on rep 71: PyTorch not installed. Cannot use GNN method.
2026-10-09 04:42:11,112 - WARNING - GNN failed on rep 72: PyTorch not installed. Cannot use GNN method.
2026-10-09 04:42:12,197 - WARNING - GNN failed on rep 73: PyTorch not installed. Cannot use GNN method.
2026-10-09 04:42:13,283 - WARNING - GNN failed on rep 74: PyTorch not installed. Cannot use GNN method.
2026-10-09 04:42:14,345 - WARNING - GNN failed on rep 75: PyTorch not installed. Cannot use GNN method.
2026-10-09 04:42:15,444 - WARNING - GNN failed on rep 76: PyTorch not installed. Cannot use GNN method.
2026-10-09 04:42:16,517 - WARNING - GNN failed on rep 77: PyTorch not installed. Cannot use GNN method.
2026-10-09 04:42:17,612 - WARNING - GNN failed on rep 78: PyTorch not installed. Cannot use GNN method.
2026-10-09 04:42:18,718 - WARNING - GNN failed on rep 79: PyTorch not installed. Cannot use GNN method.
2026-10-09 04:42:19,812 - WARNING - GNN failed on rep 80: PyTorch not installed. Cannot use GNN method.
2026-10-09 04:42:20,952 - WARNING - GNN failed on rep 81: PyTorch not installed. Cannot use GNN method.
2026-10-09 04:42:22,034 - WARNING - GNN failed on rep 82: PyTorch not installed. Cannot use GNN method.
2026-10-09 04:42:23,113 - WARNING - GNN failed on rep 83: PyTorch not installed. Cannot use GNN method.
2026-10-09 04:42:24,213 - WARNING - GNN failed on rep 84: PyTorch not installed. Cannot use GNN method.
2026-10-09 04:42:25,290 - WARNING - GNN failed on rep 85: PyTorch not installed. Cannot use GNN method.
2026-10-09 04:42:26,372 - WARNING - GNN failed on rep 86: PyTorch not installed. Cannot use GNN method.
2026-10-09 04:42:27,459 - WARNING - GNN failed on rep 87: PyTorch not installed. Cannot use GNN method.
2026-10-09 04:42:29,148 - WARNING - GNN failed on rep 88: PyTorch not installed. Cannot use GNN method.
2026-10-09 04:42:30,371 - WARNING - GNN failed on rep 89: PyTorch not installed. Cannot use GNN method.
2026-10-09 04:42:31,607 - WARNING - GNN failed on rep 90: PyTorch not installed. Cannot use GNN method.
2026-10-09 04:42:32,703 - WARNING - GNN failed on rep 91: PyTorch not installed. Cannot use GNN method.
2026-10-09 04:42:33,814 - WARNING - GNN failed on rep 92: PyTorch not installed. Cannot use GNN method.
2026-10-09 04:42:34,905 - WARNING - GNN failed on rep 93: PyTorch not installed. Cannot use GNN method.
2026-10-09 04:42:37,339 - WARNING - GNN failed on rep 94: PyTorch not installed. Cannot use GNN method.
2026-10-09 04:42:39,171 - WARNING - GNN failed on rep 95: PyTorch not installed. Cannot use GNN method.
2026-10-09 04:42:41,844 - WARNING - GNN failed on rep 96: PyTorch not installed. Cannot use GNN method.
2026-10-09 04:42:44,109 - WARNING - GNN failed on rep 97: PyTorch not installed. Cannot use GNN method.
2026-10-09 04:42:46,027 - WARNING - GNN failed on rep 98: PyTorch not installed. Cannot use GNN method.
2026-10-09 04:42:48,213 - WARNING - GNN failed on rep 99: PyTorch not installed. Cannot use GNN method.
2026-10-09 04:42:48,225 - INFO - Completed: T250_N0.3_D2_DF5
2026-10-09 04:42:48,234 - INFO - Configuration 82/90
2026-10-09 04:42:48,234 - INFO - Starting configuration: T250_N0.3_D4_DF5
2026-10-09 04:42:51,521 - WARNING - GNN failed on rep 0: PyTorch not installed. Cannot use GNN method.
2026-10-09 04:42:53,911 - WARNING - GNN failed on rep 1: PyTorch not installed. Cannot use GNN method.
2026-10-09 04:42:56,273 - WARNING - GNN failed on rep 2: PyTorch not installed. Cannot use GNN method.
2026-10-09 04:42:57,623 - WARNING - GNN failed on rep 3: PyTorch not installed. Cannot use GNN method.
2026-10-09 04:42:58,856 - WARNING - GNN failed on rep 4: PyTorch not installed. Cannot use GNN method.
2026-10-09 04:42:59,976 - WARNING - GNN failed on rep 5: PyTorch not installed. Cannot use GNN method.
2026-10-09 04:43:01,109 - WARNING - GNN failed on rep 6: PyTorch not installed. Cannot use GNN method.
2026-10-09 04:43:02,256 - WARNING - GNN failed on rep 7: PyTorch not installed. Cannot use GNN method.
2026-10-09 04:43:03,366 - WARNING - GNN failed on rep 8: PyTorch not installed. Cannot use GNN method.
2026-10-09 04:43:04,474 - WARNING - GNN failed on rep 9: PyTorch not installed. Cannot use GNN method.
2026-10-09 04:43:05,590 - WARNING - GNN failed on rep 10: PyTorch not installed. Cannot use GNN method.
2026-10-09 04:43:06,815 - WARNING - GNN failed on rep 11: PyTorch not installed. Cannot use GNN method.
2026-10-09 04:43:07,925 - WARNING - GNN failed on rep 12: PyTorch not installed. Cannot use GNN method.
2026-10-09 04:43:09,059 - WARNING - GNN failed on rep 13: PyTorch not installed. Cannot use GNN method.
2026-10-09 04:43:10,184 - WARNING - GNN failed on rep 14: PyTorch not installed. Cannot use GNN method.
2026-10-09 04:43:11,332 - WARNING - GNN failed on rep 15: PyTorch not installed. Cannot use GNN method.
2026-10-09 04:43:12,466 - WARNING - GNN failed on rep 16: PyTorch not installed. Cannot use GNN method.
2026-10-09 04:43:13,605 - WARNING - GNN failed on rep 17: PyTorch not installed. Cannot use GNN method.
2026-10-09 04:43:14,721 - WARNING - GNN failed on rep 18: PyTorch not installed. Cannot use GNN method.
2026-10-09 04:43:15,845 - WARNING - GNN failed on rep 19: PyTorch not installed. Cannot use GNN method.
2026-10-09 04:43:16,947 - WARNING - GNN failed on rep 20: PyTorch not installed. Cannot use GNN method.
2026-10-09 04:43:18,040 - WARNING - GNN failed on rep 21: PyTorch not installed. Cannot use GNN method.
2026-10-09 04:43:19,137 - WARNING - GNN failed on rep 22: PyTorch not installed. Cannot use GNN method.
2026-10-09 04:43:20,258 - WARNING - GNN failed on rep 23: PyTorch not installed. Cannot use GNN method.
2026-10-09 04:43:21,836 - WARNING - GNN failed on rep 24: PyTorch not installed. Cannot use GNN method.
2026-10-09 04:43:23,240 - WARNING - GNN failed on rep 25: PyTorch not installed. Cannot use GNN method.
2026-10-09 04:43:24,405 - WARNING - GNN failed on rep 26: PyTorch not installed. Cannot use GNN method.
2026-10-09 04:43:25,555 - WARNING - GNN failed on rep 27: PyTorch not installed. Cannot use GNN method.
2026-10-09 04:43:26,684 - WARNING - GNN failed on rep 28: PyTorch not installed. Cannot use GNN method.
2026-10-09 04:43:27,842 - WARNING - GNN failed on rep 29: PyTorch not installed. Cannot use GNN method.
2026-10-09 04:43:29,567 - WARNING - GNN failed on rep 30: PyTorch not installed. Cannot use GNN method.
2026-10-09 04:43:30,672 - WARNING - GNN failed on rep 31: PyTorch not installed. Cannot use GNN method.
2026-10-09 04:43:31,771 - WARNING - GNN failed on rep 32: PyTorch not installed. Cannot use GNN method.
2026-10-09 04:43:32,892 - WARNING - GNN failed on rep 33: PyTorch not installed. Cannot use GNN method.
2026-10-09 04:43:34,021 - WARNING - GNN failed on rep 34: PyTorch not installed. Cannot use GNN method.
2026-10-09 04:43:35,125 - WARNING - GNN failed on rep 35: PyTorch not installed. Cannot use GNN method.
2026-10-09 04:43:36,260 - WARNING - GNN failed on rep 36: PyTorch not installed. Cannot use GNN method.
2026-10-09 04:43:37,371 - WARNING - GNN failed on rep 37: PyTorch not installed. Cannot use GNN method.
2026-10-09 04:43:38,511 - WARNING - GNN failed on rep 38: PyTorch not installed. Cannot use GNN method.
2026-10-09 04:43:39,684 - WARNING - GNN failed on rep 39: PyTorch not installed. Cannot use GNN method.
2026-10-09 04:43:40,783 - WARNING - GNN failed on rep 40: PyTorch not installed. Cannot use GNN method.
2026-10-09 04:43:41,924 - WARNING - GNN failed on rep 41: PyTorch not installed. Cannot use GNN method.
2026-10-09 04:43:43,214 - WARNING - GNN failed on rep 42: PyTorch not installed. Cannot use GNN method.
2026-10-09 04:43:44,424 - WARNING - GNN failed on rep 43: PyTorch not installed. Cannot use GNN method.
2026-10-09 04:43:45,602 - WARNING - GNN failed on rep 44: PyTorch not installed. Cannot use GNN method.
2026-10-09 04:43:46,728 - WARNING - GNN failed on rep 45: PyTorch not installed. Cannot use GNN method.
2026-10-09 04:43:47,895 - WARNING - GNN failed on rep 46: PyTorch not installed. Cannot use GNN method.
2026-10-09 04:43:49,038 - WARNING - GNN failed on rep 47: PyTorch not installed. Cannot use GNN method.
2026-10-09 04:43:50,156 - WARNING - GNN failed on rep 48: PyTorch not installed. Cannot use GNN method.
2026-10-09 04:43:51,284 - WARNING - GNN failed on rep 49: PyTorch not installed. Cannot use GNN method.
2026-10-09 04:43:52,595 - WARNING - GNN failed on rep 50: PyTorch not installed. Cannot use GNN method.
2026-10-09 04:43:53,947 - WARNING - GNN failed on rep 51: PyTorch not installed. Cannot use GNN method.
2026-10-09 04:43:55,097 - WARNING - GNN failed on rep 52: PyTorch not installed. Cannot use GNN method.
2026-10-09 04:43:56,221 - WARNING - GNN failed on rep 53: PyTorch not installed. Cannot use GNN method.
2026-10-09 04:43:57,349 - WARNING - GNN failed on rep 54: PyTorch not installed. Cannot use GNN method.
2026-10-09 04:43:58,488 - WARNING - GNN failed on rep 55: PyTorch not installed. Cannot use GNN method.
2026-10-09 04:43:59,796 - WARNING - GNN failed on rep 56: PyTorch not installed. Cannot use GNN method.
2026-10-09 04:44:00,912 - WARNING - GNN failed on rep 57: PyTorch not installed. Cannot use GNN method.
2026-10-09 04:44:02,055 - WARNING - GNN failed on rep 58: PyTorch not installed. Cannot use GNN method.
2026-10-09 04:44:03,178 - WARNING - GNN failed on rep 59: PyTorch not installed. Cannot use GNN method.
2026-10-09 04:44:04,319 - WARNING - GNN failed on rep 60: PyTorch not installed. Cannot use GNN method.
2026-10-09 04:44:05,415 - WARNING - GNN failed on rep 61: PyTorch not installed. Cannot use GNN method.
2026-10-09 04:44:06,596 - WARNING - GNN failed on rep 62: PyTorch not installed. Cannot use GNN method.
2026-10-09 04:44:07,685 - WARNING - GNN failed on rep 63: PyTorch not installed. Cannot use GNN method.
2026-10-09 04:44:08,812 - WARNING - GNN failed on rep 64: PyTorch not installed. Cannot use GNN method.
2026-10-09 04:44:09,950 - WARNING - GNN failed on rep 65: PyTorch not installed. Cannot use GNN method.
2026-10-09 04:44:11,090 - WARNING - GNN failed on rep 66: PyTorch not installed. Cannot use GNN method.
2026-10-09 04:44:12,213 - WARNING - GNN failed on rep 67: PyTorch not installed. Cannot use GNN method.
2026-10-09 04:44:13,376 - WARNING - GNN failed on rep 68: PyTorch not installed. Cannot use GNN method.
2026-10-09 04:44:14,503 - WARNING - GNN failed on rep 69: PyTorch not installed. Cannot use GNN method.
2026-10-09 04:44:15,708 - WARNING - GNN failed on rep 70: PyTorch not installed. Cannot use GNN method.
2026-10-09 04:44:16,860 - WARNING - GNN failed on rep 71: PyTorch not installed. Cannot use GNN method.
2026-10-09 04:44:17,985 - WARNING - GNN failed on rep 72: PyTorch not installed. Cannot use GNN method.
2026-10-09 04:44:19,076 - WARNING - GNN failed on rep 73: PyTorch not installed. Cannot use GNN method.
2026-10-09 04:44:20,300 - WARNING - GNN failed on rep 74: PyTorch not installed. Cannot use GNN method.
2026-10-09 04:44:21,451 - WARNING - GNN failed on rep 75: PyTorch not installed. Cannot use GNN method.
2026-10-09 04:44:22,581 - WARNING - GNN failed on rep 76: PyTorch not installed. Cannot use GNN method.
2026-10-09 04:44:23,748 - WARNING - GNN failed on rep 77: PyTorch not installed. Cannot use GNN method.
2026-10-09 04:44:24,920 - WARNING - GNN failed on rep 78: PyTorch not installed. Cannot use GNN method.
2026-10-09 04:44:26,044 - WARNING - GNN failed on rep 79: PyTorch not installed. Cannot use GNN method.
2026-10-09 04:44:27,165 - WARNING - GNN failed on rep 80: PyTorch not installed. Cannot use GNN method.
2026-10-09 04:44:28,321 - WARNING - GNN failed on rep 81: PyTorch not installed. Cannot use GNN method.
2026-10-09 04:44:29,923 - WARNING - GNN failed on rep 82: PyTorch not installed. Cannot use GNN method.
2026-10-09 04:44:31,032 - WARNING - GNN failed on rep 83: PyTorch not installed. Cannot use GNN method.
2026-10-09 04:44:32,150 - WARNING - GNN failed on rep 84: PyTorch not installed. Cannot use GNN method.
2026-10-09 04:44:33,271 - WARNING - GNN failed on rep 85: PyTorch not installed. Cannot use GNN method.
2026-10-09 04:44:34,442 - WARNING - GNN failed on rep 86: PyTorch not installed. Cannot use GNN method.
2026-10-09 04:44:35,573 - WARNING - GNN failed on rep 87: PyTorch not installed. Cannot use GNN method.
2026-10-09 04:44:36,719 - WARNING - GNN failed on rep 88: PyTorch not installed. Cannot use GNN method.
2026-10-09 04:44:37,856 - WARNING - GNN failed on rep 89: PyTorch not installed. Cannot use GNN method.
2026-10-09 04:44:38,999 - WARNING - GNN failed on rep 90: PyTorch not installed. Cannot use GNN method.
2026-10-09 04:44:40,244 - WARNING - GNN failed on rep 91: PyTorch not installed. Cannot use GNN method.
2026-10-09 04:44:41,367 - WARNING - GNN failed on rep 92: PyTorch not installed. Cannot use GNN method.
2026-10-09 04:44:42,527 - WARNING - GNN failed on rep 93: PyTorch not installed. Cannot use GNN method.
2026-10-09 04:44:43,718 - WARNING - GNN failed on rep 94: PyTorch not installed. Cannot use GNN method.
2026-10-09 04:44:44,914 - WARNING - GNN failed on rep 95: PyTorch not installed. Cannot use GNN method.
2026-10-09 04:44:46,015 - WARNING - GNN failed on rep 96: PyTorch not installed. Cannot use GNN method.
2026-10-09 04:44:47,139 - WARNING - GNN failed on rep 97: PyTorch not installed. Cannot use GNN method.
2026-10-09 04:44:48,251 - WARNING - GNN failed on rep 98: PyTorch not installed. Cannot use GNN method.
2026-10-09 04:44:49,420 - WARNING - GNN failed on rep 99: PyTorch not installed. Cannot use GNN method.
2026-10-09 04:44:49,428 - INFO - Completed: T250_N0.3_D4_DF5
2026-10-09 04:44:49,434 - INFO - Configuration 83/90
2026-10-09 04:44:49,434 - INFO - Starting configuration: T250_N0.3_D2_DF10
2026-10-09 04:44:51,056 - WARNING - GNN failed on rep 0: PyTorch not installed. Cannot use GNN method.
2026-10-09 04:44:52,214 - WARNING - GNN failed on rep 1: PyTorch not installed. Cannot use GNN method.
2026-10-09 04:44:53,329 - WARNING - GNN failed on rep 2: PyTorch not installed. Cannot use GNN method.
2026-10-09 04:44:54,450 - WARNING - GNN failed on rep 3: PyTorch not installed. Cannot use GNN method.
2026-10-09 04:44:55,546 - WARNING - GNN failed on rep 4: PyTorch not installed. Cannot use GNN method.
2026-10-09 04:44:56,654 - WARNING - GNN failed on rep 5: PyTorch not installed. Cannot use GNN method.
2026-10-09 04:44:57,803 - WARNING - GNN failed on rep 6: PyTorch not installed. Cannot use GNN method.
2026-10-09 04:44:59,041 - WARNING - GNN failed on rep 7: PyTorch not installed. Cannot use GNN method.
2026-10-09 04:45:00,200 - WARNING - GNN failed on rep 8: PyTorch not installed. Cannot use GNN method.
2026-10-09 04:45:01,359 - WARNING - GNN failed on rep 9: PyTorch not installed. Cannot use GNN method.
2026-10-09 04:45:02,446 - WARNING - GNN failed on rep 10: PyTorch not installed. Cannot use GNN method.
2026-10-09 04:45:03,577 - WARNING - GNN failed on rep 11: PyTorch not installed. Cannot use GNN method.
2026-10-09 04:45:04,700 - WARNING - GNN failed on rep 12: PyTorch not installed. Cannot use GNN method.
2026-10-09 04:45:05,830 - WARNING - GNN failed on rep 13: PyTorch not installed. Cannot use GNN method.
2026-10-09 04:45:06,936 - WARNING - GNN failed on rep 14: PyTorch not installed. Cannot use GNN method.
2026-10-09 04:45:08,015 - WARNING - GNN failed on rep 15: PyTorch not installed. Cannot use GNN method.
2026-10-09 04:45:09,173 - WARNING - GNN failed on rep 16: PyTorch not installed. Cannot use GNN method.
2026-10-09 04:45:10,300 - WARNING - GNN failed on rep 17: PyTorch not installed. Cannot use GNN method.
2026-10-09 04:45:11,428 - WARNING - GNN failed on rep 18: PyTorch not installed. Cannot use GNN method.
2026-10-09 04:45:12,604 - WARNING - GNN failed on rep 19: PyTorch not installed. Cannot use GNN method.
2026-10-09 04:45:13,921 - WARNING - GNN failed on rep 20: PyTorch not installed. Cannot use GNN method.
2026-10-09 04:45:15,104 - WARNING - GNN failed on rep 21: PyTorch not installed. Cannot use GNN method.
2026-10-09 04:45:16,389 - WARNING - GNN failed on rep 22: PyTorch not installed. Cannot use GNN method.
2026-10-09 04:45:17,650 - WARNING - GNN failed on rep 23: PyTorch not installed. Cannot use GNN method.
2026-10-09 04:45:19,127 - WARNING - GNN failed on rep 24: PyTorch not installed. Cannot use GNN method.
2026-10-09 04:45:20,312 - WARNING - GNN failed on rep 25: PyTorch not installed. Cannot use GNN method.
2026-10-09 04:45:21,452 - WARNING - GNN failed on rep 26: PyTorch not installed. Cannot use GNN method.
2026-10-09 04:45:22,667 - WARNING - GNN failed on rep 27: PyTorch not installed. Cannot use GNN method.
2026-10-09 04:45:23,804 - WARNING - GNN failed on rep 28: PyTorch not installed. Cannot use GNN method.
2026-10-09 04:45:24,955 - WARNING - GNN failed on rep 29: PyTorch not installed. Cannot use GNN method.
2026-10-09 04:45:26,193 - WARNING - GNN failed on rep 30: PyTorch not installed. Cannot use GNN method.
2026-10-09 04:45:27,364 - WARNING - GNN failed on rep 31: PyTorch not installed. Cannot use GNN method.
2026-10-09 04:45:28,477 - WARNING - GNN failed on rep 32: PyTorch not installed. Cannot use GNN method.
2026-10-09 04:45:30,122 - WARNING - GNN failed on rep 33: PyTorch not installed. Cannot use GNN method.
2026-10-09 04:45:31,311 - WARNING - GNN failed on rep 34: PyTorch not installed. Cannot use GNN method.
2026-10-09 04:45:32,441 - WARNING - GNN failed on rep 35: PyTorch not installed. Cannot use GNN method.
2026-10-09 04:45:33,581 - WARNING - GNN failed on rep 36: PyTorch not installed. Cannot use GNN method.
2026-10-09 04:45:34,737 - WARNING - GNN failed on rep 37: PyTorch not installed. Cannot use GNN method.
2026-10-09 04:45:35,989 - WARNING - GNN failed on rep 38: PyTorch not installed. Cannot use GNN method.
2026-10-09 04:45:37,222 - WARNING - GNN failed on rep 39: PyTorch not installed. Cannot use GNN method.
2026-10-09 04:45:38,385 - WARNING - GNN failed on rep 40: PyTorch not installed. Cannot use GNN method.
2026-10-09 04:45:39,518 - WARNING - GNN failed on rep 41: PyTorch not installed. Cannot use GNN method.
2026-10-09 04:45:40,605 - WARNING - GNN failed on rep 42: PyTorch not installed. Cannot use GNN method.
2026-10-09 04:45:41,713 - WARNING - GNN failed on rep 43: PyTorch not installed. Cannot use GNN method.
2026-10-09 04:45:42,822 - WARNING - GNN failed on rep 44: PyTorch not installed. Cannot use GNN method.
2026-10-09 04:45:43,990 - WARNING - GNN failed on rep 45: PyTorch not installed. Cannot use GNN method.
2026-10-09 04:45:45,115 - WARNING - GNN failed on rep 46: PyTorch not installed. Cannot use GNN method.
2026-10-09 04:45:46,300 - WARNING - GNN failed on rep 47: PyTorch not installed. Cannot use GNN method.
2026-10-09 04:45:47,376 - WARNING - GNN failed on rep 48: PyTorch not installed. Cannot use GNN method.
2026-10-09 04:45:48,501 - WARNING - GNN failed on rep 49: PyTorch not installed. Cannot use GNN method.
2026-10-09 04:45:49,663 - WARNING - GNN failed on rep 50: PyTorch not installed. Cannot use GNN method.
2026-10-09 04:45:50,777 - WARNING - GNN failed on rep 51: PyTorch not installed. Cannot use GNN method.
2026-10-09 04:45:51,914 - WARNING - GNN failed on rep 52: PyTorch not installed. Cannot use GNN method.
2026-10-09 04:45:53,052 - WARNING - GNN failed on rep 53: PyTorch not installed. Cannot use GNN method.
2026-10-09 04:45:54,168 - WARNING - GNN failed on rep 54: PyTorch not installed. Cannot use GNN method.
2026-10-09 04:45:55,256 - WARNING - GNN failed on rep 55: PyTorch not installed. Cannot use GNN method.
2026-10-09 04:45:56,516 - WARNING - GNN failed on rep 56: PyTorch not installed. Cannot use GNN method.
2026-10-09 04:45:57,638 - WARNING - GNN failed on rep 57: PyTorch not installed. Cannot use GNN method.
2026-10-09 04:45:58,755 - WARNING - GNN failed on rep 58: PyTorch not installed. Cannot use GNN method.
2026-10-09 04:45:59,867 - WARNING - GNN failed on rep 59: PyTorch not installed. Cannot use GNN method.
2026-10-09 04:46:00,989 - WARNING - GNN failed on rep 60: PyTorch not installed. Cannot use GNN method.
2026-10-09 04:46:02,118 - WARNING - GNN failed on rep 61: PyTorch not installed. Cannot use GNN method.
2026-10-09 04:46:03,194 - WARNING - GNN failed on rep 62: PyTorch not installed. Cannot use GNN method.
2026-10-09 04:46:04,292 - WARNING - GNN failed on rep 63: PyTorch not installed. Cannot use GNN method.
2026-10-09 04:46:05,379 - WARNING - GNN failed on rep 64: PyTorch not installed. Cannot use GNN method.
2026-10-09 04:46:06,453 - WARNING - GNN failed on rep 65: PyTorch not installed. Cannot use GNN method.
2026-10-09 04:46:07,647 - WARNING - GNN failed on rep 66: PyTorch not installed. Cannot use GNN method.
2026-10-09 04:46:08,781 - WARNING - GNN failed on rep 67: PyTorch not installed. Cannot use GNN method.
2026-10-09 04:46:10,222 - WARNING - GNN failed on rep 68: PyTorch not installed. Cannot use GNN method.
2026-10-09 04:46:11,562 - WARNING - GNN failed on rep 69: PyTorch not installed. Cannot use GNN method.
2026-10-09 04:46:12,735 - WARNING - GNN failed on rep 70: PyTorch not installed. Cannot use GNN method.
2026-10-09 04:46:14,103 - WARNING - GNN failed on rep 71: PyTorch not installed. Cannot use GNN method.
2026-10-09 04:46:15,218 - WARNING - GNN failed on rep 72: PyTorch not installed. Cannot use GNN method.
2026-10-09 04:46:16,410 - WARNING - GNN failed on rep 73: PyTorch not installed. Cannot use GNN method.
2026-10-09 04:46:17,768 - WARNING - GNN failed on rep 74: PyTorch not installed. Cannot use GNN method.
2026-10-09 04:46:18,965 - WARNING - GNN failed on rep 75: PyTorch not installed. Cannot use GNN method.
2026-10-09 04:46:20,096 - WARNING - GNN failed on rep 76: PyTorch not installed. Cannot use GNN method.
2026-10-09 04:46:21,221 - WARNING - GNN failed on rep 77: PyTorch not installed. Cannot use GNN method.
2026-10-09 04:46:22,360 - WARNING - GNN failed on rep 78: PyTorch not installed. Cannot use GNN method.
2026-10-09 04:46:23,447 - WARNING - GNN failed on rep 79: PyTorch not installed. Cannot use GNN method.
2026-10-09 04:46:24,595 - WARNING - GNN failed on rep 80: PyTorch not installed. Cannot use GNN method.
2026-10-09 04:46:25,715 - WARNING - GNN failed on rep 81: PyTorch not installed. Cannot use GNN method.
2026-10-09 04:46:26,838 - WARNING - GNN failed on rep 82: PyTorch not installed. Cannot use GNN method.
2026-10-09 04:46:28,008 - WARNING - GNN failed on rep 83: PyTorch not installed. Cannot use GNN method.
2026-10-09 04:46:29,498 - WARNING - GNN failed on rep 84: PyTorch not installed. Cannot use GNN method.
2026-10-09 04:46:31,167 - WARNING - GNN failed on rep 85: PyTorch not installed. Cannot use GNN method.
2026-10-09 04:46:32,302 - WARNING - GNN failed on rep 86: PyTorch not installed. Cannot use GNN method.
2026-10-09 04:46:33,456 - WARNING - GNN failed on rep 87: PyTorch not installed. Cannot use GNN method.
2026-10-09 04:46:34,596 - WARNING - GNN failed on rep 88: PyTorch not installed. Cannot use GNN method.
2026-10-09 04:46:35,780 - WARNING - GNN failed on rep 89: PyTorch not installed. Cannot use GNN method.
2026-10-09 04:46:36,916 - WARNING - GNN failed on rep 90: PyTorch not installed. Cannot use GNN method.
2026-10-09 04:46:38,040 - WARNING - GNN failed on rep 91: PyTorch not installed. Cannot use GNN method.
2026-10-09 04:46:39,139 - WARNING - GNN failed on rep 92: PyTorch not installed. Cannot use GNN method.
2026-10-09 04:46:40,254 - WARNING - GNN failed on rep 93: PyTorch not installed. Cannot use GNN method.
2026-10-09 04:46:41,368 - WARNING - GNN failed on rep 94: PyTorch not installed. Cannot use GNN method.
2026-10-09 04:46:42,500 - WARNING - GNN failed on rep 95: PyTorch not installed. Cannot use GNN method.
2026-10-09 04:46:43,633 - WARNING - GNN failed on rep 96: PyTorch not installed. Cannot use GNN method.
2026-10-09 04:46:44,713 - WARNING - GNN failed on rep 97: PyTorch not installed. Cannot use GNN method.
2026-10-09 04:46:45,878 - WARNING - GNN failed on rep 98: PyTorch not installed. Cannot use GNN method.
2026-10-09 04:46:46,989 - WARNING - GNN failed on rep 99: PyTorch not installed. Cannot use GNN method.
2026-10-09 04:46:46,998 - INFO - Completed: T250_N0.3_D2_DF10
2026-10-09 04:46:47,003 - INFO - Configuration 84/90
2026-10-09 04:46:47,003 - INFO - Starting configuration: T250_N0.3_D4_DF10
2026-10-09 04:46:48,664 - WARNING - GNN failed on rep 0: PyTorch not installed. Cannot use GNN method.
2026-10-09 04:46:49,906 - WARNING - GNN failed on rep 1: PyTorch not installed. Cannot use GNN method.
2026-10-09 04:46:51,005 - WARNING - GNN failed on rep 2: PyTorch not installed. Cannot use GNN method.
2026-10-09 04:46:52,120 - WARNING - GNN failed on rep 3: PyTorch not installed. Cannot use GNN method.
2026-10-09 04:46:53,244 - WARNING - GNN failed on rep 4: PyTorch not installed. Cannot use GNN method.
2026-10-09 04:46:54,337 - WARNING - GNN failed on rep 5: PyTorch not installed. Cannot use GNN method.
2026-10-09 04:46:55,495 - WARNING - GNN failed on rep 6: PyTorch not installed. Cannot use GNN method.
2026-10-09 04:46:56,577 - WARNING - GNN failed on rep 7: PyTorch not installed. Cannot use GNN method.
2026-10-09 04:46:57,699 - WARNING - GNN failed on rep 8: PyTorch not installed. Cannot use GNN method.
2026-10-09 04:46:58,773 - WARNING - GNN failed on rep 9: PyTorch not installed. Cannot use GNN method.
2026-10-09 04:46:59,934 - WARNING - GNN failed on rep 10: PyTorch not installed. Cannot use GNN method.
2026-10-09 04:47:01,053 - WARNING - GNN failed on rep 11: PyTorch not installed. Cannot use GNN method.
2026-10-09 04:47:02,162 - WARNING - GNN failed on rep 12: PyTorch not installed. Cannot use GNN method.
2026-10-09 04:47:03,263 - WARNING - GNN failed on rep 13: PyTorch not installed. Cannot use GNN method.
2026-10-09 04:47:04,414 - WARNING - GNN failed on rep 14: PyTorch not installed. Cannot use GNN method.
2026-10-09 04:47:05,533 - WARNING - GNN failed on rep 15: PyTorch not installed. Cannot use GNN method.
2026-10-09 04:47:06,645 - WARNING - GNN failed on rep 16: PyTorch not installed. Cannot use GNN method.
2026-10-09 04:47:07,731 - WARNING - GNN failed on rep 17: PyTorch not installed. Cannot use GNN method.
2026-10-09 04:47:09,004 - WARNING - GNN failed on rep 18: PyTorch not installed. Cannot use GNN method.
2026-10-09 04:47:10,094 - WARNING - GNN failed on rep 19: PyTorch not installed. Cannot use GNN method.
2026-10-09 04:47:11,215 - WARNING - GNN failed on rep 20: PyTorch not installed. Cannot use GNN method.
2026-10-09 04:47:12,322 - WARNING - GNN failed on rep 21: PyTorch not installed. Cannot use GNN method.
2026-10-09 04:47:13,398 - WARNING - GNN failed on rep 22: PyTorch not installed. Cannot use GNN method.
2026-10-09 04:47:14,552 - WARNING - GNN failed on rep 23: PyTorch not installed. Cannot use GNN method.
2026-10-09 04:47:15,695 - WARNING - GNN failed on rep 24: PyTorch not installed. Cannot use GNN method.
2026-10-09 04:47:16,781 - WARNING - GNN failed on rep 25: PyTorch not installed. Cannot use GNN method.
2026-10-09 04:47:17,955 - WARNING - GNN failed on rep 26: PyTorch not installed. Cannot use GNN method.
2026-10-09 04:47:19,056 - WARNING - GNN failed on rep 27: PyTorch not installed. Cannot use GNN method.
2026-10-09 04:47:20,246 - WARNING - GNN failed on rep 28: PyTorch not installed. Cannot use GNN method.
2026-10-09 04:47:21,362 - WARNING - GNN failed on rep 29: PyTorch not installed. Cannot use GNN method.
2026-10-09 04:47:22,438 - WARNING - GNN failed on rep 30: PyTorch not installed. Cannot use GNN method.
2026-10-09 04:47:23,557 - WARNING - GNN failed on rep 31: PyTorch not installed. Cannot use GNN method.
2026-10-09 04:47:24,679 - WARNING - GNN failed on rep 32: PyTorch not installed. Cannot use GNN method.
2026-10-09 04:47:25,805 - WARNING - GNN failed on rep 33: PyTorch not installed. Cannot use GNN method.
2026-10-09 04:47:26,877 - WARNING - GNN failed on rep 34: PyTorch not installed. Cannot use GNN method.
2026-10-09 04:47:28,111 - WARNING - GNN failed on rep 35: PyTorch not installed. Cannot use GNN method.
2026-10-09 04:47:29,672 - WARNING - GNN failed on rep 36: PyTorch not installed. Cannot use GNN method.
2026-10-09 04:47:30,883 - WARNING - GNN failed on rep 37: PyTorch not installed. Cannot use GNN method.
2026-10-09 04:47:32,004 - WARNING - GNN failed on rep 38: PyTorch not installed. Cannot use GNN method.
2026-10-09 04:47:33,143 - WARNING - GNN failed on rep 39: PyTorch not installed. Cannot use GNN method.
2026-10-09 04:47:34,219 - WARNING - GNN failed on rep 40: PyTorch not installed. Cannot use GNN method.
2026-10-09 04:47:35,348 - WARNING - GNN failed on rep 41: PyTorch not installed. Cannot use GNN method.
2026-10-09 04:47:36,469 - WARNING - GNN failed on rep 42: PyTorch not installed. Cannot use GNN method.
2026-10-09 04:47:37,568 - WARNING - GNN failed on rep 43: PyTorch not installed. Cannot use GNN method.
2026-10-09 04:47:38,651 - WARNING - GNN failed on rep 44: PyTorch not installed. Cannot use GNN method.
2026-10-09 04:47:39,746 - WARNING - GNN failed on rep 45: PyTorch not installed. Cannot use GNN method.
2026-10-09 04:47:40,914 - WARNING - GNN failed on rep 46: PyTorch not installed. Cannot use GNN method.
2026-10-09 04:47:41,994 - WARNING - GNN failed on rep 47: PyTorch not installed. Cannot use GNN method.
2026-10-09 04:47:43,158 - WARNING - GNN failed on rep 48: PyTorch not installed. Cannot use GNN method.
2026-10-09 04:47:44,239 - WARNING - GNN failed on rep 49: PyTorch not installed. Cannot use GNN method.
2026-10-09 04:47:45,376 - WARNING - GNN failed on rep 50: PyTorch not installed. Cannot use GNN method.
2026-10-09 04:47:46,613 - WARNING - GNN failed on rep 51: PyTorch not installed. Cannot use GNN method.
2026-10-09 04:47:47,779 - WARNING - GNN failed on rep 52: PyTorch not installed. Cannot use GNN method.
2026-10-09 04:47:48,889 - WARNING - GNN failed on rep 53: PyTorch not installed. Cannot use GNN method.
2026-10-09 04:47:50,012 - WARNING - GNN failed on rep 54: PyTorch not installed. Cannot use GNN method.
2026-10-09 04:47:51,102 - WARNING - GNN failed on rep 55: PyTorch not installed. Cannot use GNN method.
2026-10-09 04:47:52,209 - WARNING - GNN failed on rep 56: PyTorch not installed. Cannot use GNN method.
2026-10-09 04:47:53,315 - WARNING - GNN failed on rep 57: PyTorch not installed. Cannot use GNN method.
2026-10-09 04:47:54,419 - WARNING - GNN failed on rep 58: PyTorch not installed. Cannot use GNN method.
2026-10-09 04:47:55,529 - WARNING - GNN failed on rep 59: PyTorch not installed. Cannot use GNN method.
2026-10-09 04:47:56,641 - WARNING - GNN failed on rep 60: PyTorch not installed. Cannot use GNN method.
2026-10-09 04:47:57,742 - WARNING - GNN failed on rep 61: PyTorch not installed. Cannot use GNN method.
2026-10-09 04:47:58,835 - WARNING - GNN failed on rep 62: PyTorch not installed. Cannot use GNN method.
2026-10-09 04:47:59,959 - WARNING - GNN failed on rep 63: PyTorch not installed. Cannot use GNN method.
2026-10-09 04:48:01,080 - WARNING - GNN failed on rep 64: PyTorch not installed. Cannot use GNN method.
2026-10-09 04:48:02,186 - WARNING - GNN failed on rep 65: PyTorch not installed. Cannot use GNN method.
2026-10-09 04:48:03,261 - WARNING - GNN failed on rep 66: PyTorch not installed. Cannot use GNN method.
2026-10-09 04:48:04,531 - WARNING - GNN failed on rep 67: PyTorch not installed. Cannot use GNN method.
2026-10-09 04:48:05,616 - WARNING - GNN failed on rep 68: PyTorch not installed. Cannot use GNN method.
2026-10-09 04:48:06,718 - WARNING - GNN failed on rep 69: PyTorch not installed. Cannot use GNN method.
2026-10-09 04:48:07,844 - WARNING - GNN failed on rep 70: PyTorch not installed. Cannot use GNN method.
2026-10-09 04:48:08,979 - WARNING - GNN failed on rep 71: PyTorch not installed. Cannot use GNN method.
2026-10-09 04:48:10,054 - WARNING - GNN failed on rep 72: PyTorch not installed. Cannot use GNN method.
2026-10-09 04:48:11,218 - WARNING - GNN failed on rep 73: PyTorch not installed. Cannot use GNN method.
2026-10-09 04:48:12,336 - WARNING - GNN failed on rep 74: PyTorch not installed. Cannot use GNN method.
2026-10-09 04:48:13,420 - WARNING - GNN failed on rep 75: PyTorch not installed. Cannot use GNN method.
2026-10-09 04:48:14,504 - WARNING - GNN failed on rep 76: PyTorch not installed. Cannot use GNN method.
2026-10-09 04:48:15,603 - WARNING - GNN failed on rep 77: PyTorch not installed. Cannot use GNN method.
2026-10-09 04:48:16,691 - WARNING - GNN failed on rep 78: PyTorch not installed. Cannot use GNN method.
2026-10-09 04:48:17,778 - WARNING - GNN failed on rep 79: PyTorch not installed. Cannot use GNN method.
2026-10-09 04:48:18,893 - WARNING - GNN failed on rep 80: PyTorch not installed. Cannot use GNN method.
2026-10-09 04:48:20,046 - WARNING - GNN failed on rep 81: PyTorch not installed. Cannot use GNN method.
2026-10-09 04:48:21,145 - WARNING - GNN failed on rep 82: PyTorch not installed. Cannot use GNN method.
2026-10-09 04:48:22,371 - WARNING - GNN failed on rep 83: PyTorch not installed. Cannot use GNN method.
2026-10-09 04:48:23,453 - WARNING - GNN failed on rep 84: PyTorch not installed. Cannot use GNN method.
2026-10-09 04:48:24,560 - WARNING - GNN failed on rep 85: PyTorch not installed. Cannot use GNN method.
2026-10-09 04:48:25,637 - WARNING - GNN failed on rep 86: PyTorch not installed. Cannot use GNN method.
2026-10-09 04:48:26,735 - WARNING - GNN failed on rep 87: PyTorch not installed. Cannot use GNN method.
2026-10-09 04:48:27,845 - WARNING - GNN failed on rep 88: PyTorch not installed. Cannot use GNN method.
2026-10-09 04:48:29,050 - WARNING - GNN failed on rep 89: PyTorch not installed. Cannot use GNN method.
2026-10-09 04:48:30,567 - WARNING - GNN failed on rep 90: PyTorch not installed. Cannot use GNN method.
2026-10-09 04:48:31,696 - WARNING - GNN failed on rep 91: PyTorch not installed. Cannot use GNN method.
2026-10-09 04:48:32,844 - WARNING - GNN failed on rep 92: PyTorch not installed. Cannot use GNN method.
2026-10-09 04:48:33,989 - WARNING - GNN failed on rep 93: PyTorch not installed. Cannot use GNN method.
2026-10-09 04:48:35,087 - WARNING - GNN failed on rep 94: PyTorch not installed. Cannot use GNN method.
2026-10-09 04:48:36,166 - WARNING - GNN failed on rep 95: PyTorch not installed. Cannot use GNN method.
2026-10-09 04:48:37,272 - WARNING - GNN failed on rep 96: PyTorch not installed. Cannot use GNN method.
2026-10-09 04:48:38,387 - WARNING - GNN failed on rep 97: PyTorch not installed. Cannot use GNN method.
2026-10-09 04:48:39,493 - WARNING - GNN failed on rep 98: PyTorch not installed. Cannot use GNN method.
2026-10-09 04:48:40,594 - WARNING - GNN failed on rep 99: PyTorch not installed. Cannot use GNN method.
2026-10-09 04:48:40,600 - INFO - Completed: T250_N0.3_D4_DF10
2026-10-09 04:48:40,606 - INFO - Configuration 85/90
2026-10-09 04:48:40,609 - INFO - Starting configuration: T250_N0.5_D2_DF3
2026-10-09 04:48:42,448 - WARNING - GNN failed on rep 0: PyTorch not installed. Cannot use GNN method.
2026-10-09 04:48:43,508 - WARNING - GNN failed on rep 1: PyTorch not installed. Cannot use GNN method.
2026-10-09 04:48:44,584 - WARNING - GNN failed on rep 2: PyTorch not installed. Cannot use GNN method.
2026-10-09 04:48:45,690 - WARNING - GNN failed on rep 3: PyTorch not installed. Cannot use GNN method.
2026-10-09 04:48:46,775 - WARNING - GNN failed on rep 4: PyTorch not installed. Cannot use GNN method.
2026-10-09 04:48:47,874 - WARNING - GNN failed on rep 5: PyTorch not installed. Cannot use GNN method.
2026-10-09 04:48:48,949 - WARNING - GNN failed on rep 6: PyTorch not installed. Cannot use GNN method.
2026-10-09 04:48:50,012 - WARNING - GNN failed on rep 7: PyTorch not installed. Cannot use GNN method.
2026-10-09 04:48:51,136 - WARNING - GNN failed on rep 8: PyTorch not installed. Cannot use GNN method.
2026-10-09 04:48:52,283 - WARNING - GNN failed on rep 9: PyTorch not installed. Cannot use GNN method.
2026-10-09 04:48:53,414 - WARNING - GNN failed on rep 10: PyTorch not installed. Cannot use GNN method.
2026-10-09 04:48:54,598 - WARNING - GNN failed on rep 11: PyTorch not installed. Cannot use GNN method.
2026-10-09 04:48:55,741 - WARNING - GNN failed on rep 12: PyTorch not installed. Cannot use GNN method.
2026-10-09 04:48:56,892 - WARNING - GNN failed on rep 13: PyTorch not installed. Cannot use GNN method.
2026-10-09 04:48:58,026 - WARNING - GNN failed on rep 14: PyTorch not installed. Cannot use GNN method.
2026-10-09 04:48:59,155 - WARNING - GNN failed on rep 15: PyTorch not installed. Cannot use GNN method.
2026-10-09 04:49:00,297 - WARNING - GNN failed on rep 16: PyTorch not installed. Cannot use GNN method.
2026-10-09 04:49:01,563 - WARNING - GNN failed on rep 17: PyTorch not installed. Cannot use GNN method.
2026-10-09 04:49:02,644 - WARNING - GNN failed on rep 18: PyTorch not installed. Cannot use GNN method.
2026-10-09 04:49:03,744 - WARNING - GNN failed on rep 19: PyTorch not installed. Cannot use GNN method.
2026-10-09 04:49:04,822 - WARNING - GNN failed on rep 20: PyTorch not installed. Cannot use GNN method.
2026-10-09 04:49:06,121 - WARNING - GNN failed on rep 21: PyTorch not installed. Cannot use GNN method.
2026-10-09 04:49:07,224 - WARNING - GNN failed on rep 22: PyTorch not installed. Cannot use GNN method.
2026-10-09 04:49:08,323 - WARNING - GNN failed on rep 23: PyTorch not installed. Cannot use GNN method.
2026-10-09 04:49:09,444 - WARNING - GNN failed on rep 24: PyTorch not installed. Cannot use GNN method.
2026-10-09 04:49:10,571 - WARNING - GNN failed on rep 25: PyTorch not installed. Cannot use GNN method.
2026-10-09 04:49:11,657 - WARNING - GNN failed on rep 26: PyTorch not installed. Cannot use GNN method.
2026-10-09 04:49:12,816 - WARNING - GNN failed on rep 27: PyTorch not installed. Cannot use GNN method.
2026-10-09 04:49:13,972 - WARNING - GNN failed on rep 28: PyTorch not installed. Cannot use GNN method.
2026-10-09 04:49:15,038 - WARNING - GNN failed on rep 29: PyTorch not installed. Cannot use GNN method.
2026-10-09 04:49:16,092 - WARNING - GNN failed on rep 30: PyTorch not installed. Cannot use GNN method.
2026-10-09 04:49:17,162 - WARNING - GNN failed on rep 31: PyTorch not installed. Cannot use GNN method.
2026-10-09 04:49:18,229 - WARNING - GNN failed on rep 32: PyTorch not installed. Cannot use GNN method.
2026-10-09 04:49:19,307 - WARNING - GNN failed on rep 33: PyTorch not installed. Cannot use GNN method.
2026-10-09 04:49:20,377 - WARNING - GNN failed on rep 34: PyTorch not installed. Cannot use GNN method.
2026-10-09 04:49:21,567 - WARNING - GNN failed on rep 35: PyTorch not installed. Cannot use GNN method.
2026-10-09 04:49:22,638 - WARNING - GNN failed on rep 36: PyTorch not installed. Cannot use GNN method.
2026-10-09 04:49:23,703 - WARNING - GNN failed on rep 37: PyTorch not installed. Cannot use GNN method.
2026-10-09 04:49:24,784 - WARNING - GNN failed on rep 38: PyTorch not installed. Cannot use GNN method.
2026-10-09 04:49:25,853 - WARNING - GNN failed on rep 39: PyTorch not installed. Cannot use GNN method.
2026-10-09 04:49:26,931 - WARNING - GNN failed on rep 40: PyTorch not installed. Cannot use GNN method.
2026-10-09 04:49:28,018 - WARNING - GNN failed on rep 41: PyTorch not installed. Cannot use GNN method.
2026-10-09 04:49:29,388 - WARNING - GNN failed on rep 42: PyTorch not installed. Cannot use GNN method.
2026-10-09 04:49:30,681 - WARNING - GNN failed on rep 43: PyTorch not installed. Cannot use GNN method.
2026-10-09 04:49:31,773 - WARNING - GNN failed on rep 44: PyTorch not installed. Cannot use GNN method.
2026-10-09 04:49:32,896 - WARNING - GNN failed on rep 45: PyTorch not installed. Cannot use GNN method.
2026-10-09 04:49:33,985 - WARNING - GNN failed on rep 46: PyTorch not installed. Cannot use GNN method.
2026-10-09 04:49:35,082 - WARNING - GNN failed on rep 47: PyTorch not installed. Cannot use GNN method.
2026-10-09 04:49:36,230 - WARNING - GNN failed on rep 48: PyTorch not installed. Cannot use GNN method.
2026-10-09 04:49:37,342 - WARNING - GNN failed on rep 49: PyTorch not installed. Cannot use GNN method.
2026-10-09 04:49:38,429 - WARNING - GNN failed on rep 50: PyTorch not installed. Cannot use GNN method.
2026-10-09 04:49:39,639 - WARNING - GNN failed on rep 51: PyTorch not installed. Cannot use GNN method.
2026-10-09 04:49:40,733 - WARNING - GNN failed on rep 52: PyTorch not installed. Cannot use GNN method.
2026-10-09 04:49:41,945 - WARNING - GNN failed on rep 53: PyTorch not installed. Cannot use GNN method.
2026-10-09 04:49:43,021 - WARNING - GNN failed on rep 54: PyTorch not installed. Cannot use GNN method.
2026-10-09 04:49:44,109 - WARNING - GNN failed on rep 55: PyTorch not installed. Cannot use GNN method.
2026-10-09 04:49:45,208 - WARNING - GNN failed on rep 56: PyTorch not installed. Cannot use GNN method.
2026-10-09 04:49:46,284 - WARNING - GNN failed on rep 57: PyTorch not installed. Cannot use GNN method.
2026-10-09 04:49:47,421 - WARNING - GNN failed on rep 58: PyTorch not installed. Cannot use GNN method.
2026-10-09 04:49:48,500 - WARNING - GNN failed on rep 59: PyTorch not installed. Cannot use GNN method.
2026-10-09 04:49:49,591 - WARNING - GNN failed on rep 60: PyTorch not installed. Cannot use GNN method.
2026-10-09 04:49:50,689 - WARNING - GNN failed on rep 61: PyTorch not installed. Cannot use GNN method.
2026-10-09 04:49:51,797 - WARNING - GNN failed on rep 62: PyTorch not installed. Cannot use GNN method.
2026-10-09 04:49:52,889 - WARNING - GNN failed on rep 63: PyTorch not installed. Cannot use GNN method.
2026-10-09 04:49:54,005 - WARNING - GNN failed on rep 64: PyTorch not installed. Cannot use GNN method.
2026-10-09 04:49:55,088 - WARNING - GNN failed on rep 65: PyTorch not installed. Cannot use GNN method.
2026-10-09 04:49:56,163 - WARNING - GNN failed on rep 66: PyTorch not installed. Cannot use GNN method.
2026-10-09 04:49:57,237 - WARNING - GNN failed on rep 67: PyTorch not installed. Cannot use GNN method.
2026-10-09 04:49:58,346 - WARNING - GNN failed on rep 68: PyTorch not installed. Cannot use GNN method.
2026-10-09 04:49:59,439 - WARNING - GNN failed on rep 69: PyTorch not installed. Cannot use GNN method.
2026-10-09 04:50:01,297 - WARNING - GNN failed on rep 70: PyTorch not installed. Cannot use GNN method.
2026-10-09 04:50:02,415 - WARNING - GNN failed on rep 71: PyTorch not installed. Cannot use GNN method.
2026-10-09 04:50:03,514 - WARNING - GNN failed on rep 72: PyTorch not installed. Cannot use GNN method.
2026-10-09 04:50:04,620 - WARNING - GNN failed on rep 73: PyTorch not installed. Cannot use GNN method.
2026-10-09 04:50:05,732 - WARNING - GNN failed on rep 74: PyTorch not installed. Cannot use GNN method.
2026-10-09 04:50:06,823 - WARNING - GNN failed on rep 75: PyTorch not installed. Cannot use GNN method.
2026-10-09 04:50:07,923 - WARNING - GNN failed on rep 76: PyTorch not installed. Cannot use GNN method.
2026-10-09 04:50:09,014 - WARNING - GNN failed on rep 77: PyTorch not installed. Cannot use GNN method.
2026-10-09 04:50:10,107 - WARNING - GNN failed on rep 78: PyTorch not installed. Cannot use GNN method.
2026-10-09 04:50:11,209 - WARNING - GNN failed on rep 79: PyTorch not installed. Cannot use GNN method.
2026-10-09 04:50:12,382 - WARNING - GNN failed on rep 80: PyTorch not installed. Cannot use GNN method.
2026-10-09 04:50:13,500 - WARNING - GNN failed on rep 81: PyTorch not installed. Cannot use GNN method.
2026-10-09 04:50:14,912 - WARNING - GNN failed on rep 82: PyTorch not installed. Cannot use GNN method.
2026-10-09 04:50:16,029 - WARNING - GNN failed on rep 83: PyTorch not installed. Cannot use GNN method.
2026-10-09 04:50:17,139 - WARNING - GNN failed on rep 84: PyTorch not installed. Cannot use GNN method.
2026-10-09 04:50:18,231 - WARNING - GNN failed on rep 85: PyTorch not installed. Cannot use GNN method.
2026-10-09 04:50:19,343 - WARNING - GNN failed on rep 86: PyTorch not installed. Cannot use GNN method.
2026-10-09 04:50:20,542 - WARNING - GNN failed on rep 87: PyTorch not installed. Cannot use GNN method.
2026-10-09 04:50:21,630 - WARNING - GNN failed on rep 88: PyTorch not installed. Cannot use GNN method.
2026-10-09 04:50:22,732 - WARNING - GNN failed on rep 89: PyTorch not installed. Cannot use GNN method.
2026-10-09 04:50:23,847 - WARNING - GNN failed on rep 90: PyTorch not installed. Cannot use GNN method.
2026-10-09 04:50:24,933 - WARNING - GNN failed on rep 91: PyTorch not installed. Cannot use GNN method.
2026-10-09 04:50:26,002 - WARNING - GNN failed on rep 92: PyTorch not installed. Cannot use GNN method.
2026-10-09 04:50:27,098 - WARNING - GNN failed on rep 93: PyTorch not installed. Cannot use GNN method.
2026-10-09 04:50:28,301 - WARNING - GNN failed on rep 94: PyTorch not installed. Cannot use GNN method.
2026-10-09 04:50:30,449 - WARNING - GNN failed on rep 95: PyTorch not installed. Cannot use GNN method.
2026-10-09 04:50:31,669 - WARNING - GNN failed on rep 96: PyTorch not installed. Cannot use GNN method.
2026-10-09 04:50:32,878 - WARNING - GNN failed on rep 97: PyTorch not installed. Cannot use GNN method.
2026-10-09 04:50:33,994 - WARNING - GNN failed on rep 98: PyTorch not installed. Cannot use GNN method.
2026-10-09 04:50:35,132 - WARNING - GNN failed on rep 99: PyTorch not installed. Cannot use GNN method.
2026-10-09 04:50:35,143 - INFO - Completed: T250_N0.5_D2_DF3
2026-10-09 04:50:35,155 - INFO - Configuration 86/90
2026-10-09 04:50:35,155 - INFO - Starting configuration: T250_N0.5_D4_DF3
2026-10-09 04:50:36,961 - WARNING - GNN failed on rep 0: PyTorch not installed. Cannot use GNN method.
2026-10-09 04:50:38,088 - WARNING - GNN failed on rep 1: PyTorch not installed. Cannot use GNN method.
2026-10-09 04:50:39,186 - WARNING - GNN failed on rep 2: PyTorch not installed. Cannot use GNN method.
2026-10-09 04:50:40,411 - WARNING - GNN failed on rep 3: PyTorch not installed. Cannot use GNN method.
2026-10-09 04:50:41,502 - WARNING - GNN failed on rep 4: PyTorch not installed. Cannot use GNN method.
2026-10-09 04:50:42,603 - WARNING - GNN failed on rep 5: PyTorch not installed. Cannot use GNN method.
2026-10-09 04:50:43,708 - WARNING - GNN failed on rep 6: PyTorch not installed. Cannot use GNN method.
2026-10-09 04:50:44,812 - WARNING - GNN failed on rep 7: PyTorch not installed. Cannot use GNN method.
2026-10-09 04:50:45,907 - WARNING - GNN failed on rep 8: PyTorch not installed. Cannot use GNN method.
2026-10-09 04:50:47,014 - WARNING - GNN failed on rep 9: PyTorch not installed. Cannot use GNN method.
2026-10-09 04:50:48,119 - WARNING - GNN failed on rep 10: PyTorch not installed. Cannot use GNN method.
2026-10-09 04:50:49,218 - WARNING - GNN failed on rep 11: PyTorch not installed. Cannot use GNN method.
2026-10-09 04:50:50,341 - WARNING - GNN failed on rep 12: PyTorch not installed. Cannot use GNN method.
2026-10-09 04:50:51,486 - WARNING - GNN failed on rep 13: PyTorch not installed. Cannot use GNN method.
2026-10-09 04:50:52,640 - WARNING - GNN failed on rep 14: PyTorch not installed. Cannot use GNN method.
2026-10-09 04:50:53,723 - WARNING - GNN failed on rep 15: PyTorch not installed. Cannot use GNN method.
2026-10-09 04:50:54,847 - WARNING - GNN failed on rep 16: PyTorch not installed. Cannot use GNN method.
2026-10-09 04:50:55,984 - WARNING - GNN failed on rep 17: PyTorch not installed. Cannot use GNN method.
2026-10-09 04:50:57,096 - WARNING - GNN failed on rep 18: PyTorch not installed. Cannot use GNN method.
2026-10-09 04:50:58,189 - WARNING - GNN failed on rep 19: PyTorch not installed. Cannot use GNN method.
2026-10-09 04:50:59,320 - WARNING - GNN failed on rep 20: PyTorch not installed. Cannot use GNN method.
2026-10-09 04:51:00,575 - WARNING - GNN failed on rep 21: PyTorch not installed. Cannot use GNN method.
2026-10-09 04:51:01,694 - WARNING - GNN failed on rep 22: PyTorch not installed. Cannot use GNN method.
2026-10-09 04:51:02,839 - WARNING - GNN failed on rep 23: PyTorch not installed. Cannot use GNN method.
2026-10-09 04:51:03,951 - WARNING - GNN failed on rep 24: PyTorch not installed. Cannot use GNN method.
2026-10-09 04:51:05,063 - WARNING - GNN failed on rep 25: PyTorch not installed. Cannot use GNN method.
2026-10-09 04:51:06,208 - WARNING - GNN failed on rep 26: PyTorch not installed. Cannot use GNN method.
2026-10-09 04:51:07,315 - WARNING - GNN failed on rep 27: PyTorch not installed. Cannot use GNN method.
2026-10-09 04:51:08,435 - WARNING - GNN failed on rep 28: PyTorch not installed. Cannot use GNN method.
2026-10-09 04:51:09,561 - WARNING - GNN failed on rep 29: PyTorch not installed. Cannot use GNN method.
2026-10-09 04:51:10,687 - WARNING - GNN failed on rep 30: PyTorch not installed. Cannot use GNN method.
2026-10-09 04:51:11,807 - WARNING - GNN failed on rep 31: PyTorch not installed. Cannot use GNN method.
2026-10-09 04:51:12,948 - WARNING - GNN failed on rep 32: PyTorch not installed. Cannot use GNN method.
2026-10-09 04:51:14,082 - WARNING - GNN failed on rep 33: PyTorch not installed. Cannot use GNN method.
2026-10-09 04:51:15,225 - WARNING - GNN failed on rep 34: PyTorch not installed. Cannot use GNN method.
2026-10-09 04:51:16,332 - WARNING - GNN failed on rep 35: PyTorch not installed. Cannot use GNN method.
2026-10-09 04:51:17,479 - WARNING - GNN failed on rep 36: PyTorch not installed. Cannot use GNN method.
2026-10-09 04:51:18,584 - WARNING - GNN failed on rep 37: PyTorch not installed. Cannot use GNN method.
2026-10-09 04:51:19,881 - WARNING - GNN failed on rep 38: PyTorch not installed. Cannot use GNN method.
2026-10-09 04:51:21,034 - WARNING - GNN failed on rep 39: PyTorch not installed. Cannot use GNN method.
2026-10-09 04:51:22,192 - WARNING - GNN failed on rep 40: PyTorch not installed. Cannot use GNN method.
2026-10-09 04:51:23,303 - WARNING - GNN failed on rep 41: PyTorch not installed. Cannot use GNN method.
2026-10-09 04:51:24,406 - WARNING - GNN failed on rep 42: PyTorch not installed. Cannot use GNN method.
2026-10-09 04:51:25,547 - WARNING - GNN failed on rep 43: PyTorch not installed. Cannot use GNN method.
2026-10-09 04:51:26,657 - WARNING - GNN failed on rep 44: PyTorch not installed. Cannot use GNN method.
2026-10-09 04:51:27,766 - WARNING - GNN failed on rep 45: PyTorch not installed. Cannot use GNN method.
2026-10-09 04:51:28,897 - WARNING - GNN failed on rep 46: PyTorch not installed. Cannot use GNN method.
2026-10-09 04:51:30,700 - WARNING - GNN failed on rep 47: PyTorch not installed. Cannot use GNN method.
2026-10-09 04:51:31,826 - WARNING - GNN failed on rep 48: PyTorch not installed. Cannot use GNN method.
2026-10-09 04:51:33,015 - WARNING - GNN failed on rep 49: PyTorch not installed. Cannot use GNN method.
2026-10-09 04:51:34,127 - WARNING - GNN failed on rep 50: PyTorch not installed. Cannot use GNN method.
2026-10-09 04:51:35,260 - WARNING - GNN failed on rep 51: PyTorch not installed. Cannot use GNN method.
2026-10-09 04:51:36,422 - WARNING - GNN failed on rep 52: PyTorch not installed. Cannot use GNN method.
2026-10-09 04:51:37,585 - WARNING - GNN failed on rep 53: PyTorch not installed. Cannot use GNN method.
2026-10-09 04:51:38,708 - WARNING - GNN failed on rep 54: PyTorch not installed. Cannot use GNN method.
2026-10-09 04:51:39,963 - WARNING - GNN failed on rep 55: PyTorch not installed. Cannot use GNN method.
2026-10-09 04:51:41,084 - WARNING - GNN failed on rep 56: PyTorch not installed. Cannot use GNN method.
2026-10-09 04:51:42,235 - WARNING - GNN failed on rep 57: PyTorch not installed. Cannot use GNN method.
2026-10-09 04:51:43,386 - WARNING - GNN failed on rep 58: PyTorch not installed. Cannot use GNN method.
2026-10-09 04:51:44,551 - WARNING - GNN failed on rep 59: PyTorch not installed. Cannot use GNN method.
2026-10-09 04:51:45,692 - WARNING - GNN failed on rep 60: PyTorch not installed. Cannot use GNN method.
2026-10-09 04:51:46,834 - WARNING - GNN failed on rep 61: PyTorch not installed. Cannot use GNN method.
2026-10-09 04:51:47,986 - WARNING - GNN failed on rep 62: PyTorch not installed. Cannot use GNN method.
2026-10-09 04:51:49,169 - WARNING - GNN failed on rep 63: PyTorch not installed. Cannot use GNN method.
2026-10-09 04:51:50,543 - WARNING - GNN failed on rep 64: PyTorch not installed. Cannot use GNN method.
2026-10-09 04:51:51,651 - WARNING - GNN failed on rep 65: PyTorch not installed. Cannot use GNN method.
2026-10-09 04:51:52,794 - WARNING - GNN failed on rep 66: PyTorch not installed. Cannot use GNN method.
2026-10-09 04:51:53,889 - WARNING - GNN failed on rep 67: PyTorch not installed. Cannot use GNN method.
2026-10-09 04:51:55,002 - WARNING - GNN failed on rep 68: PyTorch not installed. Cannot use GNN method.
2026-10-09 04:51:56,148 - WARNING - GNN failed on rep 69: PyTorch not installed. Cannot use GNN method.
2026-10-09 04:51:57,311 - WARNING - GNN failed on rep 70: PyTorch not installed. Cannot use GNN method.
2026-10-09 04:51:58,472 - WARNING - GNN failed on rep 71: PyTorch not installed. Cannot use GNN method.
2026-10-09 04:51:59,743 - WARNING - GNN failed on rep 72: PyTorch not installed. Cannot use GNN method.
2026-10-09 04:52:00,874 - WARNING - GNN failed on rep 73: PyTorch not installed. Cannot use GNN method.
2026-10-09 04:52:02,037 - WARNING - GNN failed on rep 74: PyTorch not installed. Cannot use GNN method.
2026-10-09 04:52:03,366 - WARNING - GNN failed on rep 75: PyTorch not installed. Cannot use GNN method.
2026-10-09 04:52:04,585 - WARNING - GNN failed on rep 76: PyTorch not installed. Cannot use GNN method.
2026-10-09 04:52:05,793 - WARNING - GNN failed on rep 77: PyTorch not installed. Cannot use GNN method.
2026-10-09 04:52:07,002 - WARNING - GNN failed on rep 78: PyTorch not installed. Cannot use GNN method.
2026-10-09 04:52:08,227 - WARNING - GNN failed on rep 79: PyTorch not installed. Cannot use GNN method.
2026-10-09 04:52:09,544 - WARNING - GNN failed on rep 80: PyTorch not installed. Cannot use GNN method.
2026-10-09 04:52:10,766 - WARNING - GNN failed on rep 81: PyTorch not installed. Cannot use GNN method.
2026-10-09 04:52:11,858 - WARNING - GNN failed on rep 82: PyTorch not installed. Cannot use GNN method.
2026-10-09 04:52:13,056 - WARNING - GNN failed on rep 83: PyTorch not installed. Cannot use GNN method.
2026-10-09 04:52:14,158 - WARNING - GNN failed on rep 84: PyTorch not installed. Cannot use GNN method.
2026-10-09 04:52:15,265 - WARNING - GNN failed on rep 85: PyTorch not installed. Cannot use GNN method.
2026-10-09 04:52:16,361 - WARNING - GNN failed on rep 86: PyTorch not installed. Cannot use GNN method.
2026-10-09 04:52:17,469 - WARNING - GNN failed on rep 87: PyTorch not installed. Cannot use GNN method.
2026-10-09 04:52:18,601 - WARNING - GNN failed on rep 88: PyTorch not installed. Cannot use GNN method.
2026-10-09 04:52:19,931 - WARNING - GNN failed on rep 89: PyTorch not installed. Cannot use GNN method.
2026-10-09 04:52:21,089 - WARNING - GNN failed on rep 90: PyTorch not installed. Cannot use GNN method.
2026-10-09 04:52:22,170 - WARNING - GNN failed on rep 91: PyTorch not installed. Cannot use GNN method.
2026-10-09 04:52:23,340 - WARNING - GNN failed on rep 92: PyTorch not installed. Cannot use GNN method.
2026-10-09 04:52:24,484 - WARNING - GNN failed on rep 93: PyTorch not installed. Cannot use GNN method.
2026-10-09 04:52:25,588 - WARNING - GNN failed on rep 94: PyTorch not installed. Cannot use GNN method.
2026-10-09 04:52:26,701 - WARNING - GNN failed on rep 95: PyTorch not installed. Cannot use GNN method.
2026-10-09 04:52:27,830 - WARNING - GNN failed on rep 96: PyTorch not installed. Cannot use GNN method.
2026-10-09 04:52:28,967 - WARNING - GNN failed on rep 97: PyTorch not installed. Cannot use GNN method.
2026-10-09 04:52:30,577 - WARNING - GNN failed on rep 98: PyTorch not installed. Cannot use GNN method.
2026-10-09 04:52:31,734 - WARNING - GNN failed on rep 99: PyTorch not installed. Cannot use GNN method.
2026-10-09 04:52:31,745 - INFO - Completed: T250_N0.5_D4_DF3
2026-10-09 04:52:31,755 - INFO - Configuration 87/90
2026-10-09 04:52:31,756 - INFO - Starting configuration: T250_N0.5_D2_DF5
2026-10-09 04:52:33,365 - WARNING - GNN failed on rep 0: PyTorch not installed. Cannot use GNN method.
2026-10-09 04:52:34,498 - WARNING - GNN failed on rep 1: PyTorch not installed. Cannot use GNN method.
2026-10-09 04:52:35,621 - WARNING - GNN failed on rep 2: PyTorch not installed. Cannot use GNN method.
2026-10-09 04:52:36,869 - WARNING - GNN failed on rep 3: PyTorch not installed. Cannot use GNN method.
2026-10-09 04:52:38,023 - WARNING - GNN failed on rep 4: PyTorch not installed. Cannot use GNN method.
2026-10-09 04:52:39,140 - WARNING - GNN failed on rep 5: PyTorch not installed. Cannot use GNN method.
2026-10-09 04:52:40,339 - WARNING - GNN failed on rep 6: PyTorch not installed. Cannot use GNN method.
2026-10-09 04:52:41,455 - WARNING - GNN failed on rep 7: PyTorch not installed. Cannot use GNN method.
2026-10-09 04:52:42,581 - WARNING - GNN failed on rep 8: PyTorch not installed. Cannot use GNN method.
2026-10-09 04:52:43,674 - WARNING - GNN failed on rep 9: PyTorch not installed. Cannot use GNN method.
2026-10-09 04:52:44,798 - WARNING - GNN failed on rep 10: PyTorch not installed. Cannot use GNN method.
2026-10-09 04:52:45,915 - WARNING - GNN failed on rep 11: PyTorch not installed. Cannot use GNN method.
2026-10-09 04:52:47,021 - WARNING - GNN failed on rep 12: PyTorch not installed. Cannot use GNN method.
2026-10-09 04:52:48,156 - WARNING - GNN failed on rep 13: PyTorch not installed. Cannot use GNN method.
2026-10-09 04:52:49,260 - WARNING - GNN failed on rep 14: PyTorch not installed. Cannot use GNN method.
2026-10-09 04:52:50,423 - WARNING - GNN failed on rep 15: PyTorch not installed. Cannot use GNN method.
2026-10-09 04:52:51,534 - WARNING - GNN failed on rep 16: PyTorch not installed. Cannot use GNN method.
2026-10-09 04:52:52,685 - WARNING - GNN failed on rep 17: PyTorch not installed. Cannot use GNN method.
2026-10-09 04:52:54,229 - WARNING - GNN failed on rep 18: PyTorch not installed. Cannot use GNN method.
2026-10-09 04:52:55,536 - WARNING - GNN failed on rep 19: PyTorch not installed. Cannot use GNN method.
2026-10-09 04:52:56,710 - WARNING - GNN failed on rep 20: PyTorch not installed. Cannot use GNN method.
2026-10-09 04:52:57,867 - WARNING - GNN failed on rep 21: PyTorch not installed. Cannot use GNN method.
2026-10-09 04:52:58,986 - WARNING - GNN failed on rep 22: PyTorch not installed. Cannot use GNN method.
2026-10-09 04:53:00,121 - WARNING - GNN failed on rep 23: PyTorch not installed. Cannot use GNN method.
2026-10-09 04:53:01,332 - WARNING - GNN failed on rep 24: PyTorch not installed. Cannot use GNN method.
2026-10-09 04:53:02,451 - WARNING - GNN failed on rep 25: PyTorch not installed. Cannot use GNN method.
2026-10-09 04:53:03,625 - WARNING - GNN failed on rep 26: PyTorch not installed. Cannot use GNN method.
2026-10-09 04:53:04,718 - WARNING - GNN failed on rep 27: PyTorch not installed. Cannot use GNN method.
2026-10-09 04:53:05,812 - WARNING - GNN failed on rep 28: PyTorch not installed. Cannot use GNN method.
2026-10-09 04:53:06,923 - WARNING - GNN failed on rep 29: PyTorch not installed. Cannot use GNN method.
2026-10-09 04:53:08,083 - WARNING - GNN failed on rep 30: PyTorch not installed. Cannot use GNN method.
2026-10-09 04:53:09,251 - WARNING - GNN failed on rep 31: PyTorch not installed. Cannot use GNN method.
2026-10-09 04:53:10,384 - WARNING - GNN failed on rep 32: PyTorch not installed. Cannot use GNN method.
2026-10-09 04:53:11,645 - WARNING - GNN failed on rep 33: PyTorch not installed. Cannot use GNN method.
2026-10-09 04:53:13,006 - WARNING - GNN failed on rep 34: PyTorch not installed. Cannot use GNN method.
2026-10-09 04:53:14,141 - WARNING - GNN failed on rep 35: PyTorch not installed. Cannot use GNN method.
2026-10-09 04:53:15,269 - WARNING - GNN failed on rep 36: PyTorch not installed. Cannot use GNN method.
2026-10-09 04:53:16,366 - WARNING - GNN failed on rep 37: PyTorch not installed. Cannot use GNN method.
2026-10-09 04:53:17,460 - WARNING - GNN failed on rep 38: PyTorch not installed. Cannot use GNN method.
2026-10-09 04:53:18,552 - WARNING - GNN failed on rep 39: PyTorch not installed. Cannot use GNN method.
2026-10-09 04:53:19,655 - WARNING - GNN failed on rep 40: PyTorch not installed. Cannot use GNN method.
2026-10-09 04:53:20,765 - WARNING - GNN failed on rep 41: PyTorch not installed. Cannot use GNN method.
2026-10-09 04:53:21,891 - WARNING - GNN failed on rep 42: PyTorch not installed. Cannot use GNN method.
2026-10-09 04:53:22,982 - WARNING - GNN failed on rep 43: PyTorch not installed. Cannot use GNN method.
2026-10-09 04:53:24,097 - WARNING - GNN failed on rep 44: PyTorch not installed. Cannot use GNN method.
2026-10-09 04:53:25,209 - WARNING - GNN failed on rep 45: PyTorch not installed. Cannot use GNN method.
2026-10-09 04:53:26,317 - WARNING - GNN failed on rep 46: PyTorch not installed. Cannot use GNN method.
2026-10-09 04:53:27,431 - WARNING - GNN failed on rep 47: PyTorch not installed. Cannot use GNN method.
2026-10-09 04:53:28,563 - WARNING - GNN failed on rep 48: PyTorch not installed. Cannot use GNN method.
2026-10-09 04:53:30,331 - WARNING - GNN failed on rep 49: PyTorch not installed. Cannot use GNN method.
2026-10-09 04:53:31,469 - WARNING - GNN failed on rep 50: PyTorch not installed. Cannot use GNN method.
2026-10-09 04:53:32,753 - WARNING - GNN failed on rep 51: PyTorch not installed. Cannot use GNN method.
2026-10-09 04:53:33,875 - WARNING - GNN failed on rep 52: PyTorch not installed. Cannot use GNN method.
2026-10-09 04:53:35,052 - WARNING - GNN failed on rep 53: PyTorch not installed. Cannot use GNN method.
2026-10-09 04:53:36,177 - WARNING - GNN failed on rep 54: PyTorch not installed. Cannot use GNN method.
2026-10-09 04:53:37,308 - WARNING - GNN failed on rep 55: PyTorch not installed. Cannot use GNN method.
2026-10-09 04:53:38,449 - WARNING - GNN failed on rep 56: PyTorch not installed. Cannot use GNN method.
2026-10-09 04:53:39,567 - WARNING - GNN failed on rep 57: PyTorch not installed. Cannot use GNN method.
2026-10-09 04:53:40,763 - WARNING - GNN failed on rep 58: PyTorch not installed. Cannot use GNN method.
2026-10-09 04:53:41,950 - WARNING - GNN failed on rep 59: PyTorch not installed. Cannot use GNN method.
2026-10-09 04:53:43,177 - WARNING - GNN failed on rep 60: PyTorch not installed. Cannot use GNN method.
2026-10-09 04:53:44,318 - WARNING - GNN failed on rep 61: PyTorch not installed. Cannot use GNN method.
2026-10-09 04:53:45,437 - WARNING - GNN failed on rep 62: PyTorch not installed. Cannot use GNN method.
2026-10-09 04:53:46,582 - WARNING - GNN failed on rep 63: PyTorch not installed. Cannot use GNN method.
2026-10-09 04:53:47,693 - WARNING - GNN failed on rep 64: PyTorch not installed. Cannot use GNN method.
2026-10-09 04:53:48,821 - WARNING - GNN failed on rep 65: PyTorch not installed. Cannot use GNN method.
2026-10-09 04:53:49,975 - WARNING - GNN failed on rep 66: PyTorch not installed. Cannot use GNN method.
2026-10-09 04:53:51,088 - WARNING - GNN failed on rep 67: PyTorch not installed. Cannot use GNN method.
2026-10-09 04:53:52,316 - WARNING - GNN failed on rep 68: PyTorch not installed. Cannot use GNN method.
2026-10-09 04:53:53,468 - WARNING - GNN failed on rep 69: PyTorch not installed. Cannot use GNN method.
2026-10-09 04:53:54,619 - WARNING - GNN failed on rep 70: PyTorch not installed. Cannot use GNN method.
2026-10-09 04:53:55,720 - WARNING - GNN failed on rep 71: PyTorch not installed. Cannot use GNN method.
2026-10-09 04:53:56,873 - WARNING - GNN failed on rep 72: PyTorch not installed. Cannot use GNN method.
2026-10-09 04:53:57,994 - WARNING - GNN failed on rep 73: PyTorch not installed. Cannot use GNN method.
2026-10-09 04:53:59,143 - WARNING - GNN failed on rep 74: PyTorch not installed. Cannot use GNN method.
2026-10-09 04:54:00,250 - WARNING - GNN failed on rep 75: PyTorch not installed. Cannot use GNN method.
2026-10-09 04:54:01,387 - WARNING - GNN failed on rep 76: PyTorch not installed. Cannot use GNN method.
2026-10-09 04:54:02,531 - WARNING - GNN failed on rep 77: PyTorch not installed. Cannot use GNN method.
2026-10-09 04:54:03,729 - WARNING - GNN failed on rep 78: PyTorch not installed. Cannot use GNN method.
2026-10-09 04:54:04,838 - WARNING - GNN failed on rep 79: PyTorch not installed. Cannot use GNN method.
2026-10-09 04:54:05,943 - WARNING - GNN failed on rep 80: PyTorch not installed. Cannot use GNN method.
2026-10-09 04:54:07,082 - WARNING - GNN failed on rep 81: PyTorch not installed. Cannot use GNN method.
2026-10-09 04:54:08,189 - WARNING - GNN failed on rep 82: PyTorch not installed. Cannot use GNN method.
2026-10-09 04:54:09,306 - WARNING - GNN failed on rep 83: PyTorch not installed. Cannot use GNN method.
2026-10-09 04:54:10,398 - WARNING - GNN failed on rep 84: PyTorch not installed. Cannot use GNN method.
2026-10-09 04:54:11,486 - WARNING - GNN failed on rep 85: PyTorch not installed. Cannot use GNN method.
2026-10-09 04:54:12,735 - WARNING - GNN failed on rep 86: PyTorch not installed. Cannot use GNN method.
2026-10-09 04:54:13,825 - WARNING - GNN failed on rep 87: PyTorch not installed. Cannot use GNN method.
2026-10-09 04:54:14,915 - WARNING - GNN failed on rep 88: PyTorch not installed. Cannot use GNN method.
2026-10-09 04:54:16,024 - WARNING - GNN failed on rep 89: PyTorch not installed. Cannot use GNN method.
2026-10-09 04:54:17,109 - WARNING - GNN failed on rep 90: PyTorch not installed. Cannot use GNN method.
2026-10-09 04:54:18,297 - WARNING - GNN failed on rep 91: PyTorch not installed. Cannot use GNN method.
2026-10-09 04:54:19,513 - WARNING - GNN failed on rep 92: PyTorch not installed. Cannot use GNN method.
2026-10-09 04:54:20,628 - WARNING - GNN failed on rep 93: PyTorch not installed. Cannot use GNN method.
2026-10-09 04:54:21,731 - WARNING - GNN failed on rep 94: PyTorch not installed. Cannot use GNN method.
2026-10-09 04:54:22,821 - WARNING - GNN failed on rep 95: PyTorch not installed. Cannot use GNN method.
2026-10-09 04:54:23,934 - WARNING - GNN failed on rep 96: PyTorch not installed. Cannot use GNN method.
2026-10-09 04:54:25,015 - WARNING - GNN failed on rep 97: PyTorch not installed. Cannot use GNN method.
2026-10-09 04:54:26,091 - WARNING - GNN failed on rep 98: PyTorch not installed. Cannot use GNN method.
2026-10-09 04:54:27,179 - WARNING - GNN failed on rep 99: PyTorch not installed. Cannot use GNN method.
2026-10-09 04:54:27,186 - INFO - Completed: T250_N0.5_D2_DF5
2026-10-09 04:54:27,191 - INFO - Configuration 88/90
2026-10-09 04:54:27,192 - INFO - Starting configuration: T250_N0.5_D4_DF5
2026-10-09 04:54:28,839 - WARNING - GNN failed on rep 0: PyTorch not installed. Cannot use GNN method.
2026-10-09 04:54:30,444 - WARNING - GNN failed on rep 1: PyTorch not installed. Cannot use GNN method.
2026-10-09 04:54:31,653 - WARNING - GNN failed on rep 2: PyTorch not installed. Cannot use GNN method.
2026-10-09 04:54:32,750 - WARNING - GNN failed on rep 3: PyTorch not installed. Cannot use GNN method.
2026-10-09 04:54:33,841 - WARNING - GNN failed on rep 4: PyTorch not installed. Cannot use GNN method.
2026-10-09 04:54:34,946 - WARNING - GNN failed on rep 5: PyTorch not installed. Cannot use GNN method.
2026-10-09 04:54:36,039 - WARNING - GNN failed on rep 6: PyTorch not installed. Cannot use GNN method.
2026-10-09 04:54:37,126 - WARNING - GNN failed on rep 7: PyTorch not installed. Cannot use GNN method.
2026-10-09 04:54:38,225 - WARNING - GNN failed on rep 8: PyTorch not installed. Cannot use GNN method.
2026-10-09 04:54:39,307 - WARNING - GNN failed on rep 9: PyTorch not installed. Cannot use GNN method.
2026-10-09 04:54:40,383 - WARNING - GNN failed on rep 10: PyTorch not installed. Cannot use GNN method.
2026-10-09 04:54:41,472 - WARNING - GNN failed on rep 11: PyTorch not installed. Cannot use GNN method.
2026-10-09 04:54:42,582 - WARNING - GNN failed on rep 12: PyTorch not installed. Cannot use GNN method.
2026-10-09 04:54:43,644 - WARNING - GNN failed on rep 13: PyTorch not installed. Cannot use GNN method.
2026-10-09 04:54:44,768 - WARNING - GNN failed on rep 14: PyTorch not installed. Cannot use GNN method.
2026-10-09 04:54:45,884 - WARNING - GNN failed on rep 15: PyTorch not installed. Cannot use GNN method.
2026-10-09 04:54:46,964 - WARNING - GNN failed on rep 16: PyTorch not installed. Cannot use GNN method.
2026-10-09 04:54:48,034 - WARNING - GNN failed on rep 17: PyTorch not installed. Cannot use GNN method.
2026-10-09 04:54:49,166 - WARNING - GNN failed on rep 18: PyTorch not installed. Cannot use GNN method.
2026-10-09 04:54:50,269 - WARNING - GNN failed on rep 19: PyTorch not installed. Cannot use GNN method.
2026-10-09 04:54:51,452 - WARNING - GNN failed on rep 20: PyTorch not installed. Cannot use GNN method.
2026-10-09 04:54:52,547 - WARNING - GNN failed on rep 21: PyTorch not installed. Cannot use GNN method.
2026-10-09 04:54:53,628 - WARNING - GNN failed on rep 22: PyTorch not installed. Cannot use GNN method.
2026-10-09 04:54:54,718 - WARNING - GNN failed on rep 23: PyTorch not installed. Cannot use GNN method.
2026-10-09 04:54:55,796 - WARNING - GNN failed on rep 24: PyTorch not installed. Cannot use GNN method.
2026-10-09 04:54:56,884 - WARNING - GNN failed on rep 25: PyTorch not installed. Cannot use GNN method.
2026-10-09 04:54:57,959 - WARNING - GNN failed on rep 26: PyTorch not installed. Cannot use GNN method.
2026-10-09 04:54:59,074 - WARNING - GNN failed on rep 27: PyTorch not installed. Cannot use GNN method.
2026-10-09 04:55:00,176 - WARNING - GNN failed on rep 28: PyTorch not installed. Cannot use GNN method.
2026-10-09 04:55:01,274 - WARNING - GNN failed on rep 29: PyTorch not installed. Cannot use GNN method.
2026-10-09 04:55:02,348 - WARNING - GNN failed on rep 30: PyTorch not installed. Cannot use GNN method.
2026-10-09 04:55:03,449 - WARNING - GNN failed on rep 31: PyTorch not installed. Cannot use GNN method.
2026-10-09 04:55:04,541 - WARNING - GNN failed on rep 32: PyTorch not installed. Cannot use GNN method.
2026-10-09 04:55:05,659 - WARNING - GNN failed on rep 33: PyTorch not installed. Cannot use GNN method.
2026-10-09 04:55:06,739 - WARNING - GNN failed on rep 34: PyTorch not installed. Cannot use GNN method.
2026-10-09 04:55:07,815 - WARNING - GNN failed on rep 35: PyTorch not installed. Cannot use GNN method.
2026-10-09 04:55:08,891 - WARNING - GNN failed on rep 36: PyTorch not installed. Cannot use GNN method.
2026-10-09 04:55:09,988 - WARNING - GNN failed on rep 37: PyTorch not installed. Cannot use GNN method.
2026-10-09 04:55:11,259 - WARNING - GNN failed on rep 38: PyTorch not installed. Cannot use GNN method.
2026-10-09 04:55:12,407 - WARNING - GNN failed on rep 39: PyTorch not installed. Cannot use GNN method.
2026-10-09 04:55:13,501 - WARNING - GNN failed on rep 40: PyTorch not installed. Cannot use GNN method.
2026-10-09 04:55:14,949 - WARNING - GNN failed on rep 41: PyTorch not installed. Cannot use GNN method.
2026-10-09 04:55:16,118 - WARNING - GNN failed on rep 42: PyTorch not installed. Cannot use GNN method.
2026-10-09 04:55:17,429 - WARNING - GNN failed on rep 43: PyTorch not installed. Cannot use GNN method.
2026-10-09 04:55:18,585 - WARNING - GNN failed on rep 44: PyTorch not installed. Cannot use GNN method.
2026-10-09 04:55:19,697 - WARNING - GNN failed on rep 45: PyTorch not installed. Cannot use GNN method.
2026-10-09 04:55:20,807 - WARNING - GNN failed on rep 46: PyTorch not installed. Cannot use GNN method.
2026-10-09 04:55:21,903 - WARNING - GNN failed on rep 47: PyTorch not installed. Cannot use GNN method.
2026-10-09 04:55:22,991 - WARNING - GNN failed on rep 48: PyTorch not installed. Cannot use GNN method.
2026-10-09 04:55:24,084 - WARNING - GNN failed on rep 49: PyTorch not installed. Cannot use GNN method.
2026-10-09 04:55:25,186 - WARNING - GNN failed on rep 50: PyTorch not installed. Cannot use GNN method.
2026-10-09 04:55:26,323 - WARNING - GNN failed on rep 51: PyTorch not installed. Cannot use GNN method.
2026-10-09 04:55:27,410 - WARNING - GNN failed on rep 52: PyTorch not installed. Cannot use GNN method.
2026-10-09 04:55:28,511 - WARNING - GNN failed on rep 53: PyTorch not installed. Cannot use GNN method.
2026-10-09 04:55:30,232 - WARNING - GNN failed on rep 54: PyTorch not installed. Cannot use GNN method.
2026-10-09 04:55:31,336 - WARNING - GNN failed on rep 55: PyTorch not installed. Cannot use GNN method.
2026-10-09 04:55:32,576 - WARNING - GNN failed on rep 56: PyTorch not installed. Cannot use GNN method.
2026-10-09 04:55:33,738 - WARNING - GNN failed on rep 57: PyTorch not installed. Cannot use GNN method.
2026-10-09 04:55:34,872 - WARNING - GNN failed on rep 58: PyTorch not installed. Cannot use GNN method.
2026-10-09 04:55:36,054 - WARNING - GNN failed on rep 59: PyTorch not installed. Cannot use GNN method.
2026-10-09 04:55:37,184 - WARNING - GNN failed on rep 60: PyTorch not installed. Cannot use GNN method.
2026-10-09 04:55:38,302 - WARNING - GNN failed on rep 61: PyTorch not installed. Cannot use GNN method.
2026-10-09 04:55:39,453 - WARNING - GNN failed on rep 62: PyTorch not installed. Cannot use GNN method.
2026-10-09 04:55:40,607 - WARNING - GNN failed on rep 63: PyTorch not installed. Cannot use GNN method.
2026-10-09 04:55:41,710 - WARNING - GNN failed on rep 64: PyTorch not installed. Cannot use GNN method.
2026-10-09 04:55:42,874 - WARNING - GNN failed on rep 65: PyTorch not installed. Cannot use GNN method.
2026-10-09 04:55:44,018 - WARNING - GNN failed on rep 66: PyTorch not installed. Cannot use GNN method.
2026-10-09 04:55:45,182 - WARNING - GNN failed on rep 67: PyTorch not installed. Cannot use GNN method.
2026-10-09 04:55:46,357 - WARNING - GNN failed on rep 68: PyTorch not installed. Cannot use GNN method.
2026-10-09 04:55:47,557 - WARNING - GNN failed on rep 69: PyTorch not installed. Cannot use GNN method.
2026-10-09 04:55:48,657 - WARNING - GNN failed on rep 70: PyTorch not installed. Cannot use GNN method.
2026-10-09 04:55:49,758 - WARNING - GNN failed on rep 71: PyTorch not installed. Cannot use GNN method.
2026-10-09 04:55:50,873 - WARNING - GNN failed on rep 72: PyTorch not installed. Cannot use GNN method.
2026-10-09 04:55:52,121 - WARNING - GNN failed on rep 73: PyTorch not installed. Cannot use GNN method.
2026-10-09 04:55:53,242 - WARNING - GNN failed on rep 74: PyTorch not installed. Cannot use GNN method.
2026-10-09 04:55:54,354 - WARNING - GNN failed on rep 75: PyTorch not installed. Cannot use GNN method.
2026-10-09 04:55:55,472 - WARNING - GNN failed on rep 76: PyTorch not installed. Cannot use GNN method.
2026-10-09 04:55:56,589 - WARNING - GNN failed on rep 77: PyTorch not installed. Cannot use GNN method.
2026-10-09 04:55:57,697 - WARNING - GNN failed on rep 78: PyTorch not installed. Cannot use GNN method.
2026-10-09 04:55:58,846 - WARNING - GNN failed on rep 79: PyTorch not installed. Cannot use GNN method.
2026-10-09 04:55:59,945 - WARNING - GNN failed on rep 80: PyTorch not installed. Cannot use GNN method.
2026-10-09 04:56:01,102 - WARNING - GNN failed on rep 81: PyTorch not installed. Cannot use GNN method.
2026-10-09 04:56:02,231 - WARNING - GNN failed on rep 82: PyTorch not installed. Cannot use GNN method.
2026-10-09 04:56:03,379 - WARNING - GNN failed on rep 83: PyTorch not installed. Cannot use GNN method.
2026-10-09 04:56:04,470 - WARNING - GNN failed on rep 84: PyTorch not installed. Cannot use GNN method.
2026-10-09 04:56:05,575 - WARNING - GNN failed on rep 85: PyTorch not installed. Cannot use GNN method.
2026-10-09 04:56:06,695 - WARNING - GNN failed on rep 86: PyTorch not installed. Cannot use GNN method.
2026-10-09 04:56:07,853 - WARNING - GNN failed on rep 87: PyTorch not installed. Cannot use GNN method.
2026-10-09 04:56:09,034 - WARNING - GNN failed on rep 88: PyTorch not installed. Cannot use GNN method.
2026-10-09 04:56:10,163 - WARNING - GNN failed on rep 89: PyTorch not installed. Cannot use GNN method.
2026-10-09 04:56:11,311 - WARNING - GNN failed on rep 90: PyTorch not installed. Cannot use GNN method.
2026-10-09 04:56:12,556 - WARNING - GNN failed on rep 91: PyTorch not installed. Cannot use GNN method.
2026-10-09 04:56:13,675 - WARNING - GNN failed on rep 92: PyTorch not installed. Cannot use GNN method.
2026-10-09 04:56:14,809 - WARNING - GNN failed on rep 93: PyTorch not installed. Cannot use GNN method.
2026-10-09 04:56:15,890 - WARNING - GNN failed on rep 94: PyTorch not installed. Cannot use GNN method.
2026-10-09 04:56:17,021 - WARNING - GNN failed on rep 95: PyTorch not installed. Cannot use GNN method.
2026-10-09 04:56:18,120 - WARNING - GNN failed on rep 96: PyTorch not installed. Cannot use GNN method.
2026-10-09 04:56:19,235 - WARNING - GNN failed on rep 97: PyTorch not installed. Cannot use GNN method.
2026-10-09 04:56:20,328 - WARNING - GNN failed on rep 98: PyTorch not installed. Cannot use GNN method.
2026-10-09 04:56:21,478 - WARNING - GNN failed on rep 99: PyTorch not installed. Cannot use GNN method.
2026-10-09 04:56:21,485 - INFO - Completed: T250_N0.5_D4_DF5
2026-10-09 04:56:21,490 - INFO - Configuration 89/90
2026-10-09 04:56:21,491 - INFO - Starting configuration: T250_N0.5_D2_DF10
2026-10-09 04:56:23,141 - WARNING - GNN failed on rep 0: PyTorch not installed. Cannot use GNN method.
2026-10-09 04:56:24,262 - WARNING - GNN failed on rep 1: PyTorch not installed. Cannot use GNN method.
2026-10-09 04:56:25,338 - WARNING - GNN failed on rep 2: PyTorch not installed. Cannot use GNN method.
2026-10-09 04:56:26,464 - WARNING - GNN failed on rep 3: PyTorch not installed. Cannot use GNN method.
2026-10-09 04:56:27,573 - WARNING - GNN failed on rep 4: PyTorch not installed. Cannot use GNN method.
2026-10-09 04:56:28,736 - WARNING - GNN failed on rep 5: PyTorch not installed. Cannot use GNN method.
2026-10-09 04:56:30,505 - WARNING - GNN failed on rep 6: PyTorch not installed. Cannot use GNN method.
2026-10-09 04:56:31,582 - WARNING - GNN failed on rep 7: PyTorch not installed. Cannot use GNN method.
2026-10-09 04:56:32,715 - WARNING - GNN failed on rep 8: PyTorch not installed. Cannot use GNN method.
2026-10-09 04:56:33,804 - WARNING - GNN failed on rep 9: PyTorch not installed. Cannot use GNN method.
2026-10-09 04:56:34,904 - WARNING - GNN failed on rep 10: PyTorch not installed. Cannot use GNN method.
2026-10-09 04:56:35,977 - WARNING - GNN failed on rep 11: PyTorch not installed. Cannot use GNN method.
2026-10-09 04:56:37,080 - WARNING - GNN failed on rep 12: PyTorch not installed. Cannot use GNN method.
2026-10-09 04:56:38,183 - WARNING - GNN failed on rep 13: PyTorch not installed. Cannot use GNN method.
2026-10-09 04:56:39,334 - WARNING - GNN failed on rep 14: PyTorch not installed. Cannot use GNN method.
2026-10-09 04:56:40,453 - WARNING - GNN failed on rep 15: PyTorch not installed. Cannot use GNN method.
2026-10-09 04:56:41,613 - WARNING - GNN failed on rep 16: PyTorch not installed. Cannot use GNN method.
2026-10-09 04:56:42,713 - WARNING - GNN failed on rep 17: PyTorch not installed. Cannot use GNN method.
2026-10-09 04:56:43,847 - WARNING - GNN failed on rep 18: PyTorch not installed. Cannot use GNN method.
2026-10-09 04:56:44,938 - WARNING - GNN failed on rep 19: PyTorch not installed. Cannot use GNN method.
2026-10-09 04:56:46,042 - WARNING - GNN failed on rep 20: PyTorch not installed. Cannot use GNN method.
2026-10-09 04:56:47,140 - WARNING - GNN failed on rep 21: PyTorch not installed. Cannot use GNN method.
2026-10-09 04:56:48,365 - WARNING - GNN failed on rep 22: PyTorch not installed. Cannot use GNN method.
2026-10-09 04:56:49,491 - WARNING - GNN failed on rep 23: PyTorch not installed. Cannot use GNN method.
2026-10-09 04:56:50,653 - WARNING - GNN failed on rep 24: PyTorch not installed. Cannot use GNN method.
2026-10-09 04:56:51,764 - WARNING - GNN failed on rep 25: PyTorch not installed. Cannot use GNN method.
2026-10-09 04:56:52,907 - WARNING - GNN failed on rep 26: PyTorch not installed. Cannot use GNN method.
2026-10-09 04:56:54,015 - WARNING - GNN failed on rep 27: PyTorch not installed. Cannot use GNN method.
2026-10-09 04:56:55,104 - WARNING - GNN failed on rep 28: PyTorch not installed. Cannot use GNN method.
2026-10-09 04:56:56,206 - WARNING - GNN failed on rep 29: PyTorch not installed. Cannot use GNN method.
2026-10-09 04:56:57,347 - WARNING - GNN failed on rep 30: PyTorch not installed. Cannot use GNN method.
2026-10-09 04:56:58,430 - WARNING - GNN failed on rep 31: PyTorch not installed. Cannot use GNN method.
2026-10-09 04:56:59,520 - WARNING - GNN failed on rep 32: PyTorch not installed. Cannot use GNN method.
2026-10-09 04:57:00,657 - WARNING - GNN failed on rep 33: PyTorch not installed. Cannot use GNN method.
2026-10-09 04:57:01,754 - WARNING - GNN failed on rep 34: PyTorch not installed. Cannot use GNN method.
2026-10-09 04:57:02,873 - WARNING - GNN failed on rep 35: PyTorch not installed. Cannot use GNN method.
2026-10-09 04:57:03,962 - WARNING - GNN failed on rep 36: PyTorch not installed. Cannot use GNN method.
2026-10-09 04:57:05,049 - WARNING - GNN failed on rep 37: PyTorch not installed. Cannot use GNN method.
2026-10-09 04:57:06,164 - WARNING - GNN failed on rep 38: PyTorch not installed. Cannot use GNN method.
2026-10-09 04:57:07,384 - WARNING - GNN failed on rep 39: PyTorch not installed. Cannot use GNN method.
2026-10-09 04:57:08,449 - WARNING - GNN failed on rep 40: PyTorch not installed. Cannot use GNN method.
2026-10-09 04:57:09,590 - WARNING - GNN failed on rep 41: PyTorch not installed. Cannot use GNN method.
2026-10-09 04:57:10,720 - WARNING - GNN failed on rep 42: PyTorch not installed. Cannot use GNN method.
2026-10-09 04:57:11,823 - WARNING - GNN failed on rep 43: PyTorch not installed. Cannot use GNN method.
2026-10-09 04:57:12,931 - WARNING - GNN failed on rep 44: PyTorch not installed. Cannot use GNN method.
2026-10-09 04:57:14,068 - WARNING - GNN failed on rep 45: PyTorch not installed. Cannot use GNN method.
2026-10-09 04:57:15,227 - WARNING - GNN failed on rep 46: PyTorch not installed. Cannot use GNN method.
2026-10-09 04:57:16,326 - WARNING - GNN failed on rep 47: PyTorch not installed. Cannot use GNN method.
2026-10-09 04:57:17,609 - WARNING - GNN failed on rep 48: PyTorch not installed. Cannot use GNN method.
2026-10-09 04:57:18,753 - WARNING - GNN failed on rep 49: PyTorch not installed. Cannot use GNN method.
2026-10-09 04:57:19,876 - WARNING - GNN failed on rep 50: PyTorch not installed. Cannot use GNN method.
2026-10-09 04:57:20,983 - WARNING - GNN failed on rep 51: PyTorch not installed. Cannot use GNN method.
2026-10-09 04:57:22,091 - WARNING - GNN failed on rep 52: PyTorch not installed. Cannot use GNN method.
2026-10-09 04:57:23,190 - WARNING - GNN failed on rep 53: PyTorch not installed. Cannot use GNN method.
2026-10-09 04:57:24,304 - WARNING - GNN failed on rep 54: PyTorch not installed. Cannot use GNN method.
2026-10-09 04:57:25,439 - WARNING - GNN failed on rep 55: PyTorch not installed. Cannot use GNN method.
2026-10-09 04:57:26,643 - WARNING - GNN failed on rep 56: PyTorch not installed. Cannot use GNN method.
2026-10-09 04:57:27,811 - WARNING - GNN failed on rep 57: PyTorch not installed. Cannot use GNN method.
2026-10-09 04:57:28,932 - WARNING - GNN failed on rep 58: PyTorch not installed. Cannot use GNN method.
2026-10-09 04:57:30,568 - WARNING - GNN failed on rep 59: PyTorch not installed. Cannot use GNN method.
2026-10-09 04:57:31,714 - WARNING - GNN failed on rep 60: PyTorch not installed. Cannot use GNN method.
2026-10-09 04:57:32,826 - WARNING - GNN failed on rep 61: PyTorch not installed. Cannot use GNN method.
2026-10-09 04:57:34,677 - WARNING - GNN failed on rep 62: PyTorch not installed. Cannot use GNN method.
2026-10-09 04:57:36,915 - WARNING - GNN failed on rep 63: PyTorch not installed. Cannot use GNN method.
2026-10-09 04:57:39,315 - WARNING - GNN failed on rep 64: PyTorch not installed. Cannot use GNN method.
2026-10-09 04:57:41,434 - WARNING - GNN failed on rep 65: PyTorch not installed. Cannot use GNN method.
2026-10-09 04:57:44,042 - WARNING - GNN failed on rep 66: PyTorch not installed. Cannot use GNN method.
2026-10-09 04:57:46,210 - WARNING - GNN failed on rep 67: PyTorch not installed. Cannot use GNN method.
2026-10-09 04:57:48,867 - WARNING - GNN failed on rep 68: PyTorch not installed. Cannot use GNN method.
2026-10-09 04:57:50,508 - WARNING - GNN failed on rep 69: PyTorch not installed. Cannot use GNN method.
2026-10-09 04:57:52,881 - WARNING - GNN failed on rep 70: PyTorch not installed. Cannot use GNN method.
2026-10-09 04:57:55,228 - WARNING - GNN failed on rep 71: PyTorch not installed. Cannot use GNN method.
2026-10-09 04:57:56,681 - WARNING - GNN failed on rep 72: PyTorch not installed. Cannot use GNN method.
2026-10-09 04:57:57,816 - WARNING - GNN failed on rep 73: PyTorch not installed. Cannot use GNN method.
2026-10-09 04:57:59,094 - WARNING - GNN failed on rep 74: PyTorch not installed. Cannot use GNN method.
2026-10-09 04:58:00,229 - WARNING - GNN failed on rep 75: PyTorch not installed. Cannot use GNN method.
2026-10-09 04:58:01,348 - WARNING - GNN failed on rep 76: PyTorch not installed. Cannot use GNN method.
2026-10-09 04:58:02,535 - WARNING - GNN failed on rep 77: PyTorch not installed. Cannot use GNN method.
2026-10-09 04:58:03,685 - WARNING - GNN failed on rep 78: PyTorch not installed. Cannot use GNN method.
2026-10-09 04:58:04,824 - WARNING - GNN failed on rep 79: PyTorch not installed. Cannot use GNN method.
2026-10-09 04:58:05,946 - WARNING - GNN failed on rep 80: PyTorch not installed. Cannot use GNN method.
2026-10-09 04:58:07,077 - WARNING - GNN failed on rep 81: PyTorch not installed. Cannot use GNN method.
2026-10-09 04:58:08,221 - WARNING - GNN failed on rep 82: PyTorch not installed. Cannot use GNN method.
2026-10-09 04:58:09,377 - WARNING - GNN failed on rep 83: PyTorch not installed. Cannot use GNN method.
2026-10-09 04:58:10,569 - WARNING - GNN failed on rep 84: PyTorch not installed. Cannot use GNN method.
2026-10-09 04:58:11,845 - WARNING - GNN failed on rep 85: PyTorch not installed. Cannot use GNN method.
2026-10-09 04:58:13,066 - WARNING - GNN failed on rep 86: PyTorch not installed. Cannot use GNN method.
2026-10-09 04:58:14,223 - WARNING - GNN failed on rep 87: PyTorch not installed. Cannot use GNN method.
2026-10-09 04:58:15,344 - WARNING - GNN failed on rep 88: PyTorch not installed. Cannot use GNN method.
2026-10-09 04:58:16,458 - WARNING - GNN failed on rep 89: PyTorch not installed. Cannot use GNN method.
2026-10-09 04:58:17,752 - WARNING - GNN failed on rep 90: PyTorch not installed. Cannot use GNN method.
2026-10-09 04:58:18,865 - WARNING - GNN failed on rep 91: PyTorch not installed. Cannot use GNN method.
2026-10-09 04:58:19,982 - WARNING - GNN failed on rep 92: PyTorch not installed. Cannot use GNN method.
2026-10-09 04:58:21,104 - WARNING - GNN failed on rep 93: PyTorch not installed. Cannot use GNN method.
2026-10-09 04:58:22,221 - WARNING - GNN failed on rep 94: PyTorch not installed. Cannot use GNN method.
2026-10-09 04:58:23,327 - WARNING - GNN failed on rep 95: PyTorch not installed. Cannot use GNN method.
2026-10-09 04:58:24,471 - WARNING - GNN failed on rep 96: PyTorch not installed. Cannot use GNN method.
2026-10-09 04:58:25,562 - WARNING - GNN failed on rep 97: PyTorch not installed. Cannot use GNN method.
2026-10-09 04:58:26,681 - WARNING - GNN failed on rep 98: PyTorch not installed. Cannot use GNN method.
2026-10-09 04:58:27,849 - WARNING - GNN failed on rep 99: PyTorch not installed. Cannot use GNN method.
2026-10-09 04:58:27,858 - INFO - Completed: T250_N0.5_D2_DF10
2026-10-09 04:58:27,865 - INFO - Configuration 90/90
2026-10-09 04:58:27,866 - INFO - Starting configuration: T250_N0.5_D4_DF10
2026-10-09 04:58:30,049 - WARNING - GNN failed on rep 0: PyTorch not installed. Cannot use GNN method.
2026-10-09 04:58:31,175 - WARNING - GNN failed on rep 1: PyTorch not installed. Cannot use GNN method.
2026-10-09 04:58:32,276 - WARNING - GNN failed on rep 2: PyTorch not installed. Cannot use GNN method.
2026-10-09 04:58:33,429 - WARNING - GNN failed on rep 3: PyTorch not installed. Cannot use GNN method.
2026-10-09 04:58:34,544 - WARNING - GNN failed on rep 4: PyTorch not installed. Cannot use GNN method.
2026-10-09 04:58:35,691 - WARNING - GNN failed on rep 5: PyTorch not installed. Cannot use GNN method.
2026-10-09 04:58:36,933 - WARNING - GNN failed on rep 6: PyTorch not installed. Cannot use GNN method.
2026-10-09 04:58:38,059 - WARNING - GNN failed on rep 7: PyTorch not installed. Cannot use GNN method.
2026-10-09 04:58:39,190 - WARNING - GNN failed on rep 8: PyTorch not installed. Cannot use GNN method.
2026-10-09 04:58:40,293 - WARNING - GNN failed on rep 9: PyTorch not installed. Cannot use GNN method.
2026-10-09 04:58:41,410 - WARNING - GNN failed on rep 10: PyTorch not installed. Cannot use GNN method.
2026-10-09 04:58:42,534 - WARNING - GNN failed on rep 11: PyTorch not installed. Cannot use GNN method.
2026-10-09 04:58:43,646 - WARNING - GNN failed on rep 12: PyTorch not installed. Cannot use GNN method.
2026-10-09 04:58:44,749 - WARNING - GNN failed on rep 13: PyTorch not installed. Cannot use GNN method.
2026-10-09 04:58:45,855 - WARNING - GNN failed on rep 14: PyTorch not installed. Cannot use GNN method.
2026-10-09 04:58:46,966 - WARNING - GNN failed on rep 15: PyTorch not installed. Cannot use GNN method.
2026-10-09 04:58:48,125 - WARNING - GNN failed on rep 16: PyTorch not installed. Cannot use GNN method.
2026-10-09 04:58:49,254 - WARNING - GNN failed on rep 17: PyTorch not installed. Cannot use GNN method.
2026-10-09 04:58:50,375 - WARNING - GNN failed on rep 18: PyTorch not installed. Cannot use GNN method.
2026-10-09 04:58:51,473 - WARNING - GNN failed on rep 19: PyTorch not installed. Cannot use GNN method.
2026-10-09 04:58:52,585 - WARNING - GNN failed on rep 20: PyTorch not installed. Cannot use GNN method.
2026-10-09 04:58:53,667 - WARNING - GNN failed on rep 21: PyTorch not installed. Cannot use GNN method.
2026-10-09 04:58:54,783 - WARNING - GNN failed on rep 22: PyTorch not installed. Cannot use GNN method.
2026-10-09 04:58:55,884 - WARNING - GNN failed on rep 23: PyTorch not installed. Cannot use GNN method.
2026-10-09 04:58:57,080 - WARNING - GNN failed on rep 24: PyTorch not installed. Cannot use GNN method.
2026-10-09 04:58:58,152 - WARNING - GNN failed on rep 25: PyTorch not installed. Cannot use GNN method.
2026-10-09 04:58:59,251 - WARNING - GNN failed on rep 26: PyTorch not installed. Cannot use GNN method.
2026-10-09 04:59:00,352 - WARNING - GNN failed on rep 27: PyTorch not installed. Cannot use GNN method.
2026-10-09 04:59:01,430 - WARNING - GNN failed on rep 28: PyTorch not installed. Cannot use GNN method.
2026-10-09 04:59:02,528 - WARNING - GNN failed on rep 29: PyTorch not installed. Cannot use GNN method.
2026-10-09 04:59:03,635 - WARNING - GNN failed on rep 30: PyTorch not installed. Cannot use GNN method.
2026-10-09 04:59:04,718 - WARNING - GNN failed on rep 31: PyTorch not installed. Cannot use GNN method.
2026-10-09 04:59:05,815 - WARNING - GNN failed on rep 32: PyTorch not installed. Cannot use GNN method.
2026-10-09 04:59:06,918 - WARNING - GNN failed on rep 33: PyTorch not installed. Cannot use GNN method.
2026-10-09 04:59:07,983 - WARNING - GNN failed on rep 34: PyTorch not installed. Cannot use GNN method.
2026-10-09 04:59:09,090 - WARNING - GNN failed on rep 35: PyTorch not installed. Cannot use GNN method.
2026-10-09 04:59:10,179 - WARNING - GNN failed on rep 36: PyTorch not installed. Cannot use GNN method.
2026-10-09 04:59:11,286 - WARNING - GNN failed on rep 37: PyTorch not installed. Cannot use GNN method.
2026-10-09 04:59:12,386 - WARNING - GNN failed on rep 38: PyTorch not installed. Cannot use GNN method.
2026-10-09 04:59:13,498 - WARNING - GNN failed on rep 39: PyTorch not installed. Cannot use GNN method.
2026-10-09 04:59:14,628 - WARNING - GNN failed on rep 40: PyTorch not installed. Cannot use GNN method.
2026-10-09 04:59:15,723 - WARNING - GNN failed on rep 41: PyTorch not installed. Cannot use GNN method.
2026-10-09 04:59:16,922 - WARNING - GNN failed on rep 42: PyTorch not installed. Cannot use GNN method.
2026-10-09 04:59:18,024 - WARNING - GNN failed on rep 43: PyTorch not installed. Cannot use GNN method.
2026-10-09 04:59:19,109 - WARNING - GNN failed on rep 44: PyTorch not installed. Cannot use GNN method.
2026-10-09 04:59:20,364 - WARNING - GNN failed on rep 45: PyTorch not installed. Cannot use GNN method.
2026-10-09 04:59:21,466 - WARNING - GNN failed on rep 46: PyTorch not installed. Cannot use GNN method.
2026-10-09 04:59:22,557 - WARNING - GNN failed on rep 47: PyTorch not installed. Cannot use GNN method.
2026-10-09 04:59:23,668 - WARNING - GNN failed on rep 48: PyTorch not installed. Cannot use GNN method.
2026-10-09 04:59:24,770 - WARNING - GNN failed on rep 49: PyTorch not installed. Cannot use GNN method.
2026-10-09 04:59:25,859 - WARNING - GNN failed on rep 50: PyTorch not installed. Cannot use GNN method.
2026-10-09 04:59:26,960 - WARNING - GNN failed on rep 51: PyTorch not installed. Cannot use GNN method.
2026-10-09 04:59:28,045 - WARNING - GNN failed on rep 52: PyTorch not installed. Cannot use GNN method.
2026-10-09 04:59:29,291 - WARNING - GNN failed on rep 53: PyTorch not installed. Cannot use GNN method.
2026-10-09 04:59:30,706 - WARNING - GNN failed on rep 54: PyTorch not installed. Cannot use GNN method.
2026-10-09 04:59:31,791 - WARNING - GNN failed on rep 55: PyTorch not installed. Cannot use GNN method.
2026-10-09 04:59:32,872 - WARNING - GNN failed on rep 56: PyTorch not installed. Cannot use GNN method.
2026-10-09 04:59:33,937 - WARNING - GNN failed on rep 57: PyTorch not installed. Cannot use GNN method.
2026-10-09 04:59:35,031 - WARNING - GNN failed on rep 58: PyTorch not installed. Cannot use GNN method.
2026-10-09 04:59:36,244 - WARNING - GNN failed on rep 59: PyTorch not installed. Cannot use GNN method.
2026-10-09 04:59:37,320 - WARNING - GNN failed on rep 60: PyTorch not installed. Cannot use GNN method.
2026-10-09 04:59:38,403 - WARNING - GNN failed on rep 61: PyTorch not installed. Cannot use GNN method.
2026-10-09 04:59:39,502 - WARNING - GNN failed on rep 62: PyTorch not installed. Cannot use GNN method.
2026-10-09 04:59:40,607 - WARNING - GNN failed on rep 63: PyTorch not installed. Cannot use GNN method.
2026-10-09 04:59:41,702 - WARNING - GNN failed on rep 64: PyTorch not installed. Cannot use GNN method.
2026-10-09 04:59:42,845 - WARNING - GNN failed on rep 65: PyTorch not installed. Cannot use GNN method.
2026-10-09 04:59:43,972 - WARNING - GNN failed on rep 66: PyTorch not installed. Cannot use GNN method.
2026-10-09 04:59:45,080 - WARNING - GNN failed on rep 67: PyTorch not installed. Cannot use GNN method.
2026-10-09 04:59:46,179 - WARNING - GNN failed on rep 68: PyTorch not installed. Cannot use GNN method.
2026-10-09 04:59:47,267 - WARNING - GNN failed on rep 69: PyTorch not installed. Cannot use GNN method.
2026-10-09 04:59:48,369 - WARNING - GNN failed on rep 70: PyTorch not installed. Cannot use GNN method.
2026-10-09 04:59:49,457 - WARNING - GNN failed on rep 71: PyTorch not installed. Cannot use GNN method.
2026-10-09 04:59:50,571 - WARNING - GNN failed on rep 72: PyTorch not installed. Cannot use GNN method.
2026-10-09 04:59:51,674 - WARNING - GNN failed on rep 73: PyTorch not installed. Cannot use GNN method.
2026-10-09 04:59:52,772 - WARNING - GNN failed on rep 74: PyTorch not installed. Cannot use GNN method.
2026-10-09 04:59:53,865 - WARNING - GNN failed on rep 75: PyTorch not installed. Cannot use GNN method.
2026-10-09 04:59:54,963 - WARNING - GNN failed on rep 76: PyTorch not installed. Cannot use GNN method.
2026-10-09 04:59:56,192 - WARNING - GNN failed on rep 77: PyTorch not installed. Cannot use GNN method.
2026-10-09 04:59:57,282 - WARNING - GNN failed on rep 78: PyTorch not installed. Cannot use GNN method.
2026-10-09 04:59:58,377 - WARNING - GNN failed on rep 79: PyTorch not installed. Cannot use GNN method.
2026-10-09 04:59:59,484 - WARNING - GNN failed on rep 80: PyTorch not installed. Cannot use GNN method.
2026-10-09 05:00:00,612 - WARNING - GNN failed on rep 81: PyTorch not installed. Cannot use GNN method.
2026-10-09 05:00:01,701 - WARNING - GNN failed on rep 82: PyTorch not installed. Cannot use GNN method.
2026-10-09 05:00:02,782 - WARNING - GNN failed on rep 83: PyTorch not installed. Cannot use GNN method.
2026-10-09 05:00:03,874 - WARNING - GNN failed on rep 84: PyTorch not installed. Cannot use GNN method.
2026-10-09 05:00:04,976 - WARNING - GNN failed on rep 85: PyTorch not installed. Cannot use GNN method.
2026-10-09 05:00:06,059 - WARNING - GNN failed on rep 86: PyTorch not installed. Cannot use GNN method.
2026-10-09 05:00:07,138 - WARNING - GNN failed on rep 87: PyTorch not installed. Cannot use GNN method.
2026-10-09 05:00:08,235 - WARNING - GNN failed on rep 88: PyTorch not installed. Cannot use GNN method.
2026-10-09 05:00:09,325 - WARNING - GNN failed on rep 89: PyTorch not installed. Cannot use GNN method.
2026-10-09 05:00:10,456 - WARNING - GNN failed on rep 90: PyTorch not installed. Cannot use GNN method.
2026-10-09 05:00:11,606 - WARNING - GNN failed on rep 91: PyTorch not installed. Cannot use GNN method.
2026-10-09 05:00:12,724 - WARNING - GNN failed on rep 92: PyTorch not installed. Cannot use GNN method.
2026-10-09 05:00:13,940 - WARNING - GNN failed on rep 93: PyTorch not installed. Cannot use GNN method.
2026-10-09 05:00:15,028 - WARNING - GNN failed on rep 94: PyTorch not installed. Cannot use GNN method.
2026-10-09 05:00:16,246 - WARNING - GNN failed on rep 95: PyTorch not installed. Cannot use GNN method.
2026-10-09 05:00:17,408 - WARNING - GNN failed on rep 96: PyTorch not installed. Cannot use GNN method.
2026-10-09 05:00:18,491 - WARNING - GNN failed on rep 97: PyTorch not installed. Cannot use GNN method.
2026-10-09 05:00:19,697 - WARNING - GNN failed on rep 98: PyTorch not installed. Cannot use GNN method.
2026-10-09 05:00:20,792 - WARNING - GNN failed on rep 99: PyTorch not installed. Cannot use GNN method.
2026-10-09 05:00:20,800 - INFO - Completed: T250_N0.5_D4_DF10
2026-10-09 05:00:20,813 - INFO - Full study completed
2026-10-09 05:00:21,445 - INFO - Results saved to ./results\benchmark_results.json
2026-10-09 05:00:21,623 - INFO - Summary table saved to ./results\benchmark_summary.csv
